Workbook

Sheet Exclusive
E1: =F1-#REF!+1 -> #REF! | F1: =TODAY()-1 -> 46309 | J1: =SUBTOTAL(9,J3:J302) -> 166 | K1: =SUBTOTAL(9,K3:K302) -> 160.6 | L1: =SUBTOTAL(9,L3:L302) -> 234.9 | M1: =SUBTOTAL(9,M3:M302) -> 160
A2: REGION | B2: AREA | C2: CODE | D2: SAP | E2: DEALERS NAME | F2: DOA | G2: EXCLUSIVE DEALER | H2: ZERO | I2: EXCLUSIVE DEALER | J2: OCT | K2: Nov | L2: Dec | M2: Jan
A3: NE 1 | B3: NAGAON | C3: S078 | D3: 1000000673 | E3: SREE BHANDER (SP FIRM) | F3: 38490 | G3: EXCLUSIVE DEALER | H3: 0 | I3: =IF(G3>0,1,0) -> 1 | J3: 1220 | K3: 1557.5 | L3: 1727.5 | M3: 2210
A4: NE 1 | B4: NAGAON | C4: R096 | D4: 1000000665 | E4: RAFIK HARDWARE | F4: 40672 | G4: EXCLUSIVE DEALER | H4: 0 | I4: =IF(G4>0,1,0) -> 1 | J4: 365 | K4: 300 | L4: 222 | M4: 340
A5: NE 1 | B5: NAGAON | C5: NEA028 | D5: 1000000633 | E5: A. HAQUE HARDWARE | F5: 42048 | G5: EXCLUSIVE DEALER | H5: 0 | I5: =IF(G5>0,1,0) -> 1 | J5: 60 | K5: 115 | L5: 115 | M5: 163
A6: NE 1 | B6: NAGAON | C6: NES132 | D6: 1000000672 | E6: SHARMA HARDWARE (NAGAON) | F6: 42448 | G6: EXCLUSIVE DEALER | H6: 0 | I6: =IF(G6>0,1,0) -> 1 | J6: 20 | K6: 20 | L6: 20 | M6: 30
A7: NE 1 | B7: NAGAON | C7: NEH035 | D7: 1000000647 | E7: HARIOM HARDWARE (DHING) | F7: 42842 | G7: EXCLUSIVE DEALER | H7: 0 | I7: =IF(G7>0,1,0) -> 1 | J7: 88.5 | K7: 121 | L7: 139 | M7: 139
A8: NE 1 | B8: NAGAON | C8: NES190 | D8: 1000000667 | E8: S K TRADING CO. (LUMDING) | F8: 42849 | G8: EXCLUSIVE DEALER | H8: 0 | I8: =IF(G8>0,1,0) -> 1 | J8: 145 | K8: 189.5 | L8: 132 | M8: 140
A9: NE 1 | B9: NAGAON | C9: NEH047 | D9: 1000000646 | E9: HANUMAN BHANDAR (BOKOLIA) | F9: 43132 | G9: EXCLUSIVE DEALER | H9: 0 | I9: =IF(G9>0,1,0) -> 1 | J9: 420 | K9: 200 | L9: 360 | M9: 210
A10: NE 1 | B10: NAGAON | C10: NES262 | D10: 1000000670 | E10: SANDHYA HARDWARE (JAMUNAMUKH) | F10: 43154 | G10: EXCLUSIVE DEALER | H10: 0 | I10: =IF(G10>0,1,0) -> 1 | J10: 410 | K10: 490 | L10: 460 | M10: 560
A11: NE 1 | B11: NAGAON | C11: NEM194 | D11: 1000000659 | E11: MUSTAKIM HARDWARE | F11: 43258 | G11: EXCLUSIVE DEALER | H11: 0 | I11: =IF(G11>0,1,0) -> 1 | J11: 76 | K11: 64.5 | L11: 62.5 | M11: 65
A12: NE 1 | B12: NAGAON | C12: NEA209 | D12: 1000000637 | E12: AYUSH HARDWARE | F12: 43294 | G12: EXCLUSIVE DEALER | H12: 0 | I12: =IF(G12>0,1,0) -> 1 | J12: 60 | K12: 80 | L12: 100 | M12: 90
A13: NE 1 | B13: NAGAON | C13: NEM230 | D13: 1000000658 | E13: MI HARDWARE & CEMENT | F13: 43495 | G13: EXCLUSIVE DEALER | H13: 0 | I13: =IF(G13>0,1,0) -> 1 | J13: 480 | K13: 840 | L13: 870 | M13: 490
A14: NE 1 | B14: NAGAON | C14: NEM242 | D14: 1000001037 | E14: MAA TRADERS (BOKAJAN) | F14: 43623 | G14: EXCLUSIVE DEALER | H14: 0 | I14: =IF(G14>0,1,0) -> 1 | J14: 2040 | K14: 2960 | L14: 2535 | M14: 2920
... A299: NE 1 | B299: N C Hills | C299: NEN234 | D299: 1000004155 | E299: NATH VARIETY STORE | F299: 45588 | G299: EXCLUSIVE DEALER | H299: 0 | I299: =IF(G299>0,1,0) -> 1 | J299: 50 | K299: 145 | L299: 92 | M299: 88
A300: NE 1 | B300: MANIPUR | C300: H132 | D300: 1000000568 | E300: HOLISTIC ENTERPRISES | F300: 44738 | G300: EXCLUSIVE DEALER | H300: 1 | J300: 0 | K300: 37 | L300: 172 | M300: 105
A301: NE 1 | B301: MANIPUR | C301: G141 | D301: 1000000566 | E301: GOPAL ENTERPRISES | F301: 41737 | G301: EXCLUSIVE DEALER | H301: 1 | J301: 0 | K301: 0 | L301: 0 | M301: 152
A302: NE 1 | B302: MANIPUR | C302: T053 | D302: 1000000580 | E302: THANGJING HARDWARE | F302: 44738 | G302: EXCLUSIVE DEALER | H302: 0 | J302: 0 | K302: 0 | L302: 0 | M302: 55

Sheet SUMMARY-M
B1: DEALER PERFORMANCE SUMMARY (Dec'25)
B2: 46021 | G2: <=15% mark red | I2: >=50% mark red | K2: >=50% mark red | P2: >=50% mark red | Q2: =B2-1 -> 46020
B3: AREA | C3: ASM | D3: RSM | E3: TOTAL SALE | F3: PREMIUM SALE | G3: PREMIUM % | H3: DEGROWTH DEALER (Nov'25 VS Oct'25) (NOS) | I3: % of DEGROWING DEALERS (Nov'25 VS Oct'24) | J3: DEGROWTH DEALER (Nov'25 VS Nov'24) (NOS) | K3: % of DEGROWING DEALERS (Nov'25 VS Nov''24) | L3: TOTAL DEALER (NOS) | M3: EXCLUSIVE DEALERS (NOS) | N3: Targeted Dealer Nos (Nov-25) | O3: ZERO LIFTERS (NOS) | P3: % of ZERO LIFTERS | Q3: ZERO LIFTERS (NOS) | R3: ZERO LIFTERS Increase/ Decrease (NOS) | S3: Zero lifters in Nov'25 & <30 MT lifted in Oct'25 | T3: Zero lifters in Nov'25 & >=30 MT lifted in Oct'25
B4: NAGAON | C4: SANJEEV BARMAN | D4: VIKASH KUMAR | G4: =IFERROR(F4/E4,0) -> 0 | H4: =COUNTIFS(DLRWISE!S:S,"DEGROWTH",DLRWISE!B:B,'SUMMARY-M'!B4) -> 10 | I4: =H4/$L4 -> 0.27777778 | J4: =COUNTIFS(DLRWISE!Y:Y,"DEGROWTH",DLRWISE!B:B,'SUMMARY-M'!B4) -> 16 | K4: =J4/$L4 -> 0.44444444 | L4: =COUNTIFS(DLRWISE!B:B,'SUMMARY-M'!B4) -> 36 | M4: =COUNTIFS(DLRWISE!B:B,'SUMMARY-M'!B4,DLRWISE!H:H,DLRWISE!$H$2) -> 0 | N4: =COUNTIFS(DLRWISE!G:G,DLRWISE!$G$2,DLRWISE!B:B,'SUMMARY-M'!B4) -> 31 | O4: =COUNTIFS(DLRWISE!B:B,'SUMMARY-M'!B4,DLRWISE!K:K,"<="&0) -> 7 | P4: =O4/L4 -> 0.19444444 | Q4: =SUMIF(DLRWISE!B:B,'SUMMARY-M'!B4,DLRWISE!Z:Z) -> 3 | R4: =O4-Q4 -> 4 | S4: =COUNTIFS(DLRWISE!B:B,'SUMMARY-M'!B4,DLRWISE!K:K,0,DLRWISE!N:N,"<"&30) -> 7 | T4: =O4-S4 -> 0
B5: HOJAI | C5: SANJEEV BARMAN | D5: VIKASH KUMAR | G5: =IFERROR(F5/E5,0) -> 0 | H5: =COUNTIFS(DLRWISE!S:S,"DEGROWTH",DLRWISE!B:B,'SUMMARY-M'!B5) -> 14 | I5: =H5/$L5 -> 0.42424242 | J5: =COUNTIFS(DLRWISE!Y:Y,"DEGROWTH",DLRWISE!B:B,'SUMMARY-M'!B5) -> 16 | K5: =J5/$L5 -> 0.48484848 | L5: =COUNTIFS(DLRWISE!B:B,'SUMMARY-M'!B5) -> 33 | M5: =COUNTIFS(DLRWISE!B:B,'SUMMARY-M'!B5,DLRWISE!H:H,DLRWISE!$H$2) -> 0 | N5: =COUNTIFS(DLRWISE!G:G,DLRWISE!$G$2,DLRWISE!B:B,'SUMMARY-M'!B5) -> 33 | O5: =COUNTIFS(DLRWISE!B:B,'SUMMARY-M'!B5,DLRWISE!K:K,"<="&0) -> 2 | P5: =O5/L5 -> 0.060606061 | Q5: =SUMIF(DLRWISE!B:B,'SUMMARY-M'!B5,DLRWISE!Z:Z) -> 0 | R5: =O5-Q5 -> 2 | S5: =COUNTIFS(DLRWISE!B:B,'SUMMARY-M'!B5,DLRWISE!K:K,0,DLRWISE!N:N,"<"&30) -> 2 | T5: =O5-S5 -> 0
B6: KARBIANGLONG | C6: SANJEEV BARMAN | D6: VIKASH KUMAR | G6: =IFERROR(F6/E6,0) -> 0 | H6: =COUNTIFS(DLRWISE!S:S,"DEGROWTH",DLRWISE!B:B,'SUMMARY-M'!B6) -> 9 | I6: =H6/$L6 -> 0.47368421 | J6: =COUNTIFS(DLRWISE!Y:Y,"DEGROWTH",DLRWISE!B:B,'SUMMARY-M'!B6) -> 10 | K6: =J6/$L6 -> 0.52631579 | L6: =COUNTIFS(DLRWISE!B:B,'SUMMARY-M'!B6) -> 19 | M6: =COUNTIFS(DLRWISE!B:B,'SUMMARY-M'!B6,DLRWISE!H:H,DLRWISE!$H$2) -> 0 | N6: =COUNTIFS(DLRWISE!G:G,DLRWISE!$G$2,DLRWISE!B:B,'SUMMARY-M'!B6) -> 18 | O6: =COUNTIFS(DLRWISE!B:B,'SUMMARY-M'!B6,DLRWISE!K:K,"<="&0) -> 1 | P6: =O6/L6 -> 0.052631579 | Q6: =SUMIF(DLRWISE!B:B,'SUMMARY-M'!B6,DLRWISE!Z:Z) -> 0 | R6: =O6-Q6 -> 1 | S6: =COUNTIFS(DLRWISE!B:B,'SUMMARY-M'!B6,DLRWISE!K:K,0,DLRWISE!N:N,"<"&30) -> 1 | T6: =O6-S6 -> 0
B7: N C HILLS | C7: SANJEEV BARMAN | D7: VIKASH KUMAR | G7: =IFERROR(F7/E7,0) -> 0 | H7: =COUNTIFS(DLRWISE!S:S,"DEGROWTH",DLRWISE!B:B,'SUMMARY-M'!B7) -> 8 | I7: =H7/L7 -> 0.53333333 | J7: =COUNTIFS(DLRWISE!Y:Y,"DEGROWTH",DLRWISE!B:B,'SUMMARY-M'!B7) -> 6 | K7: =J7/$L7 -> 0.4 | L7: =COUNTIFS(DLRWISE!B:B,'SUMMARY-M'!B7) -> 15 | M7: =COUNTIFS(DLRWISE!B:B,'SUMMARY-M'!B7,DLRWISE!H:H,DLRWISE!$H$2) -> 0 | N7: =COUNTIFS(DLRWISE!G:G,DLRWISE!$G$2,DLRWISE!B:B,'SUMMARY-M'!B7) -> 15 | O7: =COUNTIFS(DLRWISE!B:B,'SUMMARY-M'!B7,DLRWISE!K:K,"<="&0) -> 1 | P7: =O7/L7 -> 0.066666667 | Q7: =SUMIF(DLRWISE!B:B,'SUMMARY-M'!B7,DLRWISE!Z:Z) -> 1 | R7: =O7-Q7 -> 0 | S7: =COUNTIFS(DLRWISE!B:B,'SUMMARY-M'!B7,DLRWISE!K:K,0,DLRWISE!N:N,"<"&30) -> 1 | T7: =O7-S7 -> 0
B8: TEZPUR | C8: PRAKASH GHIMRE | D8: VIKASH KUMAR | G8: =IFERROR(F8/E8,0) -> 0 | H8: =COUNTIFS(DLRWISE!S:S,"DEGROWTH",DLRWISE!B:B,'SUMMARY-M'!B8) -> 11 | I8: =H8/L8 -> 0.32352941 | J8: =COUNTIFS(DLRWISE!Y:Y,"DEGROWTH",DLRWISE!B:B,'SUMMARY-M'!B8) -> 12 | K8: =J8/$L8 -> 0.35294118 | L8: =COUNTIFS(DLRWISE!B:B,'SUMMARY-M'!B8) -> 34 | M8: =COUNTIFS(DLRWISE!B:B,'SUMMARY-M'!B8,DLRWISE!H:H,DLRWISE!$H$2) -> 0 | N8: =COUNTIFS(DLRWISE!G:G,DLRWISE!$G$2,DLRWISE!B:B,'SUMMARY-M'!B8) -> 34 | O8: =COUNTIFS(DLRWISE!B:B,'SUMMARY-M'!B8,DLRWISE!K:K,"<="&0) -> 1 | P8: =O8/L8 -> 0.029411765 | Q8: =SUMIF(DLRWISE!B:B,'SUMMARY-M'!B8,DLRWISE!Z:Z) -> 3 | R8: =O8-Q8 -> -2 | S8: =COUNTIFS(DLRWISE!B:B,'SUMMARY-M'!B8,DLRWISE!K:K,0,DLRWISE!N:N,"<"&30) -> 0 | T8: =O8-S8 -> 1
B9: BISWANATH | C9: PRAKASH GHIMRE | D9: VIKASH KUMAR | G9: =IFERROR(F9/E9,0) -> 0 | H9: =COUNTIFS(DLRWISE!S:S,"DEGROWTH",DLRWISE!B:B,'SUMMARY-M'!B9) -> 7 | I9: =H9/L9 -> 0.36842105 | J9: =COUNTIFS(DLRWISE!Y:Y,"DEGROWTH",DLRWISE!B:B,'SUMMARY-M'!B9) -> 10 | K9: =J9/$L9 -> 0.52631579 | L9: =COUNTIFS(DLRWISE!B:B,'SUMMARY-M'!B9) -> 19 | M9: =COUNTIFS(DLRWISE!B:B,'SUMMARY-M'!B9,DLRWISE!H:H,DLRWISE!$H$2) -> 0 | N9: =COUNTIFS(DLRWISE!G:G,DLRWISE!$G$2,DLRWISE!B:B,'SUMMARY-M'!B9) -> 19 | O9: =COUNTIFS(DLRWISE!B:B,'SUMMARY-M'!B9,DLRWISE!K:K,"<="&0) -> 0 | P9: =O9/L9 -> 0 | Q9: =SUMIF(DLRWISE!B:B,'SUMMARY-M'!B9,DLRWISE!Z:Z) -> 1 | R9: =O9-Q9 -> -1 | S9: =COUNTIFS(DLRWISE!B:B,'SUMMARY-M'!B9,DLRWISE!K:K,0,DLRWISE!N:N,"<"&30) -> 0 | T9: =O9-S9 -> 0
B10: LAKHIMPUR | C10: VACANT ASM NLP | D10: VIKASH KUMAR | G10: =IFERROR(F10/E10,0) -> 0 | H10: =COUNTIFS(DLRWISE!S:S,"DEGROWTH",DLRWISE!B:B,'SUMMARY-M'!B10) -> 15 | I10: =H10/L10 -> 0.44117647 | J10: =COUNTIFS(DLRWISE!Y:Y,"DEGROWTH",DLRWISE!B:B,'SUMMARY-M'!B10) -> 14 | K10: =J10/$L10 -> 0.41176471 | L10: =COUNTIFS(DLRWISE!B:B,'SUMMARY-M'!B10) -> 34 | M10: =COUNTIFS(DLRWISE!B:B,'SUMMARY-M'!B10,DLRWISE!H:H,DLRWISE!$H$2) -> 0 | N10: =COUNTIFS(DLRWISE!G:G,DLRWISE!$G$2,DLRWISE!B:B,'SUMMARY-M'!B10) -> 33 | O10: =COUNTIFS(DLRWISE!B:B,'SUMMARY-M'!B10,DLRWISE!K:K,"<="&0) -> 7 | P10: =O10/L10 -> 0.20588235 | Q10: =SUMIF(DLRWISE!B:B,'SUMMARY-M'!B10,DLRWISE!Z:Z) -> 8 | R10: =O10-Q10 -> -1 | S10: =COUNTIFS(DLRWISE!B:B,'SUMMARY-M'!B10,DLRWISE!K:K,0,DLRWISE!N:N,"<"&30) -> 5 | T10: =O10-S10 -> 2
B11: DHEMAJI | C11: VACANT ASM DHEMAJI | D11: VIKASH KUMAR | G11: =IFERROR(F11/E11,0) -> 0 | H11: =COUNTIFS(DLRWISE!S:S,"DEGROWTH",DLRWISE!B:B,'SUMMARY-M'!B11) -> 10 | I11: =H11/L11 -> 0.33333333 | J11: =COUNTIFS(DLRWISE!Y:Y,"DEGROWTH",DLRWISE!B:B,'SUMMARY-M'!B11) -> 13 | K11: =J11/$L11 -> 0.43333333 | L11: =COUNTIFS(DLRWISE!B:B,'SUMMARY-M'!B11) -> 30 | M11: =COUNTIFS(DLRWISE!B:B,'SUMMARY-M'!B11,DLRWISE!H:H,DLRWISE!$H$2) -> 0 | N11: =COUNTIFS(DLRWISE!G:G,DLRWISE!$G$2,DLRWISE!B:B,'SUMMARY-M'!B11) -> 28 | O11: =COUNTIFS(DLRWISE!B:B,'SUMMARY-M'!B11,DLRWISE!K:K,"<="&0) -> 5 | P11: =O11/L11 -> 0.16666667 | Q11: =SUMIF(DLRWISE!B:B,'SUMMARY-M'!B11,DLRWISE!Z:Z) -> 2 | R11: =O11-Q11 -> 3 | S11: =COUNTIFS(DLRWISE!B:B,'SUMMARY-M'!B11,DLRWISE!K:K,0,DLRWISE!N:N,"<"&30) -> 3 | T11: =O11-S11 -> 2
B12: AP- BANDERDEWA | C12: SATYAJIT SAHA | D12: VIKASH KUMAR | G12: =IFERROR(F12/E12,0) -> 0 | H12: =COUNTIFS(DLRWISE!S:S,"DEGROWTH",DLRWISE!B:B,'SUMMARY-M'!B12) -> 14 | I12: =H12/L12 -> 0.46666667 | J12: =COUNTIFS(DLRWISE!Y:Y,"DEGROWTH",DLRWISE!B:B,'SUMMARY-M'!B12) -> 15 | K12: =J12/$L12 -> 0.5 | L12: =COUNTIFS(DLRWISE!B:B,'SUMMARY-M'!B12) -> 30 | M12: =COUNTIFS(DLRWISE!B:B,'SUMMARY-M'!B12,DLRWISE!H:H,DLRWISE!$H$2) -> 0 | N12: =COUNTIFS(DLRWISE!G:G,DLRWISE!$G$2,DLRWISE!B:B,'SUMMARY-M'!B12) -> 28 | O12: =COUNTIFS(DLRWISE!B:B,'SUMMARY-M'!B12,DLRWISE!K:K,"<="&0) -> 7 | P12: =O12/L12 -> 0.23333333 | Q12: =SUMIF(DLRWISE!B:B,'SUMMARY-M'!B12,DLRWISE!Z:Z) -> 2 | R12: =O12-Q12 -> 5 | S12: =COUNTIFS(DLRWISE!B:B,'SUMMARY-M'!B12,DLRWISE!K:K,0,DLRWISE!N:N,"<"&30) -> 6 | T12: =O12-S12 -> 1
B13: AP- LEKHABALI | C13: SATYAJIT SAHA | D13: VIKASH KUMAR | G13: =IFERROR(F13/E13,0) -> 0 | H13: =COUNTIFS(DLRWISE!S:S,"DEGROWTH",DLRWISE!B:B,'SUMMARY-M'!B13) -> 19 | I13: =H13/L13 -> 0.45238095 | J13: =COUNTIFS(DLRWISE!Y:Y,"DEGROWTH",DLRWISE!B:B,'SUMMARY-M'!B13) -> 16 | K13: =J13/$L13 -> 0.38095238 | L13: =COUNTIFS(DLRWISE!B:B,'SUMMARY-M'!B13) -> 42 | M13: =COUNTIFS(DLRWISE!B:B,'SUMMARY-M'!B13,DLRWISE!H:H,DLRWISE!$H$2) -> 0 | N13: =COUNTIFS(DLRWISE!G:G,DLRWISE!$G$2,DLRWISE!B:B,'SUMMARY-M'!B13) -> 36 | O13: =COUNTIFS(DLRWISE!B:B,'SUMMARY-M'!B13,DLRWISE!K:K,"<="&0) -> 8 | P13: =O13/L13 -> 0.19047619 | Q13: =SUMIF(DLRWISE!B:B,'SUMMARY-M'!B13,DLRWISE!Z:Z) -> 1 | R13: =O13-Q13 -> 7 | S13: =COUNTIFS(DLRWISE!B:B,'SUMMARY-M'!B13,DLRWISE!K:K,0,DLRWISE!N:N,"<"&30) -> 7 | T13: =O13-S13 -> 1
B14: JORHAT | C14: NIRANJAN MANDAL | D14: SUBHASISH BHOWMIK | G14: =IFERROR(F14/E14,0) -> 0 | H14: =COUNTIFS(DLRWISE!S:S,"DEGROWTH",DLRWISE!B:B,'SUMMARY-M'!B14) -> 17 | I14: =H14/L14 -> 0.44736842 | J14: =COUNTIFS(DLRWISE!Y:Y,"DEGROWTH",DLRWISE!B:B,'SUMMARY-M'!B14) -> 14 | K14: =J14/$L14 -> 0.36842105 | L14: =COUNTIFS(DLRWISE!B:B,'SUMMARY-M'!B14) -> 38 | M14: =COUNTIFS(DLRWISE!B:B,'SUMMARY-M'!B14,DLRWISE!H:H,DLRWISE!$H$2) -> 0 | N14: =COUNTIFS(DLRWISE!G:G,DLRWISE!$G$2,DLRWISE!B:B,'SUMMARY-M'!B14) -> 34 | O14: =COUNTIFS(DLRWISE!B:B,'SUMMARY-M'!B14,DLRWISE!K:K,"<="&0) -> 7 | P14: =O14/L14 -> 0.18421053 | Q14: =SUMIF(DLRWISE!B:B,'SUMMARY-M'!B14,DLRWISE!Z:Z) -> 4 | R14: =O14-Q14 -> 3 | S14: =COUNTIFS(DLRWISE!B:B,'SUMMARY-M'!B14,DLRWISE!K:K,0,DLRWISE!N:N,"<"&30) -> 4 | T14: =O14-S14 -> 3
B15: GOLAGHAT | C15: NIRANJAN MANDAL | D15: SUBHASISH BHOWMIK | G15: =IFERROR(F15/E15,0) -> 0 | H15: =COUNTIFS(DLRWISE!S:S,"DEGROWTH",DLRWISE!B:B,'SUMMARY-M'!B15) -> 7 | I15: =H15/L15 -> 0.28 | J15: =COUNTIFS(DLRWISE!Y:Y,"DEGROWTH",DLRWISE!B:B,'SUMMARY-M'!B15) -> 10 | K15: =J15/$L15 -> 0.4 | L15: =COUNTIFS(DLRWISE!B:B,'SUMMARY-M'!B15) -> 25 | M15: =COUNTIFS(DLRWISE!B:B,'SUMMARY-M'!B15,DLRWISE!H:H,DLRWISE!$H$2) -> 0 | N15: =COUNTIFS(DLRWISE!G:G,DLRWISE!$G$2,DLRWISE!B:B,'SUMMARY-M'!B15) -> 23 | O15: =COUNTIFS(DLRWISE!B:B,'SUMMARY-M'!B15,DLRWISE!K:K,"<="&0) -> 7 | P15: =O15/L15 -> 0.28 | Q15: =SUMIF(DLRWISE!B:B,'SUMMARY-M'!B15,DLRWISE!Z:Z) -> 6 | R15: =O15-Q15 -> 1 | S15: =COUNTIFS(DLRWISE!B:B,'SUMMARY-M'!B15,DLRWISE!K:K,0,DLRWISE!N:N,"<"&30) -> 5 | T15: =O15-S15 -> 2
B16: SIBSAGAR | C16: SUJIT SAXENA | D16: SUBHASISH BHOWMIK | G16: =IFERROR(F16/E16,0) -> 0 | H16: =COUNTIFS(DLRWISE!S:S,"DEGROWTH",DLRWISE!B:B,'SUMMARY-M'!B16) -> 10 | I16: =H16/L16 -> 0.35714286 | J16: =COUNTIFS(DLRWISE!Y:Y,"DEGROWTH",DLRWISE!B:B,'SUMMARY-M'!B16) -> 8 | K16: =J16/$L16 -> 0.28571429 | L16: =COUNTIFS(DLRWISE!B:B,'SUMMARY-M'!B16) -> 28 | M16: =COUNTIFS(DLRWISE!B:B,'SUMMARY-M'!B16,DLRWISE!H:H,DLRWISE!$H$2) -> 0 | N16: =COUNTIFS(DLRWISE!G:G,DLRWISE!$G$2,DLRWISE!B:B,'SUMMARY-M'!B16) -> 27 | O16: =COUNTIFS(DLRWISE!B:B,'SUMMARY-M'!B16,DLRWISE!K:K,"<="&0) -> 4 | P16: =O16/L16 -> 0.14285714 | Q16: =SUMIF(DLRWISE!B:B,'SUMMARY-M'!B16,DLRWISE!Z:Z) -> 1 | R16: =O16-Q16 -> 3 | S16: =COUNTIFS(DLRWISE!B:B,'SUMMARY-M'!B16,DLRWISE!K:K,0,DLRWISE!N:N,"<"&30) -> 2 | T16: =O16-S16 -> 2
B17: DIBRUGARH | C17: MANOJ CHETRY | D17: SUBHASISH BHOWMIK | G17: =IFERROR(F17/E17,0) -> 0 | H17: =COUNTIFS(DLRWISE!S:S,"DEGROWTH",DLRWISE!B:B,'SUMMARY-M'!B17) -> 24 | I17: =H17/L17 -> 0.46153846 | J17: =COUNTIFS(DLRWISE!Y:Y,"DEGROWTH",DLRWISE!B:B,'SUMMARY-M'!B17) -> 28 | K17: =J17/$L17 -> 0.53846154 | L17: =COUNTIFS(DLRWISE!B:B,'SUMMARY-M'!B17) -> 52 | M17: =COUNTIFS(DLRWISE!B:B,'SUMMARY-M'!B17,DLRWISE!H:H,DLRWISE!$H$2) -> 0 | N17: =COUNTIFS(DLRWISE!G:G,DLRWISE!$G$2,DLRWISE!B:B,'SUMMARY-M'!B17) -> 49 | O17: =COUNTIFS(DLRWISE!B:B,'SUMMARY-M'!B17,DLRWISE!K:K,"<="&0) -> 7 | P17: =O17/L17 -> 0.13461538 | Q17: =SUMIF(DLRWISE!B:B,'SUMMARY-M'!B17,DLRWISE!Z:Z) -> 8 | R17: =O17-Q17 -> -1 | S17: =COUNTIFS(DLRWISE!B:B,'SUMMARY-M'!B17,DLRWISE!K:K,0,DLRWISE!N:N,"<"&30) -> 7 | T17: =O17-S17 -> 0
B18: AP- TINSUKIA SIDE | C18: RAJU UDADHYAYA | D18: SUBHASISH BHOWMIK | G18: =IFERROR(F18/E18,0) -> 0 | H18: =COUNTIFS(DLRWISE!S:S,"DEGROWTH",DLRWISE!B:B,'SUMMARY-M'!B18) -> 3 | I18: =H18/L18 -> 0.25 | J18: =COUNTIFS(DLRWISE!Y:Y,"DEGROWTH",DLRWISE!B:B,'SUMMARY-M'!B18) -> 2 | K18: =J18/$L18 -> 0.16666667 | L18: =COUNTIFS(DLRWISE!B:B,'SUMMARY-M'!B18) -> 12 | M18: =COUNTIFS(DLRWISE!B:B,'SUMMARY-M'!B18,DLRWISE!H:H,DLRWISE!$H$2) -> 0 | N18: =COUNTIFS(DLRWISE!G:G,DLRWISE!$G$2,DLRWISE!B:B,'SUMMARY-M'!B18) -> 11 | O18: =COUNTIFS(DLRWISE!B:B,'SUMMARY-M'!B18,DLRWISE!K:K,"<="&0) -> 3 | P18: =O18/L18 -> 0.25 | Q18: =SUMIF(DLRWISE!B:B,'SUMMARY-M'!B18,DLRWISE!Z:Z) -> 1 | R18: =O18-Q18 -> 2 | S18: =COUNTIFS(DLRWISE!B:B,'SUMMARY-M'!B18,DLRWISE!K:K,0,DLRWISE!N:N,"<"&30) -> 3 | T18: =O18-S18 -> 0
... B23: NAGALAND | C23: ROBIN LIMBU | D23: BASUDEV ROY | G23: =IFERROR(F23/E23,0) -> 0 | H23: =COUNTIFS(DLRWISE!S:S,"DEGROWTH",DLRWISE!B:B,'SUMMARY-M'!B23) -> 16 | I23: =H23/L23 -> 0.5 | J23: =COUNTIFS(DLRWISE!Y:Y,"DEGROWTH",DLRWISE!B:B,'SUMMARY-M'!B23) -> 15 | K23: =J23/$L23 -> 0.46875 | L23: =COUNTIFS(DLRWISE!B:B,'SUMMARY-M'!B23) -> 32 | M23: =COUNTIFS(DLRWISE!B:B,'SUMMARY-M'!B23,DLRWISE!H:H,DLRWISE!$H$2) -> 0 | N23: =COUNTIFS(DLRWISE!G:G,DLRWISE!$G$2,DLRWISE!B:B,'SUMMARY-M'!B23) -> 29 | O23: =COUNTIFS(DLRWISE!B:B,'SUMMARY-M'!B23,DLRWISE!K:K,"<="&0) -> 9 | P23: =O23/L23 -> 0.28125 | Q23: =SUMIF(DLRWISE!B:B,'SUMMARY-M'!B23,DLRWISE!Z:Z) -> 5 | R23: =O23-Q23 -> 4 | S23: =COUNTIFS(DLRWISE!B:B,'SUMMARY-M'!B23,DLRWISE!K:K,0,DLRWISE!N:N,"<"&30) -> 6 | T23: =O23-S23 -> 3
B24: NE 1 TOTAL | E24: =SUM(E4:E23) -> 0 | F24: =SUM(F4:F23) -> 0 | G24: =F24/E24 -> #DIV/0! | H24: =SUM(H4:H23) -> 248 | I24: =H24/L24 -> 0.40722496 | J24: =SUM(J4:J23) -> 259 | K24: =J24/$L24 -> 0.42528736 | L24: =SUM(L4:L23) -> 609 | M24: =SUM(M4:M23) -> 0 | N24: =SUM(N4:N23) -> 565 | O24: =SUM(O4:O23) -> 100 | P24: =O24/L24 -> 0.16420361 | Q24: =SUM(Q4:Q23) -> 63 | R24: =O24-Q24 -> 37 | S24: =SUM(S4:S23) -> 74 | T24: =O24-S24 -> 26
B25: GUWAHATI RURAL | C25: SUBHASH ARJEL | D25: SAURABH KUMAR | G25: =IFERROR(F25/E25,0) -> 0 | H25: =COUNTIFS(DLRWISE!S:S,"DEGROWTH",DLRWISE!B:B,'SUMMARY-M'!B25) -> 25 | I25: =H25/L25 -> 0.5 | J25: =COUNTIFS(DLRWISE!Y:Y,"DEGROWTH",DLRWISE!B:B,'SUMMARY-M'!B25) -> 23 | K25: =J25/$L25 -> 0.46 | L25: =COUNTIFS(DLRWISE!B:B,'SUMMARY-M'!B25) -> 50 | M25: =COUNTIFS(DLRWISE!B:B,'SUMMARY-M'!B25,DLRWISE!H:H,DLRWISE!$H$2) -> 0 | N25: =COUNTIFS(DLRWISE!G:G,DLRWISE!$G$2,DLRWISE!B:B,'SUMMARY-M'!B25) -> 45 | O25: =COUNTIFS(DLRWISE!B:B,'SUMMARY-M'!B25,DLRWISE!K:K,"<="&0) -> 7 | P25: =O25/L25 -> 0.14 | Q25: =SUMIF(DLRWISE!B:B,'SUMMARY-M'!B25,DLRWISE!Z:Z) -> 3 | R25: =O25-Q25 -> 4 | S25: =COUNTIFS(DLRWISE!B:B,'SUMMARY-M'!B25,DLRWISE!K:K,0,DLRWISE!N:N,"<"&30) -> 7 | T25: =O25-S25 -> 0
B26: DARANG | C26: SUBHASH ARJEL | D26: SAURABH KUMAR | G26: =IFERROR(F26/E26,0) -> 0 | H26: =COUNTIFS(DLRWISE!S:S,"DEGROWTH",DLRWISE!B:B,'SUMMARY-M'!B26) -> 21 | I26: =H26/L26 -> 0.38888889 | J26: =COUNTIFS(DLRWISE!Y:Y,"DEGROWTH",DLRWISE!B:B,'SUMMARY-M'!B26) -> 25 | K26: =J26/$L26 -> 0.46296296 | L26: =COUNTIFS(DLRWISE!B:B,'SUMMARY-M'!B26) -> 54 | M26: =COUNTIFS(DLRWISE!B:B,'SUMMARY-M'!B26,DLRWISE!H:H,DLRWISE!$H$2) -> 0 | N26: =COUNTIFS(DLRWISE!G:G,DLRWISE!$G$2,DLRWISE!B:B,'SUMMARY-M'!B26) -> 52 | O26: =COUNTIFS(DLRWISE!B:B,'SUMMARY-M'!B26,DLRWISE!K:K,"<="&0) -> 6 | P26: =O26/L26 -> 0.11111111 | Q26: =SUMIF(DLRWISE!B:B,'SUMMARY-M'!B26,DLRWISE!Z:Z) -> 6 | R26: =O26-Q26 -> 0 | S26: =COUNTIFS(DLRWISE!B:B,'SUMMARY-M'!B26,DLRWISE!K:K,0,DLRWISE!N:N,"<"&30) -> 6 | T26: =O26-S26 -> 0
B27: GUWAHATI URBAN | C27: VACANT | D27: SAURABH KUMAR | G27: =IFERROR(F27/E27,0) -> 0 | H27: =COUNTIFS(DLRWISE!S:S,"DEGROWTH",DLRWISE!B:B,'SUMMARY-M'!B27) -> 27 | I27: =H27/L27 -> 0.5 | J27: =COUNTIFS(DLRWISE!Y:Y,"DEGROWTH",DLRWISE!B:B,'SUMMARY-M'!B27) -> 22 | K27: =J27/$L27 -> 0.40740741 | L27: =COUNTIFS(DLRWISE!B:B,'SUMMARY-M'!B27) -> 54 | M27: =COUNTIFS(DLRWISE!B:B,'SUMMARY-M'!B27,DLRWISE!H:H,DLRWISE!$H$2) -> 0 | N27: =COUNTIFS(DLRWISE!G:G,DLRWISE!$G$2,DLRWISE!B:B,'SUMMARY-M'!B27) -> 45 | O27: =COUNTIFS(DLRWISE!B:B,'SUMMARY-M'!B27,DLRWISE!K:K,"<="&0) -> 13 | P27: =O27/L27 -> 0.24074074 | Q27: =SUMIF(DLRWISE!B:B,'SUMMARY-M'!B27,DLRWISE!Z:Z) -> 15 | R27: =O27-Q27 -> -2 | S27: =COUNTIFS(DLRWISE!B:B,'SUMMARY-M'!B27,DLRWISE!K:K,0,DLRWISE!N:N,"<"&30) -> 13 | T27: =O27-S27 -> 0
B28: MORIGAON | C28: VACANT | D28: SAURABH KUMAR | G28: =IFERROR(F28/E28,0) -> 0 | H28: =COUNTIFS(DLRWISE!S:S,"DEGROWTH",DLRWISE!B:B,'SUMMARY-M'!B28) -> 2 | I28: =H28/L28 -> 0.10526316 | J28: =COUNTIFS(DLRWISE!Y:Y,"DEGROWTH",DLRWISE!B:B,'SUMMARY-M'!B28) -> 6 | K28: =J28/$L28 -> 0.31578947 | L28: =COUNTIFS(DLRWISE!B:B,'SUMMARY-M'!B28) -> 19 | M28: =COUNTIFS(DLRWISE!B:B,'SUMMARY-M'!B28,DLRWISE!H:H,DLRWISE!$H$2) -> 0 | N28: =COUNTIFS(DLRWISE!G:G,DLRWISE!$G$2,DLRWISE!B:B,'SUMMARY-M'!B28) -> 19 | O28: =COUNTIFS(DLRWISE!B:B,'SUMMARY-M'!B28,DLRWISE!K:K,"<="&0) -> 1 | P28: =O28/L28 -> 0.052631579 | Q28: =SUMIF(DLRWISE!B:B,'SUMMARY-M'!B28,DLRWISE!Z:Z) -> 0 | R28: =O28-Q28 -> 1 | S28: =COUNTIFS(DLRWISE!B:B,'SUMMARY-M'!B28,DLRWISE!K:K,0,DLRWISE!N:N,"<"&30) -> 1 | T28: =O28-S28 -> 0
B29: Lower Assam- 1 (Bongaigaon) | C29: ANIMESH NATH | D29: SAURABH KUMAR | G29: =IFERROR(F29/E29,0) -> 0 | H29: =COUNTIFS(DLRWISE!S:S,"DEGROWTH",DLRWISE!B:B,'SUMMARY-M'!B29) -> 23 | I29: =H29/L29 -> 0.37704918 | J29: =COUNTIFS(DLRWISE!Y:Y,"DEGROWTH",DLRWISE!B:B,'SUMMARY-M'!B29) -> 31 | K29: =J29/$L29 -> 0.50819672 | L29: =COUNTIFS(DLRWISE!B:B,'SUMMARY-M'!B29) -> 61 | M29: =COUNTIFS(DLRWISE!B:B,'SUMMARY-M'!B29,DLRWISE!H:H,DLRWISE!$H$2) -> 0 | N29: =COUNTIFS(DLRWISE!G:G,DLRWISE!$G$2,DLRWISE!B:B,'SUMMARY-M'!B29) -> 59 | O29: =COUNTIFS(DLRWISE!B:B,'SUMMARY-M'!B29,DLRWISE!K:K,"<="&0) -> 3 | P29: =O29/L29 -> 0.049180328 | Q29: =SUMIF(DLRWISE!B:B,'SUMMARY-M'!B29,DLRWISE!Z:Z) -> 5 | R29: =O29-Q29 -> -2 | S29: =COUNTIFS(DLRWISE!B:B,'SUMMARY-M'!B29,DLRWISE!K:K,0,DLRWISE!N:N,"<"&30) -> 2 | T29: =O29-S29 -> 1
B30: Lower Assam- 2 (Barpeta) | C30: BIKASH KALITA | D30: SAURABH KUMAR | G30: =IFERROR(F30/E30,0) -> 0 | H30: =COUNTIFS(DLRWISE!S:S,"DEGROWTH",DLRWISE!B:B,'SUMMARY-M'!B30) -> 18 | I30: =H30/L30 -> 0.38297872 | J30: =COUNTIFS(DLRWISE!Y:Y,"DEGROWTH",DLRWISE!B:B,'SUMMARY-M'!B30) -> 20 | K30: =J30/$L30 -> 0.42553191 | L30: =COUNTIFS(DLRWISE!B:B,'SUMMARY-M'!B30) -> 47 | M30: =COUNTIFS(DLRWISE!B:B,'SUMMARY-M'!B30,DLRWISE!H:H,DLRWISE!$H$2) -> 0 | N30: =COUNTIFS(DLRWISE!G:G,DLRWISE!$G$2,DLRWISE!B:B,'SUMMARY-M'!B30) -> 45 | O30: =COUNTIFS(DLRWISE!B:B,'SUMMARY-M'!B30,DLRWISE!K:K,"<="&0) -> 7 | P30: =O30/L30 -> 0.14893617 | Q30: =SUMIF(DLRWISE!B:B,'SUMMARY-M'!B30,DLRWISE!Z:Z) -> 6 | R30: =O30-Q30 -> 1 | S30: =COUNTIFS(DLRWISE!B:B,'SUMMARY-M'!B30,DLRWISE!K:K,0,DLRWISE!N:N,"<"&30) -> 5 | T30: =O30-S30 -> 2
B31: Lower Assam- 3 | C31: VACANT ASM LA 3 | D31: SAURABH KUMAR | G31: =IFERROR(F31/E31,0) -> 0 | H31: =COUNTIFS(DLRWISE!S:S,"DEGROWTH",DLRWISE!B:B,'SUMMARY-M'!B31) -> 23 | I31: =H31/L31 -> 0.62162162 | J31: =COUNTIFS(DLRWISE!Y:Y,"DEGROWTH",DLRWISE!B:B,'SUMMARY-M'!B31) -> 0 | K31: =J31/$L31 -> 0 | L31: =COUNTIFS(DLRWISE!B:B,'SUMMARY-M'!B31) -> 37 | M31: =COUNTIFS(DLRWISE!B:B,'SUMMARY-M'!B31,DLRWISE!H:H,DLRWISE!$H$2) -> 0 | N31: =COUNTIFS(DLRWISE!G:G,DLRWISE!$G$2,DLRWISE!B:B,'SUMMARY-M'!B31) -> 36 | O31: =COUNTIFS(DLRWISE!B:B,'SUMMARY-M'!B31,DLRWISE!K:K,"<="&0) -> 6 | P31: =O31/L31 -> 0.16216216 | Q31: =SUMIF(DLRWISE!B:B,'SUMMARY-M'!B31,DLRWISE!Z:Z) -> 5 | R31: =O31-Q31 -> 1 | S31: =COUNTIFS(DLRWISE!B:B,'SUMMARY-M'!B31,DLRWISE!K:K,0,DLRWISE!N:N,"<"&30) -> 6 | T31: =O31-S31 -> 0
B32: TURA HILLS | C32: SAFIOR RAHMAN | D32: SAURABH KUMAR | G32: =IFERROR(F32/E32,0) -> 0 | H32: =COUNTIFS(DLRWISE!S:S,"DEGROWTH",DLRWISE!B:B,'SUMMARY-M'!B32) -> 12 | I32: =H32/L32 -> 0.44444444 | J32: =COUNTIFS(DLRWISE!Y:Y,"DEGROWTH",DLRWISE!B:B,'SUMMARY-M'!B32) -> 17 | K32: =J32/$L32 -> 0.62962963 | L32: =COUNTIFS(DLRWISE!B:B,'SUMMARY-M'!B32) -> 27 | M32: =COUNTIFS(DLRWISE!B:B,'SUMMARY-M'!B32,DLRWISE!H:H,DLRWISE!$H$2) -> 0 | N32: =COUNTIFS(DLRWISE!G:G,DLRWISE!$G$2,DLRWISE!B:B,'SUMMARY-M'!B32) -> 23 | O32: =COUNTIFS(DLRWISE!B:B,'SUMMARY-M'!B32,DLRWISE!K:K,"<="&0) -> 7 | P32: =O32/L32 -> 0.25925926 | Q32: =SUMIF(DLRWISE!B:B,'SUMMARY-M'!B32,DLRWISE!Z:Z) -> 1 | R32: =O32-Q32 -> 6 | S32: =COUNTIFS(DLRWISE!B:B,'SUMMARY-M'!B32,DLRWISE!K:K,0,DLRWISE!N:N,"<"&30) -> 6 | T32: =O32-S32 -> 1
B33: TURA PLAIN | C33: SAFIOR RAHMAN | D33: SAURABH KUMAR | G33: =IFERROR(F33/E33,0) -> 0 | H33: =COUNTIFS(DLRWISE!S:S,"DEGROWTH",DLRWISE!B:B,'SUMMARY-M'!B33) -> 7 | I33: =H33/L33 -> 0.41176471 | J33: =COUNTIFS(DLRWISE!Y:Y,"DEGROWTH",DLRWISE!B:B,'SUMMARY-M'!B33) -> 10 | K33: =J33/$L33 -> 0.58823529 | L33: =COUNTIFS(DLRWISE!B:B,'SUMMARY-M'!B33) -> 17 | M33: =COUNTIFS(DLRWISE!B:B,'SUMMARY-M'!B33,DLRWISE!H:H,DLRWISE!$H$2) -> 0 | N33: =COUNTIFS(DLRWISE!G:G,DLRWISE!$G$2,DLRWISE!B:B,'SUMMARY-M'!B33) -> 17 | O33: =COUNTIFS(DLRWISE!B:B,'SUMMARY-M'!B33,DLRWISE!K:K,"<="&0) -> 4 | P33: =O33/L33 -> 0.23529412 | Q33: =SUMIF(DLRWISE!B:B,'SUMMARY-M'!B33,DLRWISE!Z:Z) -> 1 | R33: =O33-Q33 -> 3 | S33: =COUNTIFS(DLRWISE!B:B,'SUMMARY-M'!B33,DLRWISE!K:K,0,DLRWISE!N:N,"<"&30) -> 3 | T33: =O33-S33 -> 1
B34: AGARTALA | C34: BIKRAM HALDER | D34: GHALIB AYUBI | G34: =IFERROR(F34/E34,0) -> 0 | H34: =COUNTIFS(DLRWISE!S:S,"DEGROWTH",DLRWISE!B:B,'SUMMARY-M'!B34) -> 32 | I34: =H34/L34 -> 0.54237288 | J34: =COUNTIFS(DLRWISE!Y:Y,"DEGROWTH",DLRWISE!B:B,'SUMMARY-M'!B34) -> 29 | K34: =J34/$L34 -> 0.49152542 | L34: =COUNTIFS(DLRWISE!B:B,'SUMMARY-M'!B34) -> 59 | M34: =COUNTIFS(DLRWISE!B:B,'SUMMARY-M'!B34,DLRWISE!H:H,DLRWISE!$H$2) -> 0 | N34: =COUNTIFS(DLRWISE!G:G,DLRWISE!$G$2,DLRWISE!B:B,'SUMMARY-M'!B34) -> 55 | O34: =COUNTIFS(DLRWISE!B:B,'SUMMARY-M'!B34,DLRWISE!K:K,"<="&0) -> 8 | P34: =O34/L34 -> 0.13559322 | Q34: =SUMIF(DLRWISE!B:B,'SUMMARY-M'!B34,DLRWISE!Z:Z) -> 5 | R34: =O34-Q34 -> 3 | S34: =COUNTIFS(DLRWISE!B:B,'SUMMARY-M'!B34,DLRWISE!K:K,0,DLRWISE!N:N,"<"&30) -> 8 | T34: =O34-S34 -> 0
B35: UDAIPUR | C35: BIKRAM HALDER | D35: GHALIB AYUBI | G35: =IFERROR(F35/E35,0) -> 0 | H35: =COUNTIFS(DLRWISE!S:S,"DEGROWTH",DLRWISE!B:B,'SUMMARY-M'!B35) -> 19 | I35: =H35/L35 -> 0.48717949 | J35: =COUNTIFS(DLRWISE!Y:Y,"DEGROWTH",DLRWISE!B:B,'SUMMARY-M'!B35) -> 19 | K35: =J35/$L35 -> 0.48717949 | L35: =COUNTIFS(DLRWISE!B:B,'SUMMARY-M'!B35) -> 39 | M35: =COUNTIFS(DLRWISE!B:B,'SUMMARY-M'!B35,DLRWISE!H:H,DLRWISE!$H$2) -> 0 | N35: =COUNTIFS(DLRWISE!G:G,DLRWISE!$G$2,DLRWISE!B:B,'SUMMARY-M'!B35) -> 39 | O35: =COUNTIFS(DLRWISE!B:B,'SUMMARY-M'!B35,DLRWISE!K:K,"<="&0) -> 0 | P35: =O35/L35 -> 0 | Q35: =SUMIF(DLRWISE!B:B,'SUMMARY-M'!B35,DLRWISE!Z:Z) -> 6 | R35: =O35-Q35 -> -6 | S35: =COUNTIFS(DLRWISE!B:B,'SUMMARY-M'!B35,DLRWISE!K:K,0,DLRWISE!N:N,"<"&30) -> 0 | T35: =O35-S35 -> 0
B36: DHARMANAGAR | C36: BIKRAM HALDER | D36: GHALIB AYUBI | G36: =IFERROR(F36/E36,0) -> 0 | H36: =COUNTIFS(DLRWISE!S:S,"DEGROWTH",DLRWISE!B:B,'SUMMARY-M'!B36) -> 16 | I36: =H36/L36 -> 0.36363636 | J36: =COUNTIFS(DLRWISE!Y:Y,"DEGROWTH",DLRWISE!B:B,'SUMMARY-M'!B36) -> 25 | K36: =J36/$L36 -> 0.56818182 | L36: =COUNTIFS(DLRWISE!B:B,'SUMMARY-M'!B36) -> 44 | M36: =COUNTIFS(DLRWISE!B:B,'SUMMARY-M'!B36,DLRWISE!H:H,DLRWISE!$H$2) -> 0 | N36: =COUNTIFS(DLRWISE!G:G,DLRWISE!$G$2,DLRWISE!B:B,'SUMMARY-M'!B36) -> 41 | O36: =COUNTIFS(DLRWISE!B:B,'SUMMARY-M'!B36,DLRWISE!K:K,"<="&0) -> 6 | P36: =O36/L36 -> 0.13636364 | Q36: =SUMIF(DLRWISE!B:B,'SUMMARY-M'!B36,DLRWISE!Z:Z) -> 6 | R36: =O36-Q36 -> 0 | S36: =COUNTIFS(DLRWISE!B:B,'SUMMARY-M'!B36,DLRWISE!K:K,0,DLRWISE!N:N,"<"&30) -> 6 | T36: =O36-S36 -> 0
... B40: KARIMGANJ | C40: AJIT KURMI | D40: GHALIB AYUBI | G40: =IFERROR(F40/E40,0) -> 0 | H40: =COUNTIFS(DLRWISE!S:S,"DEGROWTH",DLRWISE!B:B,'SUMMARY-M'!B40) -> 9 | I40: =H40/L40 -> 0.3 | J40: =COUNTIFS(DLRWISE!Y:Y,"DEGROWTH",DLRWISE!B:B,'SUMMARY-M'!B40) -> 13 | K40: =J40/$L40 -> 0.43333333 | L40: =COUNTIFS(DLRWISE!B:B,'SUMMARY-M'!B40) -> 30 | M40: =COUNTIFS(DLRWISE!B:B,'SUMMARY-M'!B40,DLRWISE!H:H,DLRWISE!$H$2) -> 0 | N40: =COUNTIFS(DLRWISE!G:G,DLRWISE!$G$2,DLRWISE!B:B,'SUMMARY-M'!B40) -> 29 | O40: =COUNTIFS(DLRWISE!B:B,'SUMMARY-M'!B40,DLRWISE!K:K,"<="&0) -> 6 | P40: =O40/L40 -> 0.2 | Q40: =SUMIF(DLRWISE!B:B,'SUMMARY-M'!B40,DLRWISE!Z:Z) -> 2 | R40: =O40-Q40 -> 4 | S40: =COUNTIFS(DLRWISE!B:B,'SUMMARY-M'!B40,DLRWISE!K:K,0,DLRWISE!N:N,"<"&30) -> 5 | T40: =O40-S40 -> 1
B41: NE 2 TOTAL | E41: =SUM(E25:E40) -> 0 | F41: =SUM(F25:F40) -> 0 | G41: =F41/E41 -> #DIV/0! | H41: =SUM(H25:H40) -> 279 | I41: =H41/L41 -> 0.42465753 | J41: =SUM(J25:J40) -> 294 | K41: =J41/$L41 -> 0.44748858 | L41: =SUM(L25:L40) -> 657 | M41: =SUM(M25:M40) -> 0 | N41: =SUM(N25:N40) -> 608 | O41: =SUM(O25:O40) -> 90 | P41: =O41/L41 -> 0.1369863 | Q41: =SUM(Q25:Q40) -> 76 | R41: =O41-Q41 -> 14 | S41: =SUM(S25:S40) -> 83 | T41: =O41-S41 -> 7
B42: NE TOTAL | E42: =E41+E24 -> 0 | F42: =F41+F24 -> 0 | G42: =F42/E42 -> #DIV/0! | H42: =H41+H24 -> 527 | I42: =H42/L42 -> 0.41627172 | J42: =J41+J24 -> 553 | K42: =J42/$L42 -> 0.43680885 | L42: =L41+L24 -> 1266 | M42: =M41+M24 -> 0 | N42: =N41+N24 -> 1173 | O42: =O41+O24 -> 190 | P42: =O42/L42 -> 0.15007899 | Q42: =Q41+Q24 -> 139 | R42: =O42-Q42 -> 51 | S42: =S41+S24 -> 157 | T42: =O42-S42 -> 33
B43: COOCH BEHAR | C43: VACANT ASM COOCH BEHAR | D43: RITICK CHATTERJEE | G43: =IFERROR(F43/E43,0) -> 0 | H43: =COUNTIFS(DLRWISE!S:S,"DEGROWTH",DLRWISE!B:B,'SUMMARY-M'!B43) -> 13 | I43: =H43/L43 -> 0.36111111 | J43: =COUNTIFS(DLRWISE!Y:Y,"DEGROWTH",DLRWISE!B:B,'SUMMARY-M'!B43) -> 25 | K43: =J43/$L43 -> 0.69444444 | L43: =COUNTIFS(DLRWISE!B:B,'SUMMARY-M'!B43) -> 36 | M43: =COUNTIFS(DLRWISE!B:B,'SUMMARY-M'!B43,DLRWISE!H:H,DLRWISE!$H$2) -> 0 | N43: =COUNTIFS(DLRWISE!G:G,DLRWISE!$G$2,DLRWISE!B:B,'SUMMARY-M'!B43) -> 33 | O43: =COUNTIFS(DLRWISE!B:B,'SUMMARY-M'!B43,DLRWISE!K:K,"<="&0) -> 2 | P43: =O43/L43 -> 0.055555556 | Q43: =SUMIF(DLRWISE!B:B,'SUMMARY-M'!B43,DLRWISE!Z:Z) -> 3 | R43: =O43-Q43 -> -1 | S43: =COUNTIFS(DLRWISE!B:B,'SUMMARY-M'!B43,DLRWISE!K:K,0,DLRWISE!N:N,"<"&30) -> 2 | T43: =O43-S43 -> 0
B44: ALIPURDUAR | C44: ABHIJIT DAM | D44: RITICK CHATTERJEE | G44: =IFERROR(F44/E44,0) -> 0 | H44: =COUNTIFS(DLRWISE!S:S,"DEGROWTH",DLRWISE!B:B,'SUMMARY-M'!B44) -> 6 | I44: =H44/L44 -> 0.35294118 | J44: =COUNTIFS(DLRWISE!Y:Y,"DEGROWTH",DLRWISE!B:B,'SUMMARY-M'!B44) -> 6 | K44: =J44/$L44 -> 0.35294118 | L44: =COUNTIFS(DLRWISE!B:B,'SUMMARY-M'!B44) -> 17 | M44: =COUNTIFS(DLRWISE!B:B,'SUMMARY-M'!B44,DLRWISE!H:H,DLRWISE!$H$2) -> 0 | N44: =COUNTIFS(DLRWISE!G:G,DLRWISE!$G$2,DLRWISE!B:B,'SUMMARY-M'!B44) -> 15 | O44: =COUNTIFS(DLRWISE!B:B,'SUMMARY-M'!B44,DLRWISE!K:K,"<="&0) -> 2 | P44: =O44/L44 -> 0.11764706 | Q44: =SUMIF(DLRWISE!B:B,'SUMMARY-M'!B44,DLRWISE!Z:Z) -> 0 | R44: =O44-Q44 -> 2 | S44: =COUNTIFS(DLRWISE!B:B,'SUMMARY-M'!B44,DLRWISE!K:K,0,DLRWISE!N:N,"<"&30) -> 2 | T44: =O44-S44 -> 0
B45: JALPAIGURI | C45: SHYAMAL CHAKRABORTY | D45: RITICK CHATTERJEE | G45: =IFERROR(F45/E45,0) -> 0 | H45: =COUNTIFS(DLRWISE!S:S,"DEGROWTH",DLRWISE!B:B,'SUMMARY-M'!B45) -> 21 | I45: =H45/L45 -> 0.46666667 | J45: =COUNTIFS(DLRWISE!Y:Y,"DEGROWTH",DLRWISE!B:B,'SUMMARY-M'!B45) -> 29 | K45: =J45/$L45 -> 0.64444444 | L45: =COUNTIFS(DLRWISE!B:B,'SUMMARY-M'!B45) -> 45 | M45: =COUNTIFS(DLRWISE!B:B,'SUMMARY-M'!B45,DLRWISE!H:H,DLRWISE!$H$2) -> 0 | N45: =COUNTIFS(DLRWISE!G:G,DLRWISE!$G$2,DLRWISE!B:B,'SUMMARY-M'!B45) -> 41 | O45: =COUNTIFS(DLRWISE!B:B,'SUMMARY-M'!B45,DLRWISE!K:K,"<="&0) -> 6 | P45: =O45/L45 -> 0.13333333 | Q45: =SUMIF(DLRWISE!B:B,'SUMMARY-M'!B45,DLRWISE!Z:Z) -> 8 | R45: =O45-Q45 -> -2 | S45: =COUNTIFS(DLRWISE!B:B,'SUMMARY-M'!B45,DLRWISE!K:K,0,DLRWISE!N:N,"<"&30) -> 5 | T45: =O45-S45 -> 1
B46: DARJEELING HILLS | C46: ARINDAM SAMADAR | D46: RITICK CHATTERJEE | G46: =IFERROR(F46/E46,0) -> 0 | H46: =COUNTIFS(DLRWISE!S:S,"DEGROWTH",DLRWISE!B:B,'SUMMARY-M'!B46) -> 7 | I46: =H46/L46 -> 0.46666667 | J46: =COUNTIFS(DLRWISE!Y:Y,"DEGROWTH",DLRWISE!B:B,'SUMMARY-M'!B46) -> 5 | K46: =J46/$L46 -> 0.33333333 | L46: =COUNTIFS(DLRWISE!B:B,'SUMMARY-M'!B46) -> 15 | M46: =COUNTIFS(DLRWISE!B:B,'SUMMARY-M'!B46,DLRWISE!H:H,DLRWISE!$H$2) -> 0 | N46: =COUNTIFS(DLRWISE!G:G,DLRWISE!$G$2,DLRWISE!B:B,'SUMMARY-M'!B46) -> 15 | O46: =COUNTIFS(DLRWISE!B:B,'SUMMARY-M'!B46,DLRWISE!K:K,"<="&0) -> 1 | P46: =O46/L46 -> 0.066666667 | Q46: =SUMIF(DLRWISE!B:B,'SUMMARY-M'!B46,DLRWISE!Z:Z) -> 0 | R46: =O46-Q46 -> 1 | S46: =COUNTIFS(DLRWISE!B:B,'SUMMARY-M'!B46,DLRWISE!K:K,0,DLRWISE!N:N,"<"&30) -> 0 | T46: =O46-S46 -> 1
B47: DARJEELING PLAINS | C47: ARINDAM SAMADAR | D47: RITICK CHATTERJEE | G47: =IFERROR(F47/E47,0) -> 0 | H47: =COUNTIFS(DLRWISE!S:S,"DEGROWTH",DLRWISE!B:B,'SUMMARY-M'!B47) -> 4 | I47: =H47/L47 -> 0.36363636 | J47: =COUNTIFS(DLRWISE!Y:Y,"DEGROWTH",DLRWISE!B:B,'SUMMARY-M'!B47) -> 3 | K47: =J47/$L47 -> 0.27272727 | L47: =COUNTIFS(DLRWISE!B:B,'SUMMARY-M'!B47) -> 11 | M47: =COUNTIFS(DLRWISE!B:B,'SUMMARY-M'!B47,DLRWISE!H:H,DLRWISE!$H$2) -> 0 | N47: =COUNTIFS(DLRWISE!G:G,DLRWISE!$G$2,DLRWISE!B:B,'SUMMARY-M'!B47) -> 11 | O47: =COUNTIFS(DLRWISE!B:B,'SUMMARY-M'!B47,DLRWISE!K:K,"<="&0) -> 0 | P47: =O47/L47 -> 0 | Q47: =SUMIF(DLRWISE!B:B,'SUMMARY-M'!B47,DLRWISE!Z:Z) -> 1 | R47: =O47-Q47 -> -1 | S47: =COUNTIFS(DLRWISE!B:B,'SUMMARY-M'!B47,DLRWISE!K:K,0,DLRWISE!N:N,"<"&30) -> 0 | T47: =O47-S47 -> 0
B48: SIKKIM | C48: DEBABRATA GHOSH | D48: RITICK CHATTERJEE | G48: =IFERROR(F48/E48,0) -> 0 | H48: =COUNTIFS(DLRWISE!S:S,"DEGROWTH",DLRWISE!B:B,'SUMMARY-M'!B48) -> 12 | I48: =H48/L48 -> 0.54545455 | J48: =COUNTIFS(DLRWISE!Y:Y,"DEGROWTH",DLRWISE!B:B,'SUMMARY-M'!B48) -> 5 | K48: =J48/$L48 -> 0.22727273 | L48: =COUNTIFS(DLRWISE!B:B,'SUMMARY-M'!B48) -> 22 | M48: =COUNTIFS(DLRWISE!B:B,'SUMMARY-M'!B48,DLRWISE!H:H,DLRWISE!$H$2) -> 0 | N48: =COUNTIFS(DLRWISE!G:G,DLRWISE!$G$2,DLRWISE!B:B,'SUMMARY-M'!B48) -> 22 | O48: =COUNTIFS(DLRWISE!B:B,'SUMMARY-M'!B48,DLRWISE!K:K,"<="&0) -> 6 | P48: =O48/L48 -> 0.27272727 | Q48: =SUMIF(DLRWISE!B:B,'SUMMARY-M'!B48,DLRWISE!Z:Z) -> 0 | R48: =O48-Q48 -> 6 | S48: =COUNTIFS(DLRWISE!B:B,'SUMMARY-M'!B48,DLRWISE!K:K,0,DLRWISE!N:N,"<"&30) -> 6 | T48: =O48-S48 -> 0
B49: NB 1 TOTAL | E49: =SUM(E43:E48) -> 0 | F49: =SUM(F43:F48) -> 0 | G49: =F49/E49 -> #DIV/0! | H49: =SUM(H43:H48) -> 63 | I49: =H49/L49 -> 0.43150685 | J49: =SUM(J43:J48) -> 73 | K49: =J49/$L49 -> 0.5 | L49: =SUM(L43:L48) -> 146 | M49: =SUM(M43:M48) -> 0 | N49: =SUM(N43:N48) -> 137 | O49: =SUM(O43:O48) -> 17 | P49: =O49/L49 -> 0.11643836 | Q49: =SUM(Q43:Q48) -> 12 | R49: =O49-Q49 -> 5 | S49: =SUM(S43:S48) -> 15 | T49: =O49-S49 -> 2
B50: UTTAR DINAJPUR | C50: PRAKRITISH SIKDER | D50: - | G50: =IFERROR(F50/E50,0) -> 0 | H50: =COUNTIFS(DLRWISE!S:S,"DEGROWTH",DLRWISE!B:B,'SUMMARY-M'!B50) -> 18 | I50: =H50/L50 -> 0.33962264 | J50: =COUNTIFS(DLRWISE!Y:Y,"DEGROWTH",DLRWISE!B:B,'SUMMARY-M'!B50) -> 13 | K50: =J50/$L50 -> 0.24528302 | L50: =COUNTIFS(DLRWISE!B:B,'SUMMARY-M'!B50) -> 53 | M50: =COUNTIFS(DLRWISE!B:B,'SUMMARY-M'!B50,DLRWISE!H:H,DLRWISE!$H$2) -> 0 | N50: =COUNTIFS(DLRWISE!G:G,DLRWISE!$G$2,DLRWISE!B:B,'SUMMARY-M'!B50) -> 50 | O50: =COUNTIFS(DLRWISE!B:B,'SUMMARY-M'!B50,DLRWISE!K:K,"<="&0) -> 11 | P50: =O50/L50 -> 0.20754717 | Q50: =SUMIF(DLRWISE!B:B,'SUMMARY-M'!B50,DLRWISE!Z:Z) -> 4 | R50: =O50-Q50 -> 7 | S50: =COUNTIFS(DLRWISE!B:B,'SUMMARY-M'!B50,DLRWISE!K:K,0,DLRWISE!N:N,"<"&30) -> 10 | T50: =O50-S50 -> 1
B51: DAKSHIN DINAJPUR | C51: AMRITO NEOGE | D51: - | G51: =IFERROR(F51/E51,0) -> 0 | H51: =COUNTIFS(DLRWISE!S:S,"DEGROWTH",DLRWISE!B:B,'SUMMARY-M'!B51) -> 5 | I51: =H51/L51 -> 0.33333333 | J51: =COUNTIFS(DLRWISE!Y:Y,"DEGROWTH",DLRWISE!B:B,'SUMMARY-M'!B51) -> 7 | K51: =J51/$L51 -> 0.46666667 | L51: =COUNTIFS(DLRWISE!B:B,'SUMMARY-M'!B51) -> 15 | M51: =COUNTIFS(DLRWISE!B:B,'SUMMARY-M'!B51,DLRWISE!H:H,DLRWISE!$H$2) -> 0 | N51: =COUNTIFS(DLRWISE!G:G,DLRWISE!$G$2,DLRWISE!B:B,'SUMMARY-M'!B51) -> 15 | O51: =COUNTIFS(DLRWISE!B:B,'SUMMARY-M'!B51,DLRWISE!K:K,"<="&0) -> 3 | P51: =O51/L51 -> 0.2 | Q51: =SUMIF(DLRWISE!B:B,'SUMMARY-M'!B51,DLRWISE!Z:Z) -> 1 | R51: =O51-Q51 -> 2 | S51: =COUNTIFS(DLRWISE!B:B,'SUMMARY-M'!B51,DLRWISE!K:K,0,DLRWISE!N:N,"<"&30) -> 3 | T51: =O51-S51 -> 0
B52: MALDA | C52: AMRITO NEOGE | D52: - | G52: =IFERROR(F52/E52,0) -> 0 | H52: =COUNTIFS(DLRWISE!S:S,"DEGROWTH",DLRWISE!B:B,'SUMMARY-M'!B52) -> 6 | I52: =H52/L52 -> 0.27272727 | J52: =COUNTIFS(DLRWISE!Y:Y,"DEGROWTH",DLRWISE!B:B,'SUMMARY-M'!B52) -> 7 | K52: =J52/$L52 -> 0.31818182 | L52: =COUNTIFS(DLRWISE!B:B,'SUMMARY-M'!B52) -> 22 | M52: =COUNTIFS(DLRWISE!B:B,'SUMMARY-M'!B52,DLRWISE!H:H,DLRWISE!$H$2) -> 0 | N52: =COUNTIFS(DLRWISE!G:G,DLRWISE!$G$2,DLRWISE!B:B,'SUMMARY-M'!B52) -> 19 | O52: =COUNTIFS(DLRWISE!B:B,'SUMMARY-M'!B52,DLRWISE!K:K,"<="&0) -> 3 | P52: =O52/L52 -> 0.13636364 | Q52: =SUMIF(DLRWISE!B:B,'SUMMARY-M'!B52,DLRWISE!Z:Z) -> 1 | R52: =O52-Q52 -> 2 | S52: =COUNTIFS(DLRWISE!B:B,'SUMMARY-M'!B52,DLRWISE!K:K,0,DLRWISE!N:N,"<"&30) -> 3 | T52: =O52-S52 -> 0
B53: NB 2 TOTAL | E53: =SUM(E50:E52) -> 0 | F53: =SUM(F50:F52) -> 0 | G53: =F53/E53 -> #DIV/0! | H53: =SUM(H50:H52) -> 29 | I53: =H53/L53 -> 0.32222222 | J53: =SUM(J50:J52) -> 27 | K53: =J53/$L53 -> 0.3 | L53: =SUM(L50:L52) -> 90 | M53: =SUM(M50:M52) -> 0 | N53: =SUM(N50:N52) -> 84 | O53: =SUM(O50:O52) -> 17 | P53: =O53/L53 -> 0.18888889 | Q53: =SUM(Q50:Q52) -> 6 | R53: =O53-Q53 -> 11 | S53: =SUM(S50:S52) -> 16 | T53: =O53-S53 -> 1
B54: WB TOTAL | E54: =E53+E49 -> 0 | F54: =F53+F49 -> 0 | G54: =F54/E54 -> #DIV/0! | H54: =H53+H49 -> 92 | I54: =H54/L54 -> 0.38983051 | J54: =J53+J49 -> 100 | K54: =J54/$L54 -> 0.42372881 | L54: =L53+L49 -> 236 | M54: =M53+M49 -> 0 | N54: =N53+N49 -> 221 | O54: =O53+O49 -> 34 | P54: =O54/L54 -> 0.1440678 | Q54: =Q53+Q49 -> 18 | R54: =O54-Q54 -> 16 | S54: =S53+S49 -> 31 | T54: =O54-S54 -> 3
B55: KISHANGANJ | C55: SHASHI MISHRA | D55: SUBHANKAR BASH | G55: =IFERROR(F55/E55,0) -> 0 | H55: =COUNTIFS(DLRWISE!S:S,"DEGROWTH",DLRWISE!B:B,'SUMMARY-M'!B55) -> 21 | I55: =H55/L55 -> 0.46666667 | J55: =COUNTIFS(DLRWISE!Y:Y,"DEGROWTH",DLRWISE!B:B,'SUMMARY-M'!B55) -> 19 | K55: =J55/$L55 -> 0.42222222 | L55: =COUNTIFS(DLRWISE!B:B,'SUMMARY-M'!B55) -> 45 | M55: =COUNTIFS(DLRWISE!B:B,'SUMMARY-M'!B55,DLRWISE!H:H,DLRWISE!$H$2) -> 0 | N55: =COUNTIFS(DLRWISE!G:G,DLRWISE!$G$2,DLRWISE!B:B,'SUMMARY-M'!B55) -> 44 | O55: =COUNTIFS(DLRWISE!B:B,'SUMMARY-M'!B55,DLRWISE!K:K,"<="&0) -> 5 | P55: =O55/L55 -> 0.11111111 | Q55: =SUMIF(DLRWISE!B:B,'SUMMARY-M'!B55,DLRWISE!Z:Z) -> 4 | R55: =O55-Q55 -> 1 | S55: =COUNTIFS(DLRWISE!B:B,'SUMMARY-M'!B55,DLRWISE!K:K,0,DLRWISE!N:N,"<"&30) -> 3 | T55: =O55-S55 -> 2
B56: KATIHAR | C56: DEEPAK KUMAR | D56: SUBHANKAR BASH | G56: =IFERROR(F56/E56,0) -> 0 | H56: =COUNTIFS(DLRWISE!S:S,"DEGROWTH",DLRWISE!B:B,'SUMMARY-M'!B56) -> 9 | I56: =H56/L56 -> 0.34615385 | J56: =COUNTIFS(DLRWISE!Y:Y,"DEGROWTH",DLRWISE!B:B,'SUMMARY-M'!B56) -> 4 | K56: =J56/$L56 -> 0.15384615 | L56: =COUNTIFS(DLRWISE!B:B,'SUMMARY-M'!B56) -> 26 | M56: =COUNTIFS(DLRWISE!B:B,'SUMMARY-M'!B56,DLRWISE!H:H,DLRWISE!$H$2) -> 0 | N56: =COUNTIFS(DLRWISE!G:G,DLRWISE!$G$2,DLRWISE!B:B,'SUMMARY-M'!B56) -> 25 | O56: =COUNTIFS(DLRWISE!B:B,'SUMMARY-M'!B56,DLRWISE!K:K,"<="&0) -> 5 | P56: =O56/L56 -> 0.19230769 | Q56: =SUMIF(DLRWISE!B:B,'SUMMARY-M'!B56,DLRWISE!Z:Z) -> 3 | R56: =O56-Q56 -> 2 | S56: =COUNTIFS(DLRWISE!B:B,'SUMMARY-M'!B56,DLRWISE!K:K,0,DLRWISE!N:N,"<"&30) -> 4 | T56: =O56-S56 -> 1
B57: PURNIA | C57: DEEPAK KUMAR | D57: SUBHANKAR BASH | G57: =IFERROR(F57/E57,0) -> 0 | H57: =COUNTIFS(DLRWISE!S:S,"DEGROWTH",DLRWISE!B:B,'SUMMARY-M'!B57) -> 7 | I57: =H57/L57 -> 0.30434783 | J57: =COUNTIFS(DLRWISE!Y:Y,"DEGROWTH",DLRWISE!B:B,'SUMMARY-M'!B57) -> 8 | K57: =J57/$L57 -> 0.34782609 | L57: =COUNTIFS(DLRWISE!B:B,'SUMMARY-M'!B57) -> 23 | M57: =COUNTIFS(DLRWISE!B:B,'SUMMARY-M'!B57,DLRWISE!H:H,DLRWISE!$H$2) -> 0 | N57: =COUNTIFS(DLRWISE!G:G,DLRWISE!$G$2,DLRWISE!B:B,'SUMMARY-M'!B57) -> 21 | O57: =COUNTIFS(DLRWISE!B:B,'SUMMARY-M'!B57,DLRWISE!K:K,"<="&0) -> 4 | P57: =O57/L57 -> 0.17391304 | Q57: =SUMIF(DLRWISE!B:B,'SUMMARY-M'!B57,DLRWISE!Z:Z) -> 1 | R57: =O57-Q57 -> 3 | S57: =COUNTIFS(DLRWISE!B:B,'SUMMARY-M'!B57,DLRWISE!K:K,0,DLRWISE!N:N,"<"&30) -> 4 | T57: =O57-S57 -> 0
B58: BH 1 TOTAL | E58: =SUM(E55:E57) -> 0 | F58: =SUM(F55:F57) -> 0 | G58: =F58/E58 -> #DIV/0! | H58: =SUM(H55:H57) -> 37 | I58: =H58/L58 -> 0.39361702 | J58: =SUM(J55:J57) -> 31 | K58: =J58/$L58 -> 0.32978723 | L58: =SUM(L55:L57) -> 94 | M58: =SUM(M55:M57) -> 0 | N58: =SUM(N55:N57) -> 90 | O58: =SUM(O55:O57) -> 14 | P58: =O58/L58 -> 0.14893617 | Q58: =SUM(Q55:Q57) -> 8 | R58: =O58-Q58 -> 6 | S58: =SUM(S55:S57) -> 11 | T58: =O58-S58 -> 3
B59: SAHARSA | C59: AMRIT AKASH | D59: SUBHANKAR BASH | G59: =IFERROR(F59/E59,0) -> 0 | H59: =COUNTIFS(DLRWISE!S:S,"DEGROWTH",DLRWISE!B:B,'SUMMARY-M'!B59) -> 2 | I59: =H59/L59 -> 0.125 | J59: =COUNTIFS(DLRWISE!Y:Y,"DEGROWTH",DLRWISE!B:B,'SUMMARY-M'!B59) -> 3 | K59: =J59/$L59 -> 0.1875 | L59: =COUNTIFS(DLRWISE!B:B,'SUMMARY-M'!B59) -> 16 | M59: =COUNTIFS(DLRWISE!B:B,'SUMMARY-M'!B59,DLRWISE!H:H,DLRWISE!$H$2) -> 0 | N59: =COUNTIFS(DLRWISE!G:G,DLRWISE!$G$2,DLRWISE!B:B,'SUMMARY-M'!B59) -> 16 | O59: =COUNTIFS(DLRWISE!B:B,'SUMMARY-M'!B59,DLRWISE!K:K,"<="&0) -> 4 | P59: =O59/L59 -> 0.25 | Q59: =SUMIF(DLRWISE!B:B,'SUMMARY-M'!B59,DLRWISE!Z:Z) -> 3 | R59: =O59-Q59 -> 1 | S59: =COUNTIFS(DLRWISE!B:B,'SUMMARY-M'!B59,DLRWISE!K:K,0,DLRWISE!N:N,"<"&30) -> 4 | T59: =O59-S59 -> 0
B60: SUPAUL & MADHEPURA | C60: AMRIT AKASH | D60: SUBHANKAR BASH | G60: =IFERROR(F60/E60,0) -> 0 | H60: =COUNTIFS(DLRWISE!S:S,"DEGROWTH",DLRWISE!B:B,'SUMMARY-M'!B60) -> 4 | I60: =H60/L60 -> 0.33333333 | J60: =COUNTIFS(DLRWISE!Y:Y,"DEGROWTH",DLRWISE!B:B,'SUMMARY-M'!B60) -> 5 | K60: =J60/$L60 -> 0.41666667 | L60: =COUNTIFS(DLRWISE!B:B,'SUMMARY-M'!B60) -> 12 | M60: =COUNTIFS(DLRWISE!B:B,'SUMMARY-M'!B60,DLRWISE!H:H,DLRWISE!$H$2) -> 0 | N60: =COUNTIFS(DLRWISE!G:G,DLRWISE!$G$2,DLRWISE!B:B,'SUMMARY-M'!B60) -> 11 | O60: =COUNTIFS(DLRWISE!B:B,'SUMMARY-M'!B60,DLRWISE!K:K,"<="&0) -> 4 | P60: =O60/L60 -> 0.33333333 | Q60: =SUMIF(DLRWISE!B:B,'SUMMARY-M'!B60,DLRWISE!Z:Z) -> 2 | R60: =O60-Q60 -> 2 | S60: =COUNTIFS(DLRWISE!B:B,'SUMMARY-M'!B60,DLRWISE!K:K,0,DLRWISE!N:N,"<"&30) -> 3 | T60: =O60-S60 -> 1
B61: BHAGALPUR | C61: CHANDESHWAR TIWARI | D61: SUBHANKAR BASH | G61: =IFERROR(F61/E61,0) -> 0 | H61: =COUNTIFS(DLRWISE!S:S,"DEGROWTH",DLRWISE!B:B,'SUMMARY-M'!B61) -> 12 | I61: =H61/L61 -> 0.6 | J61: =COUNTIFS(DLRWISE!Y:Y,"DEGROWTH",DLRWISE!B:B,'SUMMARY-M'!B61) -> 7 | K61: =J61/$L61 -> 0.35 | L61: =COUNTIFS(DLRWISE!B:B,'SUMMARY-M'!B61) -> 20 | M61: =COUNTIFS(DLRWISE!B:B,'SUMMARY-M'!B61,DLRWISE!H:H,DLRWISE!$H$2) -> 0 | N61: =COUNTIFS(DLRWISE!G:G,DLRWISE!$G$2,DLRWISE!B:B,'SUMMARY-M'!B61) -> 19 | O61: =COUNTIFS(DLRWISE!B:B,'SUMMARY-M'!B61,DLRWISE!K:K,"<="&0) -> 4 | P61: =O61/L61 -> 0.2 | Q61: =SUMIF(DLRWISE!B:B,'SUMMARY-M'!B61,DLRWISE!Z:Z) -> 5 | R61: =O61-Q61 -> -1 | S61: =COUNTIFS(DLRWISE!B:B,'SUMMARY-M'!B61,DLRWISE!K:K,0,DLRWISE!N:N,"<"&30) -> 4 | T61: =O61-S61 -> 0
B62: BEGUSARAI | C62: BISHAL ARUN | D62: SUBHANKAR BASH | G62: =IFERROR(F62/E62,0) -> 0 | H62: =COUNTIFS(DLRWISE!S:S,"DEGROWTH",DLRWISE!B:B,'SUMMARY-M'!B62) -> 15 | I62: =H62/L62 -> 0.45454545 | J62: =COUNTIFS(DLRWISE!Y:Y,"DEGROWTH",DLRWISE!B:B,'SUMMARY-M'!B62) -> 13 | K62: =J62/$L62 -> 0.39393939 | L62: =COUNTIFS(DLRWISE!B:B,'SUMMARY-M'!B62) -> 33 | M62: =COUNTIFS(DLRWISE!B:B,'SUMMARY-M'!B62,DLRWISE!H:H,DLRWISE!$H$2) -> 0 | N62: =COUNTIFS(DLRWISE!G:G,DLRWISE!$G$2,DLRWISE!B:B,'SUMMARY-M'!B62) -> 28 | O62: =COUNTIFS(DLRWISE!B:B,'SUMMARY-M'!B62,DLRWISE!K:K,"<="&0) -> 13 | P62: =O62/L62 -> 0.39393939 | Q62: =SUMIF(DLRWISE!B:B,'SUMMARY-M'!B62,DLRWISE!Z:Z) -> 3 | R62: =O62-Q62 -> 10 | S62: =COUNTIFS(DLRWISE!B:B,'SUMMARY-M'!B62,DLRWISE!K:K,0,DLRWISE!N:N,"<"&30) -> 11 | T62: =O62-S62 -> 2
B63: MUZAFFARPUR | C63: SANJAY DUTTA | D63: SUBHANKAR BASH | G63: =IFERROR(F63/E63,0) -> 0 | H63: =COUNTIFS(DLRWISE!S:S,"DEGROWTH",DLRWISE!B:B,'SUMMARY-M'!B63) -> 11 | I63: =H63/L63 -> 0.39285714 | J63: =COUNTIFS(DLRWISE!Y:Y,"DEGROWTH",DLRWISE!B:B,'SUMMARY-M'!B63) -> 10 | K63: =J63/$L63 -> 0.35714286 | L63: =COUNTIFS(DLRWISE!B:B,'SUMMARY-M'!B63) -> 28 | M63: =COUNTIFS(DLRWISE!B:B,'SUMMARY-M'!B63,DLRWISE!H:H,DLRWISE!$H$2) -> 0 | N63: =COUNTIFS(DLRWISE!G:G,DLRWISE!$G$2,DLRWISE!B:B,'SUMMARY-M'!B63) -> 27 | O63: =COUNTIFS(DLRWISE!B:B,'SUMMARY-M'!B63,DLRWISE!K:K,"<="&0) -> 6 | P63: =O63/L63 -> 0.21428571 | Q63: =SUMIF(DLRWISE!B:B,'SUMMARY-M'!B63,DLRWISE!Z:Z) -> 10 | R63: =O63-Q63 -> -4 | S63: =COUNTIFS(DLRWISE!B:B,'SUMMARY-M'!B63,DLRWISE!K:K,0,DLRWISE!N:N,"<"&30) -> 6 | T63: =O63-S63 -> 0
B64: BH 2 TOTAL | E64: =SUM(E59:E63) -> 0 | F64: =SUM(F59:F63) -> 0 | G64: =F64/E64 -> #DIV/0! | H64: =SUM(H59:H63) -> 44 | I64: =H64/L64 -> 0.40366972 | J64: =SUM(J59:J63) -> 38 | K64: =J64/$L64 -> 0.34862385 | L64: =SUM(L59:L63) -> 109 | M64: =SUM(M59:M63) -> 0 | N64: =SUM(N59:N63) -> 101 | O64: =SUM(O59:O63) -> 31 | P64: =O64/L64 -> 0.28440367 | Q64: =SUM(Q59:Q63) -> 23 | R64: =O64-Q64 -> 8 | S64: =SUM(S59:S63) -> 28 | T64: =O64-S64 -> 3
B65: BH TOTAL | E65: =E64+E58 -> 0 | F65: =F64+F58 -> 0 | G65: =F65/E65 -> #DIV/0! | H65: =H64+H58 -> 81 | I65: =H65/L65 -> 0.39901478 | J65: =J64+J58 -> 69 | K65: =J65/$L65 -> 0.33990148 | L65: =L64+L58 -> 203 | M65: =M64+M58 -> 0 | N65: =N64+N58 -> 191 | O65: =O64+O58 -> 45 | P65: =O65/L65 -> 0.22167488 | Q65: =Q64+Q58 -> 31 | R65: =O65-Q65 -> 14 | S65: =S64+S58 -> 39 | T65: =O65-S65 -> 6
B66: ROE TOTAL | E66: =E65+E54 -> 0 | F66: =F65+F54 -> 0 | G66: =F66/E66 -> #DIV/0! | H66: =H65+H54 -> 173 | I66: =H66/L66 -> 0.39407745 | J66: =J65+J54 -> 169 | K66: =J66/$L66 -> 0.38496583 | L66: =L65+L54 -> 439 | M66: =M65+M54 -> 0 | N66: =N65+N54 -> 412 | O66: =O65+O54 -> 79 | P66: =O66/L66 -> 0.17995444 | Q66: =Q65+Q54 -> 49 | R66: =O66-Q66 -> 30 | S66: =S65+S54 -> 70 | T66: =O66-S66 -> 9
B67: GRAND TOTAL | E67: =E66+E42 -> 0 | F67: =F66+F42 -> 0 | G67: =F67/E67 -> #DIV/0! | H67: =H66+H42 -> 700 | I67: =H67/L67 -> 0.41055718 | J67: =J66+J42 -> 722 | K67: =J67/$L67 -> 0.42346041 | L67: =L66+L42 -> 1705 | M67: =M66+M42 -> 0 | N67: =N66+N42 -> 1585 | O67: =O66+O42 -> 269 | P67: =O67/L67 -> 0.15777126 | Q67: =Q66+Q42 -> 188 | R67: =O67-Q67 -> 81 | S67: =S66+S42 -> 227 | T67: =O67-S67 -> 42

Sheet Sheet1
A3: Row Labels | B3: Count of REGION
A4: NE 1 | B4: 448
A5: NE 2 | B5: 541
A6: BH | B6: 151
A7: NB 1 | B7: 120
A8: NB 2 | B8: 65
A9: Grand Total | B9: 1325

Sheet Sheet3
A3: Row Labels
A4: BH
A5: NE 1
A6: NE 2
A7: NB 1
A8: NB 2
A9: Grand Total

Sheet Sheet5
A3: Row Labels | B3: Count of DEALERS NAME
A4: BH | B4: 162
A5: NE 1 | B5: 477
A6: NE 2 | B6: 556
A7: NB 1 | B7: 124
A8: NB 2 | B8: 66
A9: Grand Total | B9: 1385

Sheet Sheet8
A3: Count of REGION
A4: REGION | B4: AREA | C4: Total
A5: BH | B5: BEGUSARAI | C5: 24
A6: BH | B6: BHAGALPUR | C6: 21
A7: BH | B7: KATIHAR | C7: 21
A8: BH | B8: KISHANGANJ | C8: 40
A9: BH | B9: MUZAFFARPUR | C9: 26
A10: BH | B10: PURNIA | C10: 20
A11: BH | B11: SAHARSA | C11: 12
A12: BH | B12: Supaul & Madhepura | C12: 9
A13: NB 1 | B13: ALIPURDUAR | C13: 16
A14: NB 1 | B14: Cooch Behar | C14: 34
A15: NB 1 | B15: DARJEELING HILLS | C15: 16
A16: NB 1 | B16: DARJEELING PLAINS | C16: 12
... A57: NE 2 | B57: UDAIPUR | C57: 39
A58: Grand Total | C58: 1545

Sheet Sheet9
B3: Row Labels | C3: Count of REGION | D3: Sum of asad | F3: Row Labels | G3: Count of REGION
B4: NE 1 | C4: 85 | D4: 0 | F4: NE 1 | G4: 543
B5: NE 2 | C5: 57 | D5: 0 | F5: NE 2 | G5: 615
B6: NB 1 | C6: 18 | D6: 0 | F6: NB 1 | G6: 138
B7: NB 2 | C7: 18 | D7: 0 | F7: NB 2 | G7: 76
B8: BH | C8: 56 | D8: 0 | F8: BH | G8: 173
B9: Grand Total | C9: 234 | D9: 0 | F9: Grand Total | G9: 1545

Sheet DLRWISE (4)
E1: 0 | F1: =TODAY()-5 -> 46305 | G1: 28 | H1: =SUBTOTAL(9,H3:H241) -> 0
A2: REGION | B2: AREA | C2: CODE | D2: SAP | E2: DEALERS NAME | F2: DOA | G2: Prorata Tgt | H2: 46081 | I2: ZERO | J2: REGION | K2: REGION | L2: asad
A3: NE 1 | B3: HOJAI | C3: S019 | D3: 1000000671 | E3: SANDHYA HARDWARE STORES | F3: 38390 | G3: =#REF!/$G$1*($G$1-$E$1) -> #REF! | H3: 0 | I3: 0 | K3: NE 1 | L3: 0
A4: NE 1 | B4: KARBIANGLONG | C4: NEU018 | D4: 1000000675 | E4: UNITED HARDWARE (MANJA) | F4: 42842 | G4: =#REF!/$G$1*($G$1-$E$1) -> #REF! | H4: 0 | I4: 0 | K4: NE 1 | L4: 0
A5: NE 1 | B5: NAGAON | C5: NEM194 | D5: 1000000659 | E5: MUSTAKIM HARDWARE | F5: 43258 | G5: =#REF!/$G$1*($G$1-$E$1) -> #REF! | H5: 0 | I5: 0 | K5: NE 1 | L5: 0
A6: NE 1 | B6: KARBIANGLONG | C6: NER243 | D6: 1000002728 | E6: RAJESH HARDWARE SHOP-HOJAI | F6: 44671 | G6: =#REF!/$G$1*($G$1-$E$1) -> #REF! | H6: 0 | I6: 0 | K6: NE 1 | L6: 0
A7: NE 1 | B7: HOJAI | C7: NEA371 | D7: 1000003243 | E7: ASHOK KEJARIWAL | F7: 44937 | G7: =#REF!/$G$1*($G$1-$E$1) -> #REF! | H7: 0 | I7: 0 | K7: NE 1 | L7: 0
A8: NE 1 | B8: HOJAI | C8: NEH150 | D8: 1000003823 | E8: HILLS HARDWARE & GLASS | F8: 45310 | G8: =#REF!/$G$1*($G$1-$E$1) -> #REF! | H8: 0 | I8: 0 | K8: NE 1 | L8: 0
A9: NE 1 | B9: HOJAI | C9: NEM428 | D9: 1000003948 | E9: MMR HARDWARE STORE | F9: 45422 | G9: =#REF!/$G$1*($G$1-$E$1) -> #REF! | H9: 0 | I9: 0 | K9: NE 1 | L9: 0
A10: NE 1 | B10: LAKHIMPUR | C10: NEB051 | D10: 1000000447 | E10: BALAJI STORE (LAKHIMPUR) | F10: 42510 | G10: =#REF!/$G$1*($G$1-$E$1) -> #REF! | H10: 0 | I10: 0 | K10: NE 1 | L10: 0
A11: NE 1 | B11: LAKHIMPUR | C11: NES674 | D11: 1000003643 | E11: JALAN STEEL | F11: 45126 | G11: =#REF!/$G$1*($G$1-$E$1) -> #REF! | H11: 0 | I11: 1 | K11: NE 1 | L11: 0
A12: NE 1 | B12: DHEMAJI | C12: NEN32 | D12: 1000003971 | E12: NEW MINA HARDWARE | F12: 45439 | G12: =#REF!/$G$1*($G$1-$E$1) -> #REF! | H12: 0 | I12: 0 | K12: NE 1 | L12: 0
A13: NE 1 | B13: AP- Banderdewa | C13: NEM172 | D13: 1000000074 | E13: MEGHA TRADE CENTRE | F13: 43171 | G13: =#REF!/$G$1*($G$1-$E$1) -> #REF! | H13: 0 | I13: 0 | K13: NE 1 | L13: 0
A14: NE 1 | B14: AP- Banderdewa | C14: NEM215 | D14: 1000000072 | E14: MAHESH TRADERS (AP) | F14: 43410 | G14: =#REF!/$G$1*($G$1-$E$1) -> #REF! | H14: 0 | I14: 0 | K14: NE 1 | L14: 0
... A164: NE 2 | B164: MIZORAM | C164: NEH138 | D164: 1000003442 | E164: HS ENTERPRISE | F164: 45008 | G164: =#REF!/$G$1*($G$1-$E$1) -> #REF! | H164: 0 | I164: 1 | K164: NE 2 | L164: 0
A165: NB 2 | B165: UTTAR DINAJPUR | C165: WBS345 | D165: 1000003824 | E165: SAHA & SONS - DALKHOLA | F165: 19.01.2024 | G165: =#REF!/$G$1*($G$1-$E$1) -> #REF! | H165: 0 | I165: 1 | K165: NB 2 | L165: 0
A166: NE 1 | B166: LAKHIMPUR | C166: NER351 | D166: 1000004285 | E166: R.D. ENTERPRISE | F166: 45736 | G166: =#REF!/$G$1*($G$1-$E$1) -> #REF! | H166: 0 | I166: 0 | K166: NE 1 | L166: 0
A167: NE 1 | B167: TINSUKIA | C167: NED263 | D167: 1000004293 | E167: DADAN PRASAD | F167: 45737 | G167: =#REF!/$G$1*($G$1-$E$1) -> #REF! | H167: 0 | I167: 0 | K167: NE 1 | L167: 0
A168: BH | B168: BEGUSARAI | C168: BHS262 | D168: 1000004271 | E168: SANJAY TRADERS - BELDOUR | F168: 45716 | G168: =#REF!/$G$1*($G$1-$E$1) -> #REF! | H168: 0 | I168: 0 | K168: BH | L168: 0
A169: BH | B169: SAHARSA | C169: BHS264 | D169: 1000004303 | E169: SARASWATI TRADERS | F169: 45741 | G169: =#REF!/$G$1*($G$1-$E$1) -> #REF! | H169: 0 | I169: 1 | K169: BH | L169: 0
A170: NB 2 | B170: DAKSHIN DINAJPUR | C170: WBS349 | D170: 1000004319 | E170: SARKAR TRADERS | F170: 44670 | G170: =#REF!/$G$1*($G$1-$E$1) -> #REF! | H170: 0 | I170: 1 | K170: NB 2 | L170: 0
A171: BH | B171: KATIHAR | C171: BHM125 | D171: 1000001982 | E171: MAA TRADING | F171: 44739 | G171: =#REF!/$G$1*($G$1-$E$1) -> #REF! | H171: 0 | I171: 0 | K171: BH | L171: 0
A172: NB 2 | B172: UTTAR DINAJPUR | C172: WBS350 | D172: 1000004320 | E172: S R ENTERPRISE | F172: 45768 | G172: =#REF!/$G$1*($G$1-$E$1) -> #REF! | H172: 0 | I172: 1 | K172: NB 2 | L172: 0
A173: NB 2 | B173: DAKSHIN DINAJPUR | C173: WBL041 | D173: 1000004332 | E173: LAHA ENTERPRISE - TAPAN | F173: 45772 | G173: =#REF!/$G$1*($G$1-$E$1) -> #REF! | H173: 0 | I173: 0 | K173: NB 2 | L173: 0
A174: NE 1 | B174: GOLAGHAT | C174: NEM471 | D174: 1000004336 | E174: MS BADANTA HAZARIKA | F174: 45776 | G174: =#REF!/$G$1*($G$1-$E$1) -> #REF! | H174: 0 | I174: 0 | K174: NE 1 | L174: 0
A175: NE 1 | B175: DHEMAJI | C175: NEK150 | D175: 1000000923 | E175: KAKA BHATIJA BHANDAR . NLP | F175: 44180 | G175: =#REF!/$G$1*($G$1-$E$1) -> #REF! | H175: 0 | I175: 0 | K175: NE 1 | L175: 0
A176: NE 1 | B176: NAGALAND | C176: NEG199 | D176: 1000004283 | E176: GEE BEE ENTERPRISE | F176: 45735 | G176: =#REF!/$G$1*($G$1-$E$1) -> #REF! | H176: 0 | I176: 0 | K176: NE 1 | L176: 0
A177: NB 2 | B177: MALDA | C177: WBM321 | D177: 1000004360 | E177: MASUD HARDWARE | F177: 45798 | G177: =#REF!/$G$1*($G$1-$E$1) -> #REF! | H177: 0 | I177: 0 | K177: NB 2 | L177: 0
... A198: NE 1 | B198: AP- Lekhabali | C198: NEN178 | D198: 1000000105 | E198: NEFA ENTERPRISES | F198: 44738 | G198: =#REF!/$G$1*($G$1-$E$1) -> #REF! | H198: 0 | I198: 0 | K198: NE 1 | L198: 0
A199: NE 1 | B199: AP- Lekhabali | C199: NET212 | D199: 1000004470 | E199: TADUK ENTERPRISES | F199: 45916 | G199: =#REF!/$G$1*($G$1-$E$1) -> #REF! | H199: 0 | K199: NE 1 | L199: 0
A200: BH | B200: BEGUSARAI | C200: BHP040 | D200: 1000002521 | E200: PRABHAT ENTERPRISES | F200: 44739 | G200: =#REF!/$G$1*($G$1-$E$1) -> #REF! | H200: 0 | K200: BH | L200: 0
A201: BH | B201: PURNIA | C201: BHJ062 | D201: 1000004461 | E201: JAY MAA KAMAKHYA ENTERPRISES | F201: 45920 | G201: =#REF!/$G$1*($G$1-$E$1) -> #REF! | H201: 0 | K201: BH | L201: 0
A202: NE 2 | B202: TURA HILLS | C202: NEN251 | D202: 1000004469 | E202: NAMBAT R MARAK | F202: 45915 | G202: =#REF!/$G$1*($G$1-$E$1) -> #REF! | H202: 0 | K202: NE 2 | L202: 0
A203: BH | B203: BEGUSARAI | C203: BHN035 | D203: 1000001984 | E203: NIKITA ENTERPRISES | F203: 44739 | G203: =#REF!/$G$1*($G$1-$E$1) -> #REF! | H203: 0 | K203: BH | L203: 0
A204: BH | B204: KISHANGANJ | C204: BHS270 | D204: 1000004499 | E204: SANAYA ENTERPRISES | F204: 45947 | G204: =#REF!/$G$1*($G$1-$E$1) -> #REF! | H204: 0 | K204: BH | L204: 0
A205: BH | B205: MUZAFFARPUR | C205: BHA103 | D205: 1000004286 | E205: ADITYA TRADERS - DEORIA | F205: 45737 | G205: =#REF!/$G$1*($G$1-$E$1) -> #REF! | H205: 0 | K205: BH | L205: 0
A206: NB 1 | B206: Cooch Behar | C206: S345 | D206: 1000001235 | E206: S.S.CONSTRUCTION | F206: 44739 | G206: =#REF!/$G$1*($G$1-$E$1) -> #REF! | H206: 0 | K206: NB 1 | L206: 0
A207: NE 1 | B207: GOLAGHAT | C207: NER233 | D207: 1000000840 | E207: R.P. STEEL . GOL | F207: 44738 | G207: =#REF!/$G$1*($G$1-$E$1) -> #REF! | H207: 0 | K207: NE 1 | L207: 0
A208: NE 1 | B208: HOJAI | C208: NEN255 | D208: 1000004495 | E208: M/S NOUFA HARDWARE | F208: 45936 | G208: =#REF!/$G$1*($G$1-$E$1) -> #REF! | H208: 0 | K208: NE 1 | L208: 0
A209: NE 1 | B209: JORHAT | C209: NEF045 | D209: 1000004500 | E209: M.S. ENTERPRISE | F209: 45948 | G209: =#REF!/$G$1*($G$1-$E$1) -> #REF! | H209: 0 | K209: NE 1 | L209: 0
A210: NE 1 | B210: NAGALAND | C210: NES653 | D210: 1000003494 | E210: SHANKAR STORES | F210: 45039 | G210: =#REF!/$G$1*($G$1-$E$1) -> #REF! | H210: 0 | K210: NE 1 | L210: 0
... A220: NE 2 | B220: Lower Assam- 2 (Barpeta) | C220: NEA125 | D220: 1000000531 | E220: AL AMIN HARDWARE (BARPETA) | F220: 44738 | G220: =#REF!/$G$1*($G$1-$E$1) -> #REF! | H220: 0 | K220: NE 2 | L220: 0
A221: BH | B221: BEGUSARAI | C221: BHS210 | D221: 1000002085 | E221: SHIVA TRADERS . BEGUSARAI | F221: 44739 | G221: =#REF!/$G$1*($G$1-$E$1) -> #REF! | H221: 0 | K221: 1000002085 | L221: 0
A222: BH | B222: BHAGALPUR | C222: BHG035 | D222: 1000001993 | E222: GAYANI ENTERPRISES | F222: 44739 | G222: =#REF!/$G$1*($G$1-$E$1) -> #REF! | H222: 0 | K222: 1000001993 | L222: 0
A223: NE 1 | B223: JORHAT | C223: NEF001 | D223: 1000000399 | E223: FREEDOM ENTERPRISE | F223: 44772 | G223: =#REF!/$G$1*($G$1-$E$1) -> #REF! | H223: 0 | K223: 1000000399 | L223: 0
A224: BH | B224: KISHANGANJ | C224: BHA102 | D224: 1000004160 | E224: A K TRADERS - LOHAGARA | F224: 45597 | G224: =#REF!/$G$1*($G$1-$E$1) -> #REF! | H224: 0 | K224: 1000004160 | L224: 0
A225: NE 2 | B225: Lower Assam- 3 | C225: NES650 | D225: 1000003476 | E225: SARKAR HARDWARE | F225: 45036 | G225: =#REF!/$G$1*($G$1-$E$1) -> #REF! | H225: 0 | K225: 1000003476 | L225: 0
A226: NE 2 | B226: MIZORAM | C226: NED168 | D226: 1000000989 | E226: DAVID ESS STEEL FABRICATION | F226: 44738 | G226: =#REF!/$G$1*($G$1-$E$1) -> #REF! | H226: 0 | K226: 1000000989 | L226: 0
A227: NE 1 | B227: SHILLONG | C227: NER267 | D227: 1000003195 | E227: RIBOK MASSAR | F227: 44925 | G227: =#REF!/$G$1*($G$1-$E$1) -> #REF! | H227: 0 | K227: 1000003195 | L227: 0
A228: NE 1 | B228: TINSUKIA | C228: NED248 | D228: 1000003993 | E228: D.S. ENTERPRISE | F228: 45443 | G228: =#REF!/$G$1*($G$1-$E$1) -> #REF! | H228: 0 | K228: 1000003993 | L228: 0
A229: NE 2 | B229: DARANG | C229: NEJ067 | D229: 1000000180 | E229: JYOTI TRADERS (DARANG) | F229: 44738 | G229: =#REF!/$G$1*($G$1-$E$1) -> #REF! | H229: 0 | K229: 1000004545 | L229: 0
A230: NE 1 | B230: JORHAT | C230: NEF046 | D230: 1000004536 | E230: MUKUTA BORAH AND BROTHERS | F230: 45978 | G230: =#REF!/$G$1*($G$1-$E$1) -> #REF! | H230: 0 | K230: 1000004545 | L230: 0
A231: BH | B231: KATIHAR | C231: S363 | D231: 1000001474 | E231: SUDAMA TRADERS | F231: 44739 | G231: =#REF!/$G$1*($G$1-$E$1) -> #REF! | H231: 0 | K231: 1000004545 | L231: 0
A232: NE 1 | B232: NAGAON | C232: NEB412 | D232: 1000004566 | E232: BHAI BHAI ENTERPRISE | F232: 46009 | G232: =#REF!/$G$1*($G$1-$E$1) -> #REF! | H232: 0 | K232: 1000004545 | L232: 0
... A236: NE 2 | B236: TURA HILLS | C236: NEM341 | D236: 1000002732 | E236: MARUTI STORE | F236: 44739 | G236: =#REF!/$G$1*($G$1-$E$1) -> #REF! | H236: 0 | K236: 1000004545 | L236: 0

Sheet DLRWISE (5)
E1: 2 | F1: =TODAY()-5 -> 46305 | I1: 46112 | J1: 30 | K1: =SUBTOTAL(9,K3:K1790) -> 375595.15 | N1: =SUBTOTAL(9,N3:N1661) -> 404486.5 | P1: =SUBTOTAL(9,P3:P1790) -> 406376.5 | T1: =SUBTOTAL(9,T3:T1661) -> 313779 | V1: =SUBTOTAL(9,V3:V1790) -> 314266.75
A2: REGION | B2: AREA | C2: CODE | D2: SAP | E2: DEALERS NAME | F2: DOA | G2: Targeted Dealer | H2: EXCLUSIVE DEALER | I2: Apr'26 Tgt | J2: Prorata Tgt | K2: 46142 | L2: Shortfall | M2: Prorata Achv % | N2: Mar'26 SALE | O2: Mar'26 DEALER | P2: Mar'26 SALE | Q2: VARIENCE | R2: GROWTH % | S2: Apr-26 Vs Mar-26 | T2: Apr-25 SALE | U2: Apr-25 Dealer | V2: Apr-25 SALE | W2: LYSM VARIENCE | X2: LYSM GROWTH % | Y2: Apr-25 SALE | Z2: ZERO | AA2: REGION | AB2: REGION | AC2: REGION | AD2: SD
A3: NE 1 | B3: NAGAON | C3: B014 | D3: 1000000638 | E3: BANIK HARDWARE | F3: 38384 | G3: =IF(I3>0,"Targeted Dealer","-") -> Targeted Dealer | I3: 100 | J3: =I3/$J$1*($J$1-$E$1) -> 93.333333 | K3: 60 | L3: =I3-K3 -> 40 | M3: =IFERROR((K3/J3%),"-") -> 64.285714 | N3: 222 | O3: =IF(F3<=$P$2,"Mar","") -> Mar | P3: =N3 -> 222 | Q3: =K3-P3 -> -162 | R3: =IFERROR(IF(O3="Mar",(K3/P3-1))," ") -> -0.72972973 | S3: =IF(N3>0,IF(O3="","-",IF(R3<0%,"DEGROWTH","GROWTH"))) -> DEGROWTH | T3: 60 | U3: =IF(F3<=$V$2,"Apr","") -> Apr | V3: 60 | W3: =K3-V3 -> 0 | X3: =IFERROR(IF(U3="Apr",(K3/V3-1)),0) -> 0 | Y3: =IF(T3>0,IF(U3="","-",IF(X3<0%,"DEGROWTH","GROWTH"))) -> GROWTH | Z3: 0 | AB3: NE 1 | AC3: NE 1 | AD3: =IF(K3=0,1,0) -> 0
A4: NE 1 | B4: HOJAI | C4: S019 | D4: 1000000671 | E4: SANDHYA HARDWARE STORES | F4: 38390 | G4: =IF(I4>0,"Targeted Dealer","-") -> Targeted Dealer | I4: 10 | J4: =I4/$J$1*($J$1-$E$1) -> 9.3333333 | K4: 0 | L4: =I4-K4 -> 10 | M4: =IFERROR((K4/J4%),"-") -> 0 | N4: 0 | O4: =IF(F4<=$P$2,"Mar","") -> Mar | P4: =N4 -> 0 | Q4: =K4-P4 -> 0 | R4: =IFERROR(IF(O4="Mar",(K4/P4-1))," ") | S4: =IF(N4>0,IF(O4="","-",IF(R4<0%,"DEGROWTH","GROWTH"))) -> FALSE | T4: 20 | U4: =IF(F4<=$V$2,"Apr","") -> Apr | V4: 20 | W4: =K4-V4 -> -20 | X4: =IFERROR(IF(U4="Apr",(K4/V4-1)),0) -> -1 | Y4: =IF(T4>0,IF(U4="","-",IF(X4<0%,"DEGROWTH","GROWTH"))) -> DEGROWTH | Z4: 0 | AB4: NE 1 | AC4: NE 1 | AD4: =IF(K4=0,1,0) -> 1
A5: NE 1 | B5: HOJAI | C5: S078 | D5: 1000000673 | E5: SREE BHANDER (SP FIRM) | F5: 38490 | G5: =IF(I5>0,"Targeted Dealer","-") -> Targeted Dealer | I5: 2060 | J5: =I5/$J$1*($J$1-$E$1) -> 1922.6667 | K5: 1680 | L5: =I5-K5 -> 380 | M5: =IFERROR((K5/J5%),"-") -> 87.378641 | N5: 1609 | O5: =IF(F5<=$P$2,"Mar","") -> Mar | P5: =N5 -> 1609 | Q5: =K5-P5 -> 71 | R5: =IFERROR(IF(O5="Mar",(K5/P5-1))," ") -> 0.044126787 | S5: =IF(N5>0,IF(O5="","-",IF(R5<0%,"DEGROWTH","GROWTH"))) -> GROWTH | T5: 1869.5 | U5: =IF(F5<=$V$2,"Apr","") -> Apr | V5: 1869.5 | W5: =K5-V5 -> -189.5 | X5: =IFERROR(IF(U5="Apr",(K5/V5-1)),0) -> -0.101364 | Y5: =IF(T5>0,IF(U5="","-",IF(X5<0%,"DEGROWTH","GROWTH"))) -> DEGROWTH | Z5: 0 | AB5: NE 1 | AC5: NE 1 | AD5: =IF(K5=0,1,0) -> 0
A6: NE 1 | B6: NAGAON | C6: S012 | D6: 1000000669 | E6: SAIKIA ENTERPRISE | F6: 39093 | G6: =IF(I6>0,"Targeted Dealer","-") -> Targeted Dealer | I6: 40 | J6: =I6/$J$1*($J$1-$E$1) -> 37.333333 | K6: 39 | L6: =I6-K6 -> 1 | M6: =IFERROR((K6/J6%),"-") -> 104.46429 | N6: 26 | O6: =IF(F6<=$P$2,"Mar","") -> Mar | P6: =N6 -> 26 | Q6: =K6-P6 -> 13 | R6: =IFERROR(IF(O6="Mar",(K6/P6-1))," ") -> 0.5 | S6: =IF(N6>0,IF(O6="","-",IF(R6<0%,"DEGROWTH","GROWTH"))) -> GROWTH | T6: 0 | U6: =IF(F6<=$V$2,"Apr","") -> Apr | V6: 0 | W6: =K6-V6 -> 39 | X6: =IFERROR(IF(U6="Apr",(K6/V6-1)),0) -> 0 | Y6: =IF(T6>0,IF(U6="","-",IF(X6<0%,"DEGROWTH","GROWTH"))) -> FALSE | Z6: 0 | AB6: NE 1 | AC6: NE 1 | AD6: =IF(K6=0,1,0) -> 0
A7: NE 1 | B7: NAGAON | C7: S113 | D7: 1000000668 | E7: S.N.HARDWARE (NAGAON) | F7: 39257 | G7: =IF(I7>0,"Targeted Dealer","-") -> Targeted Dealer | I7: 36 | J7: =I7/$J$1*($J$1-$E$1) -> 33.6 | K7: 13 | L7: =I7-K7 -> 23 | M7: =IFERROR((K7/J7%),"-") -> 38.690476 | N7: 13 | O7: =IF(F7<=$P$2,"Mar","") -> Mar | P7: =N7 -> 13 | Q7: =K7-P7 -> 0 | R7: =IFERROR(IF(O7="Mar",(K7/P7-1))," ") -> 0 | S7: =IF(N7>0,IF(O7="","-",IF(R7<0%,"DEGROWTH","GROWTH"))) -> GROWTH | T7: 13 | U7: =IF(F7<=$V$2,"Apr","") -> Apr | V7: 13 | W7: =K7-V7 -> 0 | X7: =IFERROR(IF(U7="Apr",(K7/V7-1)),0) -> 0 | Y7: =IF(T7>0,IF(U7="","-",IF(X7<0%,"DEGROWTH","GROWTH"))) -> GROWTH | Z7: 0 | AB7: NE 1 | AC7: NE 1 | AD7: =IF(K7=0,1,0) -> 0
A8: NE 1 | B8: HOJAI | C8: R096 | D8: 1000000665 | E8: RAFIK HARDWARE | F8: 40672 | G8: =IF(I8>0,"Targeted Dealer","-") -> Targeted Dealer | I8: 300 | J8: =I8/$J$1*($J$1-$E$1) -> 280 | K8: 380 | L8: =I8-K8 -> -80 | M8: =IFERROR((K8/J8%),"-") -> 135.71429 | N8: 280 | O8: =IF(F8<=$P$2,"Mar","") -> Mar | P8: =N8 -> 280 | Q8: =K8-P8 -> 100 | R8: =IFERROR(IF(O8="Mar",(K8/P8-1))," ") -> 0.35714286 | S8: =IF(N8>0,IF(O8="","-",IF(R8<0%,"DEGROWTH","GROWTH"))) -> GROWTH | T8: 300 | U8: =IF(F8<=$V$2,"Apr","") -> Apr | V8: 300 | W8: =K8-V8 -> 80 | X8: =IFERROR(IF(U8="Apr",(K8/V8-1)),0) -> 0.26666667 | Y8: =IF(T8>0,IF(U8="","-",IF(X8<0%,"DEGROWTH","GROWTH"))) -> GROWTH | Z8: 0 | AB8: NE 1 | AC8: NE 1 | AD8: =IF(K8=0,1,0) -> 0
A9: NE 1 | B9: NAGAON | C9: M238 | D9: 1000000653 | E9: MAA HARDWARE (NAGAON) | F9: 41186 | G9: =IF(I9>0,"Targeted Dealer","-") -> Targeted Dealer | I9: 100 | J9: =I9/$J$1*($J$1-$E$1) -> 93.333333 | K9: 40 | L9: =I9-K9 -> 60 | M9: =IFERROR((K9/J9%),"-") -> 42.857143 | N9: 40 | O9: =IF(F9<=$P$2,"Mar","") -> Mar | P9: =N9 -> 40 | Q9: =K9-P9 -> 0 | R9: =IFERROR(IF(O9="Mar",(K9/P9-1))," ") -> 0 | S9: =IF(N9>0,IF(O9="","-",IF(R9<0%,"DEGROWTH","GROWTH"))) -> GROWTH | T9: 90 | U9: =IF(F9<=$V$2,"Apr","") -> Apr | V9: 90 | W9: =K9-V9 -> -50 | X9: =IFERROR(IF(U9="Apr",(K9/V9-1)),0) -> -0.55555556 | Y9: =IF(T9>0,IF(U9="","-",IF(X9<0%,"DEGROWTH","GROWTH"))) -> DEGROWTH | Z9: 0 | AB9: NE 1 | AC9: NE 1 | AD9: =IF(K9=0,1,0) -> 0
A10: NE 1 | B10: HOJAI | C10: A162 | D10: 1000000634 | E10: ALAM AGRO INDUSTRY | F10: 41397 | G10: =IF(I10>0,"Targeted Dealer","-") -> Targeted Dealer | I10: 136 | J10: =I10/$J$1*($J$1-$E$1) -> 126.93333 | K10: 190 | L10: =I10-K10 -> -54 | M10: =IFERROR((K10/J10%),"-") -> 149.68487 | N10: 140 | O10: =IF(F10<=$P$2,"Mar","") -> Mar | P10: =N10 -> 140 | Q10: =K10-P10 -> 50 | R10: =IFERROR(IF(O10="Mar",(K10/P10-1))," ") -> 0.35714286 | S10: =IF(N10>0,IF(O10="","-",IF(R10<0%,"DEGROWTH","GROWTH"))) -> GROWTH | T10: 100 | U10: =IF(F10<=$V$2,"Apr","") -> Apr | V10: 100 | W10: =K10-V10 -> 90 | X10: =IFERROR(IF(U10="Apr",(K10/V10-1)),0) -> 0.9 | Y10: =IF(T10>0,IF(U10="","-",IF(X10<0%,"DEGROWTH","GROWTH"))) -> GROWTH | Z10: 0 | AB10: NE 1 | AC10: NE 1 | AD10: =IF(K10=0,1,0) -> 0
A11: NE 1 | B11: HOJAI | C11: NEM008 | D11: 1000000654 | E11: MAA MANASA HARDWARE (HOJAI) | F11: 41791 | G11: =IF(I11>0,"Targeted Dealer","-") -> Targeted Dealer | I11: 203 | J11: =I11/$J$1*($J$1-$E$1) -> 189.46667 | K11: 141 | L11: =I11-K11 -> 62 | M11: =IFERROR((K11/J11%),"-") -> 74.419423 | N11: 81 | O11: =IF(F11<=$P$2,"Mar","") -> Mar | P11: =N11 -> 81 | Q11: =K11-P11 -> 60 | R11: =IFERROR(IF(O11="Mar",(K11/P11-1))," ") -> 0.74074074 | S11: =IF(N11>0,IF(O11="","-",IF(R11<0%,"DEGROWTH","GROWTH"))) -> GROWTH | T11: 180 | U11: =IF(F11<=$V$2,"Apr","") -> Apr | V11: 180 | W11: =K11-V11 -> -39 | X11: =IFERROR(IF(U11="Apr",(K11/V11-1)),0) -> -0.21666667 | Y11: =IF(T11>0,IF(U11="","-",IF(X11<0%,"DEGROWTH","GROWTH"))) -> DEGROWTH | Z11: 0 | AB11: NE 1 | AC11: NE 1 | AD11: =IF(K11=0,1,0) -> 0
A12: NE 1 | B12: NAGAON | C12: NEM025 | D12: 1000000655 | E12: MAHABIR HARDWARE (DOOM DOOMIA) | F12: 41927 | G12: =IF(I12>0,"Targeted Dealer","-") -> Targeted Dealer | I12: 41 | J12: =I12/$J$1*($J$1-$E$1) -> 38.266667 | K12: 20 | L12: =I12-K12 -> 21 | M12: =IFERROR((K12/J12%),"-") -> 52.264808 | N12: 20 | O12: =IF(F12<=$P$2,"Mar","") -> Mar | P12: =N12 -> 20 | Q12: =K12-P12 -> 0 | R12: =IFERROR(IF(O12="Mar",(K12/P12-1))," ") -> 0 | S12: =IF(N12>0,IF(O12="","-",IF(R12<0%,"DEGROWTH","GROWTH"))) -> GROWTH | T12: 20 | U12: =IF(F12<=$V$2,"Apr","") -> Apr | V12: 20 | W12: =K12-V12 -> 0 | X12: =IFERROR(IF(U12="Apr",(K12/V12-1)),0) -> 0 | Y12: =IF(T12>0,IF(U12="","-",IF(X12<0%,"DEGROWTH","GROWTH"))) -> GROWTH | Z12: 0 | AB12: NE 1 | AC12: NE 1 | AD12: =IF(K12=0,1,0) -> 0
A13: NE 1 | B13: HOJAI | C13: NEA028 | D13: 1000000633 | E13: A. HAQUE HARDWARE | F13: 42048 | G13: =IF(I13>0,"Targeted Dealer","-") -> Targeted Dealer | I13: 181 | J13: =I13/$J$1*($J$1-$E$1) -> 168.93333 | K13: 153 | L13: =I13-K13 -> 28 | M13: =IFERROR((K13/J13%),"-") -> 90.568272 | N13: 120 | O13: =IF(F13<=$P$2,"Mar","") -> Mar | P13: =N13 -> 120 | Q13: =K13-P13 -> 33 | R13: =IFERROR(IF(O13="Mar",(K13/P13-1))," ") -> 0.275 | S13: =IF(N13>0,IF(O13="","-",IF(R13<0%,"DEGROWTH","GROWTH"))) -> GROWTH | T13: 180 | U13: =IF(F13<=$V$2,"Apr","") -> Apr | V13: 180 | W13: =K13-V13 -> -27 | X13: =IFERROR(IF(U13="Apr",(K13/V13-1)),0) -> -0.15 | Y13: =IF(T13>0,IF(U13="","-",IF(X13<0%,"DEGROWTH","GROWTH"))) -> DEGROWTH | Z13: 0 | AB13: NE 1 | AC13: NE 1 | AD13: =IF(K13=0,1,0) -> 0
A14: NE 1 | B14: HOJAI | C14: NES132 | D14: 1000000672 | E14: SHARMA HARDWARE (NAGAON) | F14: 42448 | G14: =IF(I14>0,"Targeted Dealer","-") -> Targeted Dealer | I14: 70 | J14: =I14/$J$1*($J$1-$E$1) -> 65.333333 | K14: 18 | L14: =I14-K14 -> 52 | M14: =IFERROR((K14/J14%),"-") -> 27.55102 | N14: 46 | O14: =IF(F14<=$P$2,"Mar","") -> Mar | P14: =N14 -> 46 | Q14: =K14-P14 -> -28 | R14: =IFERROR(IF(O14="Mar",(K14/P14-1))," ") -> -0.60869565 | S14: =IF(N14>0,IF(O14="","-",IF(R14<0%,"DEGROWTH","GROWTH"))) -> DEGROWTH | T14: 40 | U14: =IF(F14<=$V$2,"Apr","") -> Apr | V14: 40 | W14: =K14-V14 -> -22 | X14: =IFERROR(IF(U14="Apr",(K14/V14-1)),0) -> -0.55 | Y14: =IF(T14>0,IF(U14="","-",IF(X14<0%,"DEGROWTH","GROWTH"))) -> DEGROWTH | Z14: 0 | AB14: NE 1 | AC14: NE 1 | AD14: =IF(K14=0,1,0) -> 0
... A1319: NE 1 | B1319: MANIPUR | C1319: T053 | D1319: 1000000580 | E1319: THANGJING HARDWARE | F1319: 44738 | G1319: =IF(I1319>0,"Targeted Dealer","-") -> Targeted Dealer | I1319: 55 | J1319: =I1319/$J$1*($J$1-$E$1) -> 51.333333 | K1319: 233 | L1319: =I1319-K1319 -> -178 | M1319: =IFERROR((K1319/J1319%),"-") -> 453.8961 | N1319: 159 | O1319: =IF(F1319<=$P$2,"Mar","") -> Mar | P1319: =N1319 -> 159 | Q1319: =K1319-P1319 -> 74 | R1319: =IFERROR(IF(O1319="Mar",(K1319/P1319-1))," ") -> 0.46540881 | S1319: =IF(N1319>0,IF(O1319="","-",IF(R1319<0%,"DEGROWTH","GROWTH"))) -> GROWTH | T1319: 0 | U1319: =IF(F1319<=$V$2,"Apr","") -> Apr | V1319: 0 | W1319: =K1319-V1319 -> 233 | X1319: =IFERROR(IF(U1319="Apr",(K1319/V1319-1)),0) -> 0 | Y1319: =IF(T1319>0,IF(U1319="","-",IF(X1319<0%,"DEGROWTH","GROWTH"))) -> FALSE | Z1319: 0 | AB1319: NE 1 | AC1319: NE 1 | AD1319: =IF(K1319=0,1,0) -> 0
A1320: NE 1 | B1320: TEZPUR | C1320: NER348 | D1320: 1000004227 | E1320: R M HARDWARE | F1320: 28.01.2025 | G1320: =IF(I1320>0,"Targeted Dealer","-") -> Targeted Dealer | I1320: 70 | J1320: =I1320/$J$1*($J$1-$E$1) -> 65.333333 | K1320: 29.7 | L1320: =I1320-K1320 -> 40.3 | M1320: =IFERROR((K1320/J1320%),"-") -> 45.459184 | N1320: 117.5 | O1320: =IF(F1320<=$P$2,"Mar","") -> Mar | P1320: =N1320 -> 117.5 | Q1320: =K1320-P1320 -> -87.8 | R1320: =IFERROR(IF(O1320="Mar",(K1320/P1320-1))," ") -> -0.74723404 | S1320: =IF(N1320>0,IF(O1320="","-",IF(R1320<0%,"DEGROWTH","GROWTH"))) -> DEGROWTH | T1320: 61.5 | U1320: =IF(F1320<=$V$2,"Apr","") -> Apr | V1320: 61.5 | W1320: =K1320-V1320 -> -31.8 | X1320: =IFERROR(IF(U1320="Apr",(K1320/V1320-1)),0) -> -0.51707317 | Y1320: =IF(T1320>0,IF(U1320="","-",IF(X1320<0%,"DEGROWTH","GROWTH"))) -> DEGROWTH | Z1320: 0 | AB1320: NE 1 | AC1320: NE 1 | AD1320: =IF(K1320=0,1,0) -> 0
A1321: BH | B1321: KATIHAR | C1321: BHS261 | D1321: 1000004242 | E1321: SAGAR KHAD BEEJ BHANDAR | F1321: 45686 | G1321: =IF(I1321>0,"Targeted Dealer","-") -> Targeted Dealer | I1321: 30 | J1321: =I1321/$J$1*($J$1-$E$1) -> 28 | K1321: 25 | L1321: =I1321-K1321 -> 5 | M1321: =IFERROR((K1321/J1321%),"-") -> 89.285714 | N1321: 0 | O1321: =IF(F1321<=$P$2,"Mar","") -> Mar | P1321: =N1321 -> 0 | Q1321: =K1321-P1321 -> 25 | R1321: =IFERROR(IF(O1321="Mar",(K1321/P1321-1))," ") | S1321: =IF(N1321>0,IF(O1321="","-",IF(R1321<0%,"DEGROWTH","GROWTH"))) -> FALSE | T1321: 37 | U1321: =IF(F1321<=$V$2,"Apr","") -> Apr | V1321: 37 | W1321: =K1321-V1321 -> -12 | X1321: =IFERROR(IF(U1321="Apr",(K1321/V1321-1)),0) -> -0.32432432 | Y1321: =IF(T1321>0,IF(U1321="","-",IF(X1321<0%,"DEGROWTH","GROWTH"))) -> DEGROWTH | Z1321: 0 | AB1321: NE 1 | AC1321: BH | AD1321: =IF(K1321=0,1,0) -> 0
A1322: NE 2 | B1322: CACHAR | C1322: NES777 | D1322: 1000004230 | E1322: SUMITA TRADERS | F1322: 45685 | G1322: =IF(I1322>0,"Targeted Dealer","-") -> Targeted Dealer | I1322: 40 | J1322: =I1322/$J$1*($J$1-$E$1) -> 37.333333 | K1322: 15 | L1322: =I1322-K1322 -> 25 | M1322: =IFERROR((K1322/J1322%),"-") -> 40.178571 | N1322: 32 | O1322: =IF(F1322<=$P$2,"Mar","") -> Mar | P1322: =N1322 -> 32 | Q1322: =K1322-P1322 -> -17 | R1322: =IFERROR(IF(O1322="Mar",(K1322/P1322-1))," ") -> -0.53125 | S1322: =IF(N1322>0,IF(O1322="","-",IF(R1322<0%,"DEGROWTH","GROWTH"))) -> DEGROWTH | T1322: 57.5 | U1322: =IF(F1322<=$V$2,"Apr","") -> Apr | V1322: 57.5 | W1322: =K1322-V1322 -> -42.5 | X1322: =IFERROR(IF(U1322="Apr",(K1322/V1322-1)),0) -> -0.73913043 | Y1322: =IF(T1322>0,IF(U1322="","-",IF(X1322<0%,"DEGROWTH","GROWTH"))) -> DEGROWTH | Z1322: 0 | AB1322: NE 1 | AC1322: NE 2 | AD1322: =IF(K1322=0,1,0) -> 0
A1323: NE 2 | B1323: KARIMGANJ | C1323: NEA488 | D1323: 1000004262 | E1323: A & A ENTERPRISE | F1323: 45689 | G1323: =IF(I1323>0,"Targeted Dealer","-") -> Targeted Dealer | I1323: 10 | J1323: =I1323/$J$1*($J$1-$E$1) -> 9.3333333 | K1323: 0 | L1323: =I1323-K1323 -> 10 | M1323: =IFERROR((K1323/J1323%),"-") -> 0 | N1323: 0 | O1323: =IF(F1323<=$P$2,"Mar","") -> Mar | P1323: =N1323 -> 0 | Q1323: =K1323-P1323 -> 0 | R1323: =IFERROR(IF(O1323="Mar",(K1323/P1323-1))," ") | S1323: =IF(N1323>0,IF(O1323="","-",IF(R1323<0%,"DEGROWTH","GROWTH"))) -> FALSE | T1323: 26 | U1323: =IF(F1323<=$V$2,"Apr","") -> Apr | V1323: 26 | W1323: =K1323-V1323 -> -26 | X1323: =IFERROR(IF(U1323="Apr",(K1323/V1323-1)),0) -> -1 | Y1323: =IF(T1323>0,IF(U1323="","-",IF(X1323<0%,"DEGROWTH","GROWTH"))) -> DEGROWTH | Z1323: 0 | AB1323: NE 1 | AC1323: NE 2 | AD1323: =IF(K1323=0,1,0) -> 1
A1324: NE 1 | B1324: MANIPUR | C1324: NEP309 | D1324: 1000004224 | E1324: PK AGENCY | F1324: 45684 | G1324: =IF(I1324>0,"Targeted Dealer","-") -> Targeted Dealer | I1324: 55 | J1324: =I1324/$J$1*($J$1-$E$1) -> 51.333333 | K1324: 0 | L1324: =I1324-K1324 -> 55 | M1324: =IFERROR((K1324/J1324%),"-") -> 0 | N1324: 0 | O1324: =IF(F1324<=$P$2,"Mar","") -> Mar | P1324: =N1324 -> 0 | Q1324: =K1324-P1324 -> 0 | R1324: =IFERROR(IF(O1324="Mar",(K1324/P1324-1))," ") | S1324: =IF(N1324>0,IF(O1324="","-",IF(R1324<0%,"DEGROWTH","GROWTH"))) -> FALSE | T1324: 28 | U1324: =IF(F1324<=$V$2,"Apr","") -> Apr | V1324: 28 | W1324: =K1324-V1324 -> -28 | X1324: =IFERROR(IF(U1324="Apr",(K1324/V1324-1)),0) -> -1 | Y1324: =IF(T1324>0,IF(U1324="","-",IF(X1324<0%,"DEGROWTH","GROWTH"))) -> DEGROWTH | Z1324: 0 | AB1324: NE 1 | AC1324: NE 1 | AD1324: =IF(K1324=0,1,0) -> 1
A1325: NE 2 | B1325: GUWAHATI URBAN | C1325: NEA484 | D1325: 1000004213 | E1325: ANAND HARDWARE | F1325: 45667 | G1325: =IF(I1325>0,"Targeted Dealer","-") -> Targeted Dealer | I1325: 20 | J1325: =I1325/$J$1*($J$1-$E$1) -> 18.666667 | K1325: 0 | L1325: =I1325-K1325 -> 20 | M1325: =IFERROR((K1325/J1325%),"-") -> 0 | N1325: 0 | O1325: =IF(F1325<=$P$2,"Mar","") -> Mar | P1325: =N1325 -> 0 | Q1325: =K1325-P1325 -> 0 | R1325: =IFERROR(IF(O1325="Mar",(K1325/P1325-1))," ") | S1325: =IF(N1325>0,IF(O1325="","-",IF(R1325<0%,"DEGROWTH","GROWTH"))) -> FALSE | T1325: 6 | U1325: =IF(F1325<=$V$2,"Apr","") -> Apr | V1325: 6 | W1325: =K1325-V1325 -> -6 | X1325: =IFERROR(IF(U1325="Apr",(K1325/V1325-1)),0) -> -1 | Y1325: =IF(T1325>0,IF(U1325="","-",IF(X1325<0%,"DEGROWTH","GROWTH"))) -> DEGROWTH | Z1325: 0 | AB1325: NE 1 | AC1325: NE 2 | AD1325: =IF(K1325=0,1,0) -> 1
A1326: NE 1 | B1326: NAGAON | C1326: NES770 | D1326: 1000004186 | E1326: SHRI SIDDHIVINAYAK STEEL | F1326: 45636 | G1326: =IF(I1326>0,"Targeted Dealer","-") -> Targeted Dealer | I1326: 50 | J1326: =I1326/$J$1*($J$1-$E$1) -> 46.666667 | K1326: 13 | L1326: =I1326-K1326 -> 37 | M1326: =IFERROR((K1326/J1326%),"-") -> 27.857143 | N1326: 26 | O1326: =IF(F1326<=$P$2,"Mar","") -> Mar | P1326: =N1326 -> 26 | Q1326: =K1326-P1326 -> -13 | R1326: =IFERROR(IF(O1326="Mar",(K1326/P1326-1))," ") -> -0.5 | S1326: =IF(N1326>0,IF(O1326="","-",IF(R1326<0%,"DEGROWTH","GROWTH"))) -> DEGROWTH | T1326: 62 | U1326: =IF(F1326<=$V$2,"Apr","") -> Apr | V1326: 62 | W1326: =K1326-V1326 -> -49 | X1326: =IFERROR(IF(U1326="Apr",(K1326/V1326-1)),0) -> -0.79032258 | Y1326: =IF(T1326>0,IF(U1326="","-",IF(X1326<0%,"DEGROWTH","GROWTH"))) -> DEGROWTH | Z1326: 0 | AB1326: NE 1 | AC1326: NE 1 | AD1326: =IF(K1326=0,1,0) -> 0
A1327: NE 1 | B1327: AP- Tinsukia Side | C1327: NEH102 | D1327: 1000000116 | E1327: HANNON ENTERPRISE . APS | F1327: 44738 | G1327: =IF(I1327>0,"Targeted Dealer","-") -> Targeted Dealer | I1327: 30 | J1327: =I1327/$J$1*($J$1-$E$1) -> 28 | K1327: 0 | L1327: =I1327-K1327 -> 30 | M1327: =IFERROR((K1327/J1327%),"-") -> 0 | N1327: 30 | O1327: =IF(F1327<=$P$2,"Mar","") -> Mar | P1327: =N1327 -> 30 | Q1327: =K1327-P1327 -> -30 | R1327: =IFERROR(IF(O1327="Mar",(K1327/P1327-1))," ") -> -1 | S1327: =IF(N1327>0,IF(O1327="","-",IF(R1327<0%,"DEGROWTH","GROWTH"))) -> DEGROWTH | T1327: 0 | U1327: =IF(F1327<=$V$2,"Apr","") -> Apr | V1327: 0 | W1327: =K1327-V1327 -> 0 | X1327: =IFERROR(IF(U1327="Apr",(K1327/V1327-1)),0) -> 0 | Y1327: =IF(T1327>0,IF(U1327="","-",IF(X1327<0%,"DEGROWTH","GROWTH"))) -> FALSE | Z1327: 0 | AB1327: NE 1 | AC1327: NE 1 | AD1327: =IF(K1327=0,1,0) -> 1
A1328: NE 1 | B1328: GOLAGHAT | C1328: NES645 | D1328: 1000003453 | E1328: SARMAH SUPPLIERS | F1328: 45012 | G1328: =IF(I1328>0,"Targeted Dealer","-") -> Targeted Dealer | I1328: 30 | J1328: =I1328/$J$1*($J$1-$E$1) -> 28 | K1328: 20 | L1328: =I1328-K1328 -> 10 | M1328: =IFERROR((K1328/J1328%),"-") -> 71.428571 | N1328: 20 | O1328: =IF(F1328<=$P$2,"Mar","") -> Mar | P1328: =N1328 -> 20 | Q1328: =K1328-P1328 -> 0 | R1328: =IFERROR(IF(O1328="Mar",(K1328/P1328-1))," ") -> 0 | S1328: =IF(N1328>0,IF(O1328="","-",IF(R1328<0%,"DEGROWTH","GROWTH"))) -> GROWTH | T1328: 10 | U1328: =IF(F1328<=$V$2,"Apr","") -> Apr | V1328: 10 | W1328: =K1328-V1328 -> 10 | X1328: =IFERROR(IF(U1328="Apr",(K1328/V1328-1)),0) -> 1 | Y1328: =IF(T1328>0,IF(U1328="","-",IF(X1328<0%,"DEGROWTH","GROWTH"))) -> GROWTH | Z1328: 0 | AB1328: NE 1 | AC1328: NE 1 | AD1328: =IF(K1328=0,1,0) -> 0
A1329: NE 1 | B1329: SIBSAGAR | C1329: NED228 | D1329: 1000003588 | E1329: DEEPLING HARDWARE STORE | F1329: 45084 | G1329: =IF(I1329>0,"Targeted Dealer","-") -> Targeted Dealer | I1329: 70 | J1329: =I1329/$J$1*($J$1-$E$1) -> 65.333333 | K1329: 0 | L1329: =I1329-K1329 -> 70 | M1329: =IFERROR((K1329/J1329%),"-") -> 0 | N1329: 0 | O1329: =IF(F1329<=$P$2,"Mar","") -> Mar | P1329: =N1329 -> 0 | Q1329: =K1329-P1329 -> 0 | R1329: =IFERROR(IF(O1329="Mar",(K1329/P1329-1))," ") | S1329: =IF(N1329>0,IF(O1329="","-",IF(R1329<0%,"DEGROWTH","GROWTH"))) -> FALSE | T1329: 60 | U1329: =IF(F1329<=$V$2,"Apr","") -> Apr | V1329: 60 | W1329: =K1329-V1329 -> -60 | X1329: =IFERROR(IF(U1329="Apr",(K1329/V1329-1)),0) -> -1 | Y1329: =IF(T1329>0,IF(U1329="","-",IF(X1329<0%,"DEGROWTH","GROWTH"))) -> DEGROWTH | Z1329: 0 | AB1329: NE 1 | AC1329: NE 1 | AD1329: =IF(K1329=0,1,0) -> 1
A1330: NE 2 | B1330: KARIMGANJ | C1330: NEF032 | D1330: 1000004265 | E1330: F. A. TRADING AND CO | F1330: 45698 | G1330: =IF(I1330>0,"Targeted Dealer","-") -> Targeted Dealer | I1330: 50 | J1330: =I1330/$J$1*($J$1-$E$1) -> 46.666667 | K1330: 79.2 | L1330: =I1330-K1330 -> -29.2 | M1330: =IFERROR((K1330/J1330%),"-") -> 169.71429 | N1330: 47.4 | O1330: =IF(F1330<=$P$2,"Mar","") -> Mar | P1330: =N1330 -> 47.4 | Q1330: =K1330-P1330 -> 31.8 | R1330: =IFERROR(IF(O1330="Mar",(K1330/P1330-1))," ") -> 0.67088608 | S1330: =IF(N1330>0,IF(O1330="","-",IF(R1330<0%,"DEGROWTH","GROWTH"))) -> GROWTH | T1330: 25.7 | U1330: =IF(F1330<=$V$2,"Apr","") -> Apr | V1330: 25.7 | W1330: =K1330-V1330 -> 53.5 | X1330: =IFERROR(IF(U1330="Apr",(K1330/V1330-1)),0) -> 2.0817121 | Y1330: =IF(T1330>0,IF(U1330="","-",IF(X1330<0%,"DEGROWTH","GROWTH"))) -> GROWTH | Z1330: 0 | AB1330: NE 1 | AC1330: NE 2 | AD1330: =IF(K1330=0,1,0) -> 0
A1331: NE 1 | B1331: SIBSAGAR | C1331: NEO046 | D1331: 1000004252 | E1331: OM HARDWARE | F1331: 45686 | G1331: =IF(I1331>0,"Targeted Dealer","-") -> Targeted Dealer | I1331: 120 | J1331: =I1331/$J$1*($J$1-$E$1) -> 112 | K1331: 140 | L1331: =I1331-K1331 -> -20 | M1331: =IFERROR((K1331/J1331%),"-") -> 125 | N1331: 200 | O1331: =IF(F1331<=$P$2,"Mar","") -> Mar | P1331: =N1331 -> 200 | Q1331: =K1331-P1331 -> -60 | R1331: =IFERROR(IF(O1331="Mar",(K1331/P1331-1))," ") -> -0.3 | S1331: =IF(N1331>0,IF(O1331="","-",IF(R1331<0%,"DEGROWTH","GROWTH"))) -> DEGROWTH | T1331: 60 | U1331: =IF(F1331<=$V$2,"Apr","") -> Apr | V1331: 60 | W1331: =K1331-V1331 -> 80 | X1331: =IFERROR(IF(U1331="Apr",(K1331/V1331-1)),0) -> 1.3333333 | Y1331: =IF(T1331>0,IF(U1331="","-",IF(X1331<0%,"DEGROWTH","GROWTH"))) -> GROWTH | Z1331: 0 | AB1331: NE 1 | AC1331: NE 1 | AD1331: =IF(K1331=0,1,0) -> 0
A1332: NB 2 | B1332: MALDA | C1332: WBM320 | D1332: 1000004232 | E1332: MOHAMMAD HARDWEARS | F1332: 45679 | G1332: =IF(I1332>0,"Targeted Dealer","-") -> Targeted Dealer | I1332: 50 | J1332: =I1332/$J$1*($J$1-$E$1) -> 46.666667 | K1332: 72 | L1332: =I1332-K1332 -> -22 | M1332: =IFERROR((K1332/J1332%),"-") -> 154.28571 | N1332: 28.5 | O1332: =IF(F1332<=$P$2,"Mar","") -> Mar | P1332: =N1332 -> 28.5 | Q1332: =K1332-P1332 -> 43.5 | R1332: =IFERROR(IF(O1332="Mar",(K1332/P1332-1))," ") -> 1.5263158 | S1332: =IF(N1332>0,IF(O1332="","-",IF(R1332<0%,"DEGROWTH","GROWTH"))) -> GROWTH | T1332: 95 | U1332: =IF(F1332<=$V$2,"Apr","") -> Apr | V1332: 95 | W1332: =K1332-V1332 -> -23 | X1332: =IFERROR(IF(U1332="Apr",(K1332/V1332-1)),0) -> -0.24210526 | Y1332: =IF(T1332>0,IF(U1332="","-",IF(X1332<0%,"DEGROWTH","GROWTH"))) -> DEGROWTH | Z1332: 0 | AB1332: NE 1 | AC1332: NB 2 | AD1332: =IF(K1332=0,1,0) -> 0
... A1345: NE 1 | B1345: LAKHIMPUR | C1345: NED262 | D1345: 1000004277 | E1345: DIHINGIA PLY | F1345: 45731 | G1345: =IF(I1345>0,"Targeted Dealer","-") -> Targeted Dealer | I1345: 20 | J1345: =I1345/$J$1*($J$1-$E$1) -> 18.666667 | K1345: 0 | L1345: =I1345-K1345 -> 20 | M1345: =IFERROR((K1345/J1345%),"-") -> 0 | N1345: 20 | O1345: =IF(F1345<=$P$2,"Mar","") -> Mar | P1345: =N1345 -> 20 | Q1345: =K1345-P1345 -> -20 | R1345: =IFERROR(IF(O1345="Mar",(K1345/P1345-1))," ") -> -1 | S1345: =IF(N1345>0,IF(O1345="","-",IF(R1345<0%,"DEGROWTH","GROWTH"))) -> DEGROWTH | T1345: 40 | U1345: =IF(F1345<=$V$2,"Apr","") -> Apr | V1345: 40 | W1345: =K1345-V1345 -> -40 | X1345: =IFERROR(IF(U1345="Apr",(K1345/V1345-1)),0) -> -1 | Y1345: =IF(T1345>0,IF(U1345="","-",IF(X1345<0%,"DEGROWTH","GROWTH"))) -> DEGROWTH | Z1345: 0 | AB1345: NE 1 | AC1345: NE 1 | AD1345: =IF(K1345=0,1,0) -> 1
A1346: NB 2 | B1346: UTTAR DINAJPUR | C1346: WBS345 | D1346: 1000003824 | E1346: SAHA & SONS - DALKHOLA | F1346: 19.01.2024 | G1346: =IF(I1346>0,"Targeted Dealer","-") -> Targeted Dealer | I1346: 200 | J1346: =I1346/$J$1*($J$1-$E$1) -> 186.66667 | K1346: 0 | L1346: =I1346-K1346 -> 200 | M1346: =IFERROR((K1346/J1346%),"-") -> 0 | N1346: 0 | O1346: =IF(F1346<=$P$2,"Mar","") -> Mar | P1346: =N1346 -> 0 | Q1346: =K1346-P1346 -> 0 | R1346: =IFERROR(IF(O1346="Mar",(K1346/P1346-1))," ") | S1346: =IF(N1346>0,IF(O1346="","-",IF(R1346<0%,"DEGROWTH","GROWTH"))) -> FALSE | T1346: 128.25 | U1346: =IF(F1346<=$V$2,"Apr","") -> Apr | V1346: 128.25 | W1346: =K1346-V1346 -> -128.25 | X1346: =IFERROR(IF(U1346="Apr",(K1346/V1346-1)),0) -> -1 | Y1346: =IF(T1346>0,IF(U1346="","-",IF(X1346<0%,"DEGROWTH","GROWTH"))) -> DEGROWTH | Z1346: 0 | AB1346: NE 1 | AC1346: NB 2 | AD1346: =IF(K1346=0,1,0) -> 1
A1347: BH | B1347: KATIHAR | C1347: BHM121 | D1347: 1000001466 | E1347: MANDAL ENTERPRISES . GAURIGANJ | F1347: 44113 | G1347: =IF(I1347>0,"Targeted Dealer","-") -> Targeted Dealer | I1347: 50 | J1347: =I1347/$J$1*($J$1-$E$1) -> 46.666667 | K1347: 0 | L1347: =I1347-K1347 -> 50 | M1347: =IFERROR((K1347/J1347%),"-") -> 0 | N1347: 0 | O1347: =IF(F1347<=$P$2,"Mar","") -> Mar | P1347: =N1347 -> 0 | Q1347: =K1347-P1347 -> 0 | R1347: =IFERROR(IF(O1347="Mar",(K1347/P1347-1))," ") | S1347: =IF(N1347>0,IF(O1347="","-",IF(R1347<0%,"DEGROWTH","GROWTH"))) -> FALSE | T1347: 28 | U1347: =IF(F1347<=$V$2,"Apr","") -> Apr | V1347: 28 | W1347: =K1347-V1347 -> -28 | X1347: =IFERROR(IF(U1347="Apr",(K1347/V1347-1)),0) -> -1 | Y1347: =IF(T1347>0,IF(U1347="","-",IF(X1347<0%,"DEGROWTH","GROWTH"))) -> DEGROWTH | Z1347: 0 | AB1347: NE 1 | AC1347: BH | AD1347: =IF(K1347=0,1,0) -> 1
A1348: NB 1 | B1348: JALPAIGURI | C1348: WBM072 | D1348: 1000001436 | E1348: M/S BISWAKARMA CEMENT GHAR | F1348: 44739 | G1348: =IF(I1348>0,"Targeted Dealer","-") -> Targeted Dealer | I1348: 50 | J1348: =I1348/$J$1*($J$1-$E$1) -> 46.666667 | K1348: 72 | L1348: =I1348-K1348 -> -22 | M1348: =IFERROR((K1348/J1348%),"-") -> 154.28571 | N1348: 49 | O1348: =IF(F1348<=$P$2,"Mar","") -> Mar | P1348: =N1348 -> 49 | Q1348: =K1348-P1348 -> 23 | R1348: =IFERROR(IF(O1348="Mar",(K1348/P1348-1))," ") -> 0.46938776 | S1348: =IF(N1348>0,IF(O1348="","-",IF(R1348<0%,"DEGROWTH","GROWTH"))) -> GROWTH | T1348: 66 | U1348: =IF(F1348<=$V$2,"Apr","") -> Apr | V1348: 66 | W1348: =K1348-V1348 -> 6 | X1348: =IFERROR(IF(U1348="Apr",(K1348/V1348-1)),0) -> 0.090909091 | Y1348: =IF(T1348>0,IF(U1348="","-",IF(X1348<0%,"DEGROWTH","GROWTH"))) -> GROWTH | Z1348: 0 | AB1348: NE 1 | AC1348: NB 1 | AD1348: =IF(K1348=0,1,0) -> 0
A1349: NE 1 | B1349: LAKHIMPUR | C1349: NER351 | D1349: 1000004285 | E1349: R.D. ENTERPRISE | F1349: 45736 | G1349: =IF(I1349>0,"Targeted Dealer","-") -> Targeted Dealer | I1349: 40 | J1349: =I1349/$J$1*($J$1-$E$1) -> 37.333333 | K1349: 0 | L1349: =I1349-K1349 -> 40 | M1349: =IFERROR((K1349/J1349%),"-") -> 0 | N1349: 0 | O1349: =IF(F1349<=$P$2,"Mar","") -> Mar | P1349: =N1349 -> 0 | Q1349: =K1349-P1349 -> 0 | R1349: =IFERROR(IF(O1349="Mar",(K1349/P1349-1))," ") | S1349: =IF(N1349>0,IF(O1349="","-",IF(R1349<0%,"DEGROWTH","GROWTH"))) -> FALSE | T1349: 0 | U1349: =IF(F1349<=$V$2,"Apr","") -> Apr | V1349: 0 | W1349: =K1349-V1349 -> 0 | X1349: =IFERROR(IF(U1349="Apr",(K1349/V1349-1)),0) -> 0 | Y1349: =IF(T1349>0,IF(U1349="","-",IF(X1349<0%,"DEGROWTH","GROWTH"))) -> FALSE | Z1349: 0 | AB1349: NE 1 | AC1349: NE 1 | AD1349: =IF(K1349=0,1,0) -> 1
A1350: NE 1 | B1350: MANIPUR | C1350: NEG200 | D1350: 1000004282 | E1350: GUPTA TRADERS HARDWARE | F1350: 45733 | G1350: =IF(I1350>0,"Targeted Dealer","-") -> Targeted Dealer | I1350: 55 | J1350: =I1350/$J$1*($J$1-$E$1) -> 51.333333 | K1350: 36 | L1350: =I1350-K1350 -> 19 | M1350: =IFERROR((K1350/J1350%),"-") -> 70.12987 | N1350: 18 | O1350: =IF(F1350<=$P$2,"Mar","") -> Mar | P1350: =N1350 -> 18 | Q1350: =K1350-P1350 -> 18 | R1350: =IFERROR(IF(O1350="Mar",(K1350/P1350-1))," ") -> 1 | S1350: =IF(N1350>0,IF(O1350="","-",IF(R1350<0%,"DEGROWTH","GROWTH"))) -> GROWTH | T1350: 27 | U1350: =IF(F1350<=$V$2,"Apr","") -> Apr | V1350: 27 | W1350: =K1350-V1350 -> 9 | X1350: =IFERROR(IF(U1350="Apr",(K1350/V1350-1)),0) -> 0.33333333 | Y1350: =IF(T1350>0,IF(U1350="","-",IF(X1350<0%,"DEGROWTH","GROWTH"))) -> GROWTH | Z1350: 0 | AB1350: NE 1 | AC1350: NE 1 | AD1350: =IF(K1350=0,1,0) -> 0
A1351: NE 1 | B1351: TINSUKIA | C1351: NED263 | D1351: 1000004293 | E1351: DADAN PRASAD | F1351: 45737 | G1351: =IF(I1351>0,"Targeted Dealer","-") -> Targeted Dealer | I1351: 40 | J1351: =I1351/$J$1*($J$1-$E$1) -> 37.333333 | K1351: 0 | L1351: =I1351-K1351 -> 40 | M1351: =IFERROR((K1351/J1351%),"-") -> 0 | N1351: 40 | O1351: =IF(F1351<=$P$2,"Mar","") -> Mar | P1351: =N1351 -> 40 | Q1351: =K1351-P1351 -> -40 | R1351: =IFERROR(IF(O1351="Mar",(K1351/P1351-1))," ") -> -1 | S1351: =IF(N1351>0,IF(O1351="","-",IF(R1351<0%,"DEGROWTH","GROWTH"))) -> DEGROWTH | T1351: 40 | U1351: =IF(F1351<=$V$2,"Apr","") -> Apr | V1351: 40 | W1351: =K1351-V1351 -> -40 | X1351: =IFERROR(IF(U1351="Apr",(K1351/V1351-1)),0) -> -1 | Y1351: =IF(T1351>0,IF(U1351="","-",IF(X1351<0%,"DEGROWTH","GROWTH"))) -> DEGROWTH | Z1351: 0 | AB1351: NE 1 | AC1351: NE 1 | AD1351: =IF(K1351=0,1,0) -> 1
A1352: NE 1 | B1352: AP- Tinsukia Side | C1352: NES780 | D1352: 1000004272 | E1352: SIRAJ HARDWARE | F1352: 45717 | G1352: =IF(I1352>0,"Targeted Dealer","-") -> Targeted Dealer | I1352: 50 | J1352: =I1352/$J$1*($J$1-$E$1) -> 46.666667 | K1352: 0 | L1352: =I1352-K1352 -> 50 | M1352: =IFERROR((K1352/J1352%),"-") -> 0 | N1352: 20 | O1352: =IF(F1352<=$P$2,"Mar","") -> Mar | P1352: =N1352 -> 20 | Q1352: =K1352-P1352 -> -20 | R1352: =IFERROR(IF(O1352="Mar",(K1352/P1352-1))," ") -> -1 | S1352: =IF(N1352>0,IF(O1352="","-",IF(R1352<0%,"DEGROWTH","GROWTH"))) -> DEGROWTH | T1352: 21.5 | U1352: =IF(F1352<=$V$2,"Apr","") -> Apr | V1352: 21.5 | W1352: =K1352-V1352 -> -21.5 | X1352: =IFERROR(IF(U1352="Apr",(K1352/V1352-1)),0) -> -1 | Y1352: =IF(T1352>0,IF(U1352="","-",IF(X1352<0%,"DEGROWTH","GROWTH"))) -> DEGROWTH | Z1352: 0 | AB1352: NE 1 | AC1352: NE 1 | AD1352: =IF(K1352=0,1,0) -> 1
A1353: NE 1 | B1353: MANIPUR | C1353: NER200 | D1353: 1000000977 | E1353: RAI HARDWARE | F1353: 44738 | G1353: =IF(I1353>0,"Targeted Dealer","-") -> Targeted Dealer | I1353: 55 | J1353: =I1353/$J$1*($J$1-$E$1) -> 51.333333 | K1353: 36 | L1353: =I1353-K1353 -> 19 | M1353: =IFERROR((K1353/J1353%),"-") -> 70.12987 | N1353: 0 | O1353: =IF(F1353<=$P$2,"Mar","") -> Mar | P1353: =N1353 -> 0 | Q1353: =K1353-P1353 -> 36 | R1353: =IFERROR(IF(O1353="Mar",(K1353/P1353-1))," ") | S1353: =IF(N1353>0,IF(O1353="","-",IF(R1353<0%,"DEGROWTH","GROWTH"))) -> FALSE | T1353: 56 | U1353: =IF(F1353<=$V$2,"Apr","") -> Apr | V1353: 56 | W1353: =K1353-V1353 -> -20 | X1353: =IFERROR(IF(U1353="Apr",(K1353/V1353-1)),0) -> -0.35714286 | Y1353: =IF(T1353>0,IF(U1353="","-",IF(X1353<0%,"DEGROWTH","GROWTH"))) -> DEGROWTH | Z1353: 0 | AB1353: NE 1 | AC1353: NE 1 | AD1353: =IF(K1353=0,1,0) -> 0
A1354: NE 1 | B1354: AP- Tinsukia Side | C1354: NEM468 | D1354: 1000004314 | E1354: MICKLAME HARDWARE | F1354: 45757 | G1354: =IF(I1354>0,"Targeted Dealer","-") -> Targeted Dealer | I1354: 450 | J1354: =I1354/$J$1*($J$1-$E$1) -> 420 | K1354: 213.1 | L1354: =I1354-K1354 -> 236.9 | M1354: =IFERROR((K1354/J1354%),"-") -> 50.738095 | N1354: 180 | O1354: =IF(F1354<=$P$2,"Mar","") -> Mar | P1354: =N1354 -> 180 | Q1354: =K1354-P1354 -> 33.1 | R1354: =IFERROR(IF(O1354="Mar",(K1354/P1354-1))," ") -> 0.18388889 | S1354: =IF(N1354>0,IF(O1354="","-",IF(R1354<0%,"DEGROWTH","GROWTH"))) -> GROWTH | T1354: 322.5 | U1354: =IF(F1354<=$V$2,"Apr","") -> Apr | V1354: 322.5 | W1354: =K1354-V1354 -> -109.4 | X1354: =IFERROR(IF(U1354="Apr",(K1354/V1354-1)),0) -> -0.33922481 | Y1354: =IF(T1354>0,IF(U1354="","-",IF(X1354<0%,"DEGROWTH","GROWTH"))) -> DEGROWTH | Z1354: 0 | AB1354: NE 1 | AC1354: NE 1 | AD1354: =IF(K1354=0,1,0) -> 0
A1355: BH | B1355: BEGUSARAI | C1355: BHS262 | D1355: 1000004271 | E1355: SANJAY TRADERS - BELDOUR | F1355: 45716 | G1355: =IF(I1355>0,"Targeted Dealer","-") -> - | I1355: 0 | J1355: =I1355/$J$1*($J$1-$E$1) -> 0 | K1355: 0 | L1355: =I1355-K1355 -> 0 | M1355: =IFERROR((K1355/J1355%),"-") -> - | N1355: 0 | O1355: =IF(F1355<=$P$2,"Mar","") -> Mar | P1355: =N1355 -> 0 | Q1355: =K1355-P1355 -> 0 | R1355: =IFERROR(IF(O1355="Mar",(K1355/P1355-1))," ") | S1355: =IF(N1355>0,IF(O1355="","-",IF(R1355<0%,"DEGROWTH","GROWTH"))) -> FALSE | T1355: 50 | U1355: =IF(F1355<=$V$2,"Apr","") -> Apr | V1355: 50 | W1355: =K1355-V1355 -> -50 | X1355: =IFERROR(IF(U1355="Apr",(K1355/V1355-1)),0) -> -1 | Y1355: =IF(T1355>0,IF(U1355="","-",IF(X1355<0%,"DEGROWTH","GROWTH"))) -> DEGROWTH | Z1355: 0 | AB1355: NE 1 | AC1355: BH | AD1355: =IF(K1355=0,1,0) -> 1
A1356: NB 1 | B1356: DARJEELING HILLS | C1356: WBL040 | D1356: 1000004275 | E1356: LAXMI ENTERPRISES - SALUGARA | F1356: 45726 | G1356: =IF(I1356>0,"Targeted Dealer","-") -> Targeted Dealer | I1356: 1000 | J1356: =I1356/$J$1*($J$1-$E$1) -> 933.33333 | K1356: 1330.6 | L1356: =I1356-K1356 -> -330.6 | M1356: =IFERROR((K1356/J1356%),"-") -> 142.56429 | N1356: 1497.25 | O1356: =IF(F1356<=$P$2,"Mar","") -> Mar | P1356: =N1356 -> 1497.25 | Q1356: =K1356-P1356 -> -166.65 | R1356: =IFERROR(IF(O1356="Mar",(K1356/P1356-1))," ") -> -0.11130406 | S1356: =IF(N1356>0,IF(O1356="","-",IF(R1356<0%,"DEGROWTH","GROWTH"))) -> DEGROWTH | T1356: 560.5 | U1356: =IF(F1356<=$V$2,"Apr","") -> Apr | V1356: 560.5 | W1356: =K1356-V1356 -> 770.1 | X1356: =IFERROR(IF(U1356="Apr",(K1356/V1356-1)),0) -> 1.3739518 | Y1356: =IF(T1356>0,IF(U1356="","-",IF(X1356<0%,"DEGROWTH","GROWTH"))) -> GROWTH | Z1356: 0 | AB1356: NE 1 | AC1356: NB 1 | AD1356: =IF(K1356=0,1,0) -> 0
A1357: NE 2 | B1357: GUWAHATI RURAL | C1357: NEA490 | D1357: 1000004302 | E1357: AL AMAN ENTERPRISE | F1357: 45740 | G1357: =IF(I1357>0,"Targeted Dealer","-") -> Targeted Dealer | I1357: 52 | J1357: =I1357/$J$1*($J$1-$E$1) -> 48.533333 | K1357: 61 | L1357: =I1357-K1357 -> -9 | M1357: =IFERROR((K1357/J1357%),"-") -> 125.68681 | N1357: 39 | O1357: =IF(F1357<=$P$2,"Mar","") -> Mar | P1357: =N1357 -> 39 | Q1357: =K1357-P1357 -> 22 | R1357: =IFERROR(IF(O1357="Mar",(K1357/P1357-1))," ") -> 0.56410256 | S1357: =IF(N1357>0,IF(O1357="","-",IF(R1357<0%,"DEGROWTH","GROWTH"))) -> GROWTH | T1357: 324.5 | U1357: =IF(F1357<=$V$2,"Apr","") -> Apr | V1357: 324.5 | W1357: =K1357-V1357 -> -263.5 | X1357: =IFERROR(IF(U1357="Apr",(K1357/V1357-1)),0) -> -0.81201849 | Y1357: =IF(T1357>0,IF(U1357="","-",IF(X1357<0%,"DEGROWTH","GROWTH"))) -> DEGROWTH | Z1357: 0 | AB1357: NE 1 | AC1357: NE 2 | AD1357: =IF(K1357=0,1,0) -> 0
A1358: NE 1 | B1358: JAINTIA HILLS | C1358: NEP113 | D1358: 1000000386 | E1358: PAKYNTEIN & SONS | F1358: 44738 | G1358: =IF(I1358>0,"Targeted Dealer","-") -> Targeted Dealer | I1358: 68 | J1358: =I1358/$J$1*($J$1-$E$1) -> 63.466667 | K1358: 76 | L1358: =I1358-K1358 -> -8 | M1358: =IFERROR((K1358/J1358%),"-") -> 119.7479 | N1358: 128 | O1358: =IF(F1358<=$P$2,"Mar","") -> Mar | P1358: =N1358 -> 128 | Q1358: =K1358-P1358 -> -52 | R1358: =IFERROR(IF(O1358="Mar",(K1358/P1358-1))," ") -> -0.40625 | S1358: =IF(N1358>0,IF(O1358="","-",IF(R1358<0%,"DEGROWTH","GROWTH"))) -> DEGROWTH | T1358: 23 | U1358: =IF(F1358<=$V$2,"Apr","") -> Apr | V1358: 23 | W1358: =K1358-V1358 -> 53 | X1358: =IFERROR(IF(U1358="Apr",(K1358/V1358-1)),0) -> 2.3043478 | Y1358: =IF(T1358>0,IF(U1358="","-",IF(X1358<0%,"DEGROWTH","GROWTH"))) -> GROWTH | Z1358: 0 | AB1358: NE 1 | AC1358: NE 1 | AD1358: =IF(K1358=0,1,0) -> 0
... A1515: BH | B1515: Saharsa | C1515: BHL020 | D1515: 1000004488 | E1515: LAKSHMI ENTERPRISES | F1515: 45948 | G1515: =IF(I1515>0,"Targeted Dealer","-") -> Targeted Dealer | I1515: 25 | J1515: =I1515/$J$1*($J$1-$E$1) -> 23.333333 | K1515: 30 | L1515: =I1515-K1515 -> -5 | M1515: =IFERROR((K1515/J1515%),"-") -> 128.57143 | N1515: 25 | O1515: =IF(F1515<=$P$2,"Mar","") -> Mar | P1515: =N1515 -> 25 | Q1515: =K1515-P1515 -> 5 | R1515: =IFERROR(IF(O1515="Mar",(K1515/P1515-1))," ") -> 0.2 | S1515: =IF(N1515>0,IF(O1515="","-",IF(R1515<0%,"DEGROWTH","GROWTH"))) -> GROWTH | T1515: 0 | U1515: =IF(F1515<=$V$2,"Apr","") -> Apr | V1515: 0 | W1515: =K1515-V1515 -> 30 | X1515: =IFERROR(IF(U1515="Apr",(K1515/V1515-1)),0) -> 0 | Y1515: =IF(T1515>0,IF(U1515="","-",IF(X1515<0%,"DEGROWTH","GROWTH"))) -> FALSE | Z1515: 0 | AB1515: NE 1 | AC1515: BH | AD1515: =IF(K1515=0,1,0) -> 0
A1516: NB 2 | B1516: UTTAR DINAJPUR | C1516: #N/A | D1516: 1000004514 | E1516: LATIFUL HARDWARE | F1516: 45967 | G1516: =IF(I1516>0,"Targeted Dealer","-") -> Targeted Dealer | I1516: 250 | J1516: =I1516/$J$1*($J$1-$E$1) -> 233.33333 | K1516: 731 | L1516: =I1516-K1516 -> -481 | M1516: =IFERROR((K1516/J1516%),"-") -> 313.28571 | N1516: 596 | O1516: =IF(F1516<=$P$2,"Mar","") -> Mar | P1516: =N1516 -> 596 | Q1516: =K1516-P1516 -> 135 | R1516: =IFERROR(IF(O1516="Mar",(K1516/P1516-1))," ") -> 0.22651007 | S1516: =IF(N1516>0,IF(O1516="","-",IF(R1516<0%,"DEGROWTH","GROWTH"))) -> GROWTH | T1516: 0 | U1516: =IF(F1516<=$V$2,"Apr","") -> Apr | V1516: 0 | W1516: =K1516-V1516 -> 731 | X1516: =IFERROR(IF(U1516="Apr",(K1516/V1516-1)),0) -> 0 | Y1516: =IF(T1516>0,IF(U1516="","-",IF(X1516<0%,"DEGROWTH","GROWTH"))) -> FALSE | Z1516: 0 | AB1516: NE 1 | AC1516: NB 2 | AD1516: =IF(K1516=0,1,0) -> 0
A1517: NE 1 | B1517: AP- Banderdewa | C1517: NEN256 | D1517: 1000004542 | E1517: NT HARDWARE | F1517: 45978 | G1517: =IF(I1517>0,"Targeted Dealer","-") -> Targeted Dealer | I1517: 20 | J1517: =I1517/$J$1*($J$1-$E$1) -> 18.666667 | K1517: 25 | L1517: =I1517-K1517 -> -5 | M1517: =IFERROR((K1517/J1517%),"-") -> 133.92857 | N1517: 0 | O1517: =IF(F1517<=$P$2,"Mar","") -> Mar | P1517: =N1517 -> 0 | Q1517: =K1517-P1517 -> 25 | R1517: =IFERROR(IF(O1517="Mar",(K1517/P1517-1))," ") | S1517: =IF(N1517>0,IF(O1517="","-",IF(R1517<0%,"DEGROWTH","GROWTH"))) -> FALSE | T1517: 0 | U1517: =IF(F1517<=$V$2,"Apr","") -> Apr | V1517: 0 | W1517: =K1517-V1517 -> 25 | X1517: =IFERROR(IF(U1517="Apr",(K1517/V1517-1)),0) -> 0 | Y1517: =IF(T1517>0,IF(U1517="","-",IF(X1517<0%,"DEGROWTH","GROWTH"))) -> FALSE | Z1517: 0 | AB1517: NE 1 | AC1517: NE 1 | AD1517: =IF(K1517=0,1,0) -> 0
A1518: NE 1 | B1518: AP- Lekhabali | C1518: NEP321 | D1518: 1000004543 | E1518: PAO FURNITURE | F1518: 45978 | G1518: =IF(I1518>0,"Targeted Dealer","-") -> Targeted Dealer | I1518: 80 | J1518: =I1518/$J$1*($J$1-$E$1) -> 74.666667 | K1518: 120 | L1518: =I1518-K1518 -> -40 | M1518: =IFERROR((K1518/J1518%),"-") -> 160.71429 | N1518: 95 | O1518: =IF(F1518<=$P$2,"Mar","") -> Mar | P1518: =N1518 -> 95 | Q1518: =K1518-P1518 -> 25 | R1518: =IFERROR(IF(O1518="Mar",(K1518/P1518-1))," ") -> 0.26315789 | S1518: =IF(N1518>0,IF(O1518="","-",IF(R1518<0%,"DEGROWTH","GROWTH"))) -> GROWTH | T1518: 0 | U1518: =IF(F1518<=$V$2,"Apr","") -> Apr | V1518: 0 | W1518: =K1518-V1518 -> 120 | X1518: =IFERROR(IF(U1518="Apr",(K1518/V1518-1)),0) -> 0 | Y1518: =IF(T1518>0,IF(U1518="","-",IF(X1518<0%,"DEGROWTH","GROWTH"))) -> FALSE | Z1518: 0 | AB1518: NE 1 | AC1518: NE 1 | AD1518: =IF(K1518=0,1,0) -> 0
A1519: NE 1 | B1519: DIBRUGARH | C1519: NEP320 | D1519: 1000004532 | E1519: P G ENTERPRISE | F1519: 45972 | G1519: =IF(I1519>0,"Targeted Dealer","-") -> Targeted Dealer | I1519: 200 | J1519: =I1519/$J$1*($J$1-$E$1) -> 186.66667 | K1519: 285 | L1519: =I1519-K1519 -> -85 | M1519: =IFERROR((K1519/J1519%),"-") -> 152.67857 | N1519: 294 | O1519: =IF(F1519<=$P$2,"Mar","") -> Mar | P1519: =N1519 -> 294 | Q1519: =K1519-P1519 -> -9 | R1519: =IFERROR(IF(O1519="Mar",(K1519/P1519-1))," ") -> -0.030612245 | S1519: =IF(N1519>0,IF(O1519="","-",IF(R1519<0%,"DEGROWTH","GROWTH"))) -> DEGROWTH | T1519: 0 | U1519: =IF(F1519<=$V$2,"Apr","") -> Apr | V1519: 0 | W1519: =K1519-V1519 -> 285 | X1519: =IFERROR(IF(U1519="Apr",(K1519/V1519-1)),0) -> 0 | Y1519: =IF(T1519>0,IF(U1519="","-",IF(X1519<0%,"DEGROWTH","GROWTH"))) -> FALSE | Z1519: 0 | AB1519: NE 1 | AC1519: NE 1 | AD1519: =IF(K1519=0,1,0) -> 0
A1520: NE 1 | B1520: JAINTIA HILLS | C1520: NEF042 | D1520: 1000004504 | E1520: FRIDAY HINGE | F1520: 45952 | G1520: =IF(I1520>0,"Targeted Dealer","-") -> Targeted Dealer | I1520: 23 | J1520: =I1520/$J$1*($J$1-$E$1) -> 21.466667 | K1520: 55.5 | L1520: =I1520-K1520 -> -32.5 | M1520: =IFERROR((K1520/J1520%),"-") -> 258.54037 | N1520: 82.5 | O1520: =IF(F1520<=$P$2,"Mar","") -> Mar | P1520: =N1520 -> 82.5 | Q1520: =K1520-P1520 -> -27 | R1520: =IFERROR(IF(O1520="Mar",(K1520/P1520-1))," ") -> -0.32727273 | S1520: =IF(N1520>0,IF(O1520="","-",IF(R1520<0%,"DEGROWTH","GROWTH"))) -> DEGROWTH | T1520: 0 | U1520: =IF(F1520<=$V$2,"Apr","") -> Apr | V1520: 0 | W1520: =K1520-V1520 -> 55.5 | X1520: =IFERROR(IF(U1520="Apr",(K1520/V1520-1)),0) -> 0 | Y1520: =IF(T1520>0,IF(U1520="","-",IF(X1520<0%,"DEGROWTH","GROWTH"))) -> FALSE | Z1520: 0 | AB1520: NE 1 | AC1520: NE 1 | AD1520: =IF(K1520=0,1,0) -> 0
A1521: NE 1 | B1521: MANIPUR | C1521: NEA497 | D1521: 1000004393 | E1521: AK TRADERS | F1521: 45825 | G1521: =IF(I1521>0,"Targeted Dealer","-") -> Targeted Dealer | I1521: 75 | J1521: =I1521/$J$1*($J$1-$E$1) -> 70 | K1521: 35 | L1521: =I1521-K1521 -> 40 | M1521: =IFERROR((K1521/J1521%),"-") -> 50 | N1521: 35 | O1521: =IF(F1521<=$P$2,"Mar","") -> Mar | P1521: =N1521 -> 35 | Q1521: =K1521-P1521 -> 0 | R1521: =IFERROR(IF(O1521="Mar",(K1521/P1521-1))," ") -> 0 | S1521: =IF(N1521>0,IF(O1521="","-",IF(R1521<0%,"DEGROWTH","GROWTH"))) -> GROWTH | T1521: 0 | U1521: =IF(F1521<=$V$2,"Apr","") -> Apr | V1521: 0 | W1521: =K1521-V1521 -> 35 | X1521: =IFERROR(IF(U1521="Apr",(K1521/V1521-1)),0) -> 0 | Y1521: =IF(T1521>0,IF(U1521="","-",IF(X1521<0%,"DEGROWTH","GROWTH"))) -> FALSE | Z1521: 0 | AB1521: NE 1 | AC1521: NE 1 | AD1521: =IF(K1521=0,1,0) -> 0
A1522: NE 1 | B1522: NAGALAND | C1522: NEF050 | D1522: 1000004509 | E1522: A.P ENTERPRISE | F1522: 45961 | G1522: =IF(I1522>0,"Targeted Dealer","-") -> Targeted Dealer | I1522: 70 | J1522: =I1522/$J$1*($J$1-$E$1) -> 65.333333 | K1522: 0 | L1522: =I1522-K1522 -> 70 | M1522: =IFERROR((K1522/J1522%),"-") -> 0 | N1522: 99.8 | O1522: =IF(F1522<=$P$2,"Mar","") -> Mar | P1522: =N1522 -> 99.8 | Q1522: =K1522-P1522 -> -99.8 | R1522: =IFERROR(IF(O1522="Mar",(K1522/P1522-1))," ") -> -1 | S1522: =IF(N1522>0,IF(O1522="","-",IF(R1522<0%,"DEGROWTH","GROWTH"))) -> DEGROWTH | T1522: 0 | U1522: =IF(F1522<=$V$2,"Apr","") -> Apr | V1522: 0 | W1522: =K1522-V1522 -> 0 | X1522: =IFERROR(IF(U1522="Apr",(K1522/V1522-1)),0) -> 0 | Y1522: =IF(T1522>0,IF(U1522="","-",IF(X1522<0%,"DEGROWTH","GROWTH"))) -> FALSE | Z1522: 0 | AB1522: NE 1 | AC1522: NE 1 | AD1522: =IF(K1522=0,1,0) -> 1
A1523: NE 1 | B1523: NAGAON | C1523: NEF043 | D1523: 1000004515 | E1523: M M HARDWARE | F1523: 45968 | G1523: =IF(I1523>0,"Targeted Dealer","-") -> - | I1523: 0 | J1523: =I1523/$J$1*($J$1-$E$1) -> 0 | K1523: 0 | L1523: =I1523-K1523 -> 0 | M1523: =IFERROR((K1523/J1523%),"-") -> - | N1523: 0 | O1523: =IF(F1523<=$P$2,"Mar","") -> Mar | P1523: =N1523 -> 0 | Q1523: =K1523-P1523 -> 0 | R1523: =IFERROR(IF(O1523="Mar",(K1523/P1523-1))," ") | S1523: =IF(N1523>0,IF(O1523="","-",IF(R1523<0%,"DEGROWTH","GROWTH"))) -> FALSE | T1523: 0 | U1523: =IF(F1523<=$V$2,"Apr","") -> Apr | V1523: 0 | W1523: =K1523-V1523 -> 0 | X1523: =IFERROR(IF(U1523="Apr",(K1523/V1523-1)),0) -> 0 | Y1523: =IF(T1523>0,IF(U1523="","-",IF(X1523<0%,"DEGROWTH","GROWTH"))) -> FALSE | Z1523: 0 | AB1523: NE 1 | AC1523: NE 1 | AD1523: =IF(K1523=0,1,0) -> 1
A1524: NE 1 | B1524: SHILLONG | C1524: NER287 | D1524: 1000003662 | E1524: R.SNAITANG HARDWARE STORE | F1524: 45135 | G1524: =IF(I1524>0,"Targeted Dealer","-") -> Targeted Dealer | I1524: 100 | J1524: =I1524/$J$1*($J$1-$E$1) -> 93.333333 | K1524: 0 | L1524: =I1524-K1524 -> 100 | M1524: =IFERROR((K1524/J1524%),"-") -> 0 | N1524: 0 | O1524: =IF(F1524<=$P$2,"Mar","") -> Mar | P1524: =N1524 -> 0 | Q1524: =K1524-P1524 -> 0 | R1524: =IFERROR(IF(O1524="Mar",(K1524/P1524-1))," ") | S1524: =IF(N1524>0,IF(O1524="","-",IF(R1524<0%,"DEGROWTH","GROWTH"))) -> FALSE | T1524: 30 | U1524: =IF(F1524<=$V$2,"Apr","") -> Apr | V1524: 30 | W1524: =K1524-V1524 -> -30 | X1524: =IFERROR(IF(U1524="Apr",(K1524/V1524-1)),0) -> -1 | Y1524: =IF(T1524>0,IF(U1524="","-",IF(X1524<0%,"DEGROWTH","GROWTH"))) -> DEGROWTH | Z1524: 0 | AB1524: NE 1 | AC1524: NE 1 | AD1524: =IF(K1524=0,1,0) -> 1
A1525: NE 1 | B1525: SHILLONG | C1525: NES796 | D1525: 1000004486 | E1525: SKELAND NONGSIEJ | F1525: 45940 | G1525: =IF(I1525>0,"Targeted Dealer","-") -> Targeted Dealer | I1525: 23 | J1525: =I1525/$J$1*($J$1-$E$1) -> 21.466667 | K1525: 50 | L1525: =I1525-K1525 -> -27 | M1525: =IFERROR((K1525/J1525%),"-") -> 232.91925 | N1525: 25 | O1525: =IF(F1525<=$P$2,"Mar","") -> Mar | P1525: =N1525 -> 25 | Q1525: =K1525-P1525 -> 25 | R1525: =IFERROR(IF(O1525="Mar",(K1525/P1525-1))," ") -> 1 | S1525: =IF(N1525>0,IF(O1525="","-",IF(R1525<0%,"DEGROWTH","GROWTH"))) -> GROWTH | T1525: 0 | U1525: =IF(F1525<=$V$2,"Apr","") -> Apr | V1525: 0 | W1525: =K1525-V1525 -> 50 | X1525: =IFERROR(IF(U1525="Apr",(K1525/V1525-1)),0) -> 0 | Y1525: =IF(T1525>0,IF(U1525="","-",IF(X1525<0%,"DEGROWTH","GROWTH"))) -> FALSE | Z1525: 0 | AB1525: NE 1 | AC1525: NE 1 | AD1525: =IF(K1525=0,1,0) -> 0
A1526: NE 1 | B1526: SHILLONG | C1526: NEP299 | D1526: 1000004135 | E1526: PYNTNGEN MYRTHONG | F1526: 45559 | G1526: =IF(I1526>0,"Targeted Dealer","-") -> Targeted Dealer | I1526: 50 | J1526: =I1526/$J$1*($J$1-$E$1) -> 46.666667 | K1526: 27 | L1526: =I1526-K1526 -> 23 | M1526: =IFERROR((K1526/J1526%),"-") -> 57.857143 | N1526: 67 | O1526: =IF(F1526<=$P$2,"Mar","") -> Mar | P1526: =N1526 -> 67 | Q1526: =K1526-P1526 -> -40 | R1526: =IFERROR(IF(O1526="Mar",(K1526/P1526-1))," ") -> -0.59701493 | S1526: =IF(N1526>0,IF(O1526="","-",IF(R1526<0%,"DEGROWTH","GROWTH"))) -> DEGROWTH | T1526: 0 | U1526: =IF(F1526<=$V$2,"Apr","") -> Apr | V1526: 0 | W1526: =K1526-V1526 -> 27 | X1526: =IFERROR(IF(U1526="Apr",(K1526/V1526-1)),0) -> 0 | Y1526: =IF(T1526>0,IF(U1526="","-",IF(X1526<0%,"DEGROWTH","GROWTH"))) -> FALSE | Z1526: 0 | AB1526: NE 1 | AC1526: NE 1 | AD1526: =IF(K1526=0,1,0) -> 0
A1527: NE 1 | B1527: SHILLONG | C1527: NEP275 | D1527: 1000003712 | E1527: PAUL AIBANAIBOK BAMON | F1527: 45173 | G1527: =IF(I1527>0,"Targeted Dealer","-") -> Targeted Dealer | I1527: 23 | J1527: =I1527/$J$1*($J$1-$E$1) -> 21.466667 | K1527: 23 | L1527: =I1527-K1527 -> 0 | M1527: =IFERROR((K1527/J1527%),"-") -> 107.14286 | N1527: 46 | O1527: =IF(F1527<=$P$2,"Mar","") -> Mar | P1527: =N1527 -> 46 | Q1527: =K1527-P1527 -> -23 | R1527: =IFERROR(IF(O1527="Mar",(K1527/P1527-1))," ") -> -0.5 | S1527: =IF(N1527>0,IF(O1527="","-",IF(R1527<0%,"DEGROWTH","GROWTH"))) -> DEGROWTH | T1527: 0 | U1527: =IF(F1527<=$V$2,"Apr","") -> Apr | V1527: 0 | W1527: =K1527-V1527 -> 23 | X1527: =IFERROR(IF(U1527="Apr",(K1527/V1527-1)),0) -> 0 | Y1527: =IF(T1527>0,IF(U1527="","-",IF(X1527<0%,"DEGROWTH","GROWTH"))) -> FALSE | Z1527: 0 | AB1527: NE 1 | AC1527: NE 1 | AD1527: =IF(K1527=0,1,0) -> 0
A1528: NE 1 | B1528: Sibsagar | C1528: NEA503 | D1528: 1000004511 | E1528: AMBIKA HARDWARE | F1528: 45966 | G1528: =IF(I1528>0,"Targeted Dealer","-") -> Targeted Dealer | I1528: 40 | J1528: =I1528/$J$1*($J$1-$E$1) -> 37.333333 | K1528: 20 | L1528: =I1528-K1528 -> 20 | M1528: =IFERROR((K1528/J1528%),"-") -> 53.571429 | N1528: 15 | O1528: =IF(F1528<=$P$2,"Mar","") -> Mar | P1528: =N1528 -> 15 | Q1528: =K1528-P1528 -> 5 | R1528: =IFERROR(IF(O1528="Mar",(K1528/P1528-1))," ") -> 0.33333333 | S1528: =IF(N1528>0,IF(O1528="","-",IF(R1528<0%,"DEGROWTH","GROWTH"))) -> GROWTH | T1528: 0 | U1528: =IF(F1528<=$V$2,"Apr","") -> Apr | V1528: 0 | W1528: =K1528-V1528 -> 20 | X1528: =IFERROR(IF(U1528="Apr",(K1528/V1528-1)),0) -> 0 | Y1528: =IF(T1528>0,IF(U1528="","-",IF(X1528<0%,"DEGROWTH","GROWTH"))) -> FALSE | Z1528: 0 | AB1528: NE 1 | AC1528: NE 1 | AD1528: =IF(K1528=0,1,0) -> 0
... A1661: NE 1 | B1661: TINSUKIA | C1661: NED274 | D1661: 1000004659 | E1661: DURGA HARDWARE | F1661: 46076 | G1661: =IF(I1661>0,"Targeted Dealer","-") -> Targeted Dealer | I1661: 30 | J1661: =I1661/$J$1*($J$1-$E$1) -> 28 | K1661: 0 | L1661: =I1661-K1661 -> 30 | M1661: =IFERROR((K1661/J1661%),"-") -> 0 | N1661: 0 | O1661: =IF(F1661<=$P$2,"Mar","") -> Mar | P1661: =N1661 -> 0 | Q1661: =K1661-P1661 -> 0 | R1661: =IFERROR(IF(O1661="Mar",(K1661/P1661-1))," ") | S1661: =IF(N1661>0,IF(O1661="","-",IF(R1661<0%,"DEGROWTH","GROWTH"))) -> FALSE | T1661: 0 | U1661: =IF(F1661<=$V$2,"Apr","") -> Apr | V1661: 0 | W1661: =K1661-V1661 -> 0 | X1661: =IFERROR(IF(U1661="Apr",(K1661/V1661-1)),0) -> 0 | Y1661: =IF(T1661>0,IF(U1661="","-",IF(X1661<0%,"DEGROWTH","GROWTH"))) -> FALSE | Z1661: 0 | AB1661: NE 1 | AC1661: NE 1 | AD1661: =IF(K1661=0,1,0) -> 1
A1662: NB 1 | B1662: ALIPURDUAR | C1662: WBS358 | D1662: 1000004682 | E1662: SAHA TRADING COMPANY | F1662: 46099 | G1662: =IF(I1662>0,"Targeted Dealer","-") -> Targeted Dealer | I1662: 50 | J1662: =I1662/$J$1*($J$1-$E$1) -> 46.666667 | K1662: 246 | L1662: =I1662-K1662 -> -196 | M1662: =IFERROR((K1662/J1662%),"-") -> 527.14286 | N1662: 12 | O1662: =IF(F1662<=$P$2,"Mar","") -> Mar | P1662: =N1662 -> 12 | Q1662: =K1662-P1662 -> 234 | R1662: =IFERROR(IF(O1662="Mar",(K1662/P1662-1))," ") -> 19.5 | S1662: =IF(N1662>0,IF(O1662="","-",IF(R1662<0%,"DEGROWTH","GROWTH"))) -> GROWTH | T1662: 0 | U1662: =IF(F1662<=$V$2,"Apr","") -> Apr | V1662: 0 | W1662: =K1662-V1662 -> 246 | X1662: =IFERROR(IF(U1662="Apr",(K1662/V1662-1)),0) -> 0 | Y1662: =IF(T1662>0,IF(U1662="","-",IF(X1662<0%,"DEGROWTH","GROWTH"))) -> FALSE | Z1662: 0 | AB1662: NE 1 | AD1662: =IF(K1662=0,1,0) -> 0
A1663: NE 1 | B1663: AP- Banderdewa | C1663: NEK239 | D1663: 1000004681 | E1663: K A ENTERPRISE | F1663: 46099 | G1663: =IF(I1663>0,"Targeted Dealer","-") -> Targeted Dealer | I1663: 20 | J1663: =I1663/$J$1*($J$1-$E$1) -> 18.666667 | K1663: 30 | L1663: =I1663-K1663 -> -10 | M1663: =IFERROR((K1663/J1663%),"-") -> 160.71429 | N1663: 20 | O1663: =IF(F1663<=$P$2,"Mar","") -> Mar | P1663: =N1663 -> 20 | Q1663: =K1663-P1663 -> 10 | R1663: =IFERROR(IF(O1663="Mar",(K1663/P1663-1))," ") -> 0.5 | S1663: =IF(N1663>0,IF(O1663="","-",IF(R1663<0%,"DEGROWTH","GROWTH"))) -> GROWTH | T1663: 0 | U1663: =IF(F1663<=$V$2,"Apr","") -> Apr | V1663: 0 | W1663: =K1663-V1663 -> 30 | X1663: =IFERROR(IF(U1663="Apr",(K1663/V1663-1)),0) -> 0 | Y1663: =IF(T1663>0,IF(U1663="","-",IF(X1663<0%,"DEGROWTH","GROWTH"))) -> FALSE | Z1663: 0 | AB1663: NE 1 | AD1663: =IF(K1663=0,1,0) -> 0
A1664: NE 1 | B1664: AP- Lekhabali | C1664: NEA196 | D1664: 1000000093 | E1664: ARUNACHAL HARDWARE | F1664: 44738 | G1664: =IF(I1664>0,"Targeted Dealer","-") -> Targeted Dealer | I1664: 20 | J1664: =I1664/$J$1*($J$1-$E$1) -> 18.666667 | K1664: 30 | L1664: =I1664-K1664 -> -10 | M1664: =IFERROR((K1664/J1664%),"-") -> 160.71429 | N1664: 5 | O1664: =IF(F1664<=$P$2,"Mar","") -> Mar | P1664: =N1664 -> 5 | Q1664: =K1664-P1664 -> 25 | R1664: =IFERROR(IF(O1664="Mar",(K1664/P1664-1))," ") -> 5 | S1664: =IF(N1664>0,IF(O1664="","-",IF(R1664<0%,"DEGROWTH","GROWTH"))) -> GROWTH | T1664: 20 | U1664: =IF(F1664<=$V$2,"Apr","") -> Apr | V1664: 20 | W1664: =K1664-V1664 -> 10 | X1664: =IFERROR(IF(U1664="Apr",(K1664/V1664-1)),0) -> 0.5 | Y1664: =IF(T1664>0,IF(U1664="","-",IF(X1664<0%,"DEGROWTH","GROWTH"))) -> GROWTH | Z1664: 0 | AB1664: NE 1 | AD1664: =IF(K1664=0,1,0) -> 0
A1665: NE 2 | B1665: CACHAR | C1665: NEU055 | D1665: 1000004676 | E1665: UNIQUE HARDWARE | F1665: 46078 | G1665: =IF(I1665>0,"Targeted Dealer","-") -> Targeted Dealer | I1665: 20 | J1665: =I1665/$J$1*($J$1-$E$1) -> 18.666667 | K1665: 10 | L1665: =I1665-K1665 -> 10 | M1665: =IFERROR((K1665/J1665%),"-") -> 53.571429 | N1665: 10 | O1665: =IF(F1665<=$P$2,"Mar","") -> Mar | P1665: =N1665 -> 10 | Q1665: =K1665-P1665 -> 0 | R1665: =IFERROR(IF(O1665="Mar",(K1665/P1665-1))," ") -> 0 | S1665: =IF(N1665>0,IF(O1665="","-",IF(R1665<0%,"DEGROWTH","GROWTH"))) -> GROWTH | T1665: 0 | U1665: =IF(F1665<=$V$2,"Apr","") -> Apr | V1665: 0 | W1665: =K1665-V1665 -> 10 | X1665: =IFERROR(IF(U1665="Apr",(K1665/V1665-1)),0) -> 0 | Y1665: =IF(T1665>0,IF(U1665="","-",IF(X1665<0%,"DEGROWTH","GROWTH"))) -> FALSE | Z1665: 0 | AB1665: NE 1 | AD1665: =IF(K1665=0,1,0) -> 0
A1666: NB 1 | B1666: Cooch Behar | C1666: WBS357 | D1666: 1000004677 | E1666: SREE KRISHNA HARDWARE - COOCHBEHAR | F1666: 46080 | G1666: =IF(I1666>0,"Targeted Dealer","-") -> Targeted Dealer | I1666: 50 | J1666: =I1666/$J$1*($J$1-$E$1) -> 46.666667 | K1666: 62 | L1666: =I1666-K1666 -> -12 | M1666: =IFERROR((K1666/J1666%),"-") -> 132.85714 | N1666: 75 | O1666: =IF(F1666<=$P$2,"Mar","") -> Mar | P1666: =N1666 -> 75 | Q1666: =K1666-P1666 -> -13 | R1666: =IFERROR(IF(O1666="Mar",(K1666/P1666-1))," ") -> -0.17333333 | S1666: =IF(N1666>0,IF(O1666="","-",IF(R1666<0%,"DEGROWTH","GROWTH"))) -> DEGROWTH | T1666: 0 | U1666: =IF(F1666<=$V$2,"Apr","") -> Apr | V1666: 0 | W1666: =K1666-V1666 -> 62 | X1666: =IFERROR(IF(U1666="Apr",(K1666/V1666-1)),0) -> 0 | Y1666: =IF(T1666>0,IF(U1666="","-",IF(X1666<0%,"DEGROWTH","GROWTH"))) -> FALSE | Z1666: 0 | AB1666: NE 1 | AD1666: =IF(K1666=0,1,0) -> 0
A1667: NE 2 | B1667: DARANG | C1667: NER350 | D1667: 1000004263 | E1667: R C HARDWARE | F1667: 45695 | G1667: =IF(I1667>0,"Targeted Dealer","-") -> - | I1667: 0 | J1667: =I1667/$J$1*($J$1-$E$1) -> 0 | K1667: 0 | L1667: =I1667-K1667 -> 0 | M1667: =IFERROR((K1667/J1667%),"-") -> - | N1667: 0 | O1667: =IF(F1667<=$P$2,"Mar","") -> Mar | P1667: =N1667 -> 0 | Q1667: =K1667-P1667 -> 0 | R1667: =IFERROR(IF(O1667="Mar",(K1667/P1667-1))," ") | S1667: =IF(N1667>0,IF(O1667="","-",IF(R1667<0%,"DEGROWTH","GROWTH"))) -> FALSE | T1667: 13 | U1667: =IF(F1667<=$V$2,"Apr","") -> Apr | V1667: 13 | W1667: =K1667-V1667 -> -13 | X1667: =IFERROR(IF(U1667="Apr",(K1667/V1667-1)),0) -> -1 | Y1667: =IF(T1667>0,IF(U1667="","-",IF(X1667<0%,"DEGROWTH","GROWTH"))) -> DEGROWTH | Z1667: 0 | AB1667: NE 1 | AD1667: =IF(K1667=0,1,0) -> 1
A1668: NB 1 | B1668: DARJEELING HILLS | C1668: WBS303 | D1668: 1000001383 | E1668: SHREE RAM TRADERS . CHAMPASARI | F1668: 44739 | G1668: =IF(I1668>0,"Targeted Dealer","-") -> - | I1668: 0 | J1668: =I1668/$J$1*($J$1-$E$1) -> 0 | K1668: 25 | L1668: =I1668-K1668 -> -25 | M1668: =IFERROR((K1668/J1668%),"-") -> - | N1668: 0 | O1668: =IF(F1668<=$P$2,"Mar","") -> Mar | P1668: =N1668 -> 0 | Q1668: =K1668-P1668 -> 25 | R1668: =IFERROR(IF(O1668="Mar",(K1668/P1668-1))," ") | S1668: =IF(N1668>0,IF(O1668="","-",IF(R1668<0%,"DEGROWTH","GROWTH"))) -> FALSE | T1668: 167.75 | U1668: =IF(F1668<=$V$2,"Apr","") -> Apr | V1668: 167.75 | W1668: =K1668-V1668 -> -142.75 | X1668: =IFERROR(IF(U1668="Apr",(K1668/V1668-1)),0) -> -0.8509687 | Y1668: =IF(T1668>0,IF(U1668="","-",IF(X1668<0%,"DEGROWTH","GROWTH"))) -> DEGROWTH | Z1668: 0 | AB1668: NE 1 | AD1668: =IF(K1668=0,1,0) -> 0
A1669: NB 1 | B1669: DARJEELING HILLS | C1669: WBH057 | D1669: 1000004673 | E1669: HIMALAYAN BUILDER | F1669: 46078 | G1669: =IF(I1669>0,"Targeted Dealer","-") -> Targeted Dealer | I1669: 300 | J1669: =I1669/$J$1*($J$1-$E$1) -> 280 | K1669: 305.25 | L1669: =I1669-K1669 -> -5.25 | M1669: =IFERROR((K1669/J1669%),"-") -> 109.01786 | N1669: 455 | O1669: =IF(F1669<=$P$2,"Mar","") -> Mar | P1669: =N1669 -> 455 | Q1669: =K1669-P1669 -> -149.75 | R1669: =IFERROR(IF(O1669="Mar",(K1669/P1669-1))," ") -> -0.32912088 | S1669: =IF(N1669>0,IF(O1669="","-",IF(R1669<0%,"DEGROWTH","GROWTH"))) -> DEGROWTH | T1669: 0 | U1669: =IF(F1669<=$V$2,"Apr","") -> Apr | V1669: 0 | W1669: =K1669-V1669 -> 305.25 | X1669: =IFERROR(IF(U1669="Apr",(K1669/V1669-1)),0) -> 0 | Y1669: =IF(T1669>0,IF(U1669="","-",IF(X1669<0%,"DEGROWTH","GROWTH"))) -> FALSE | Z1669: 0 | AB1669: NE 1 | AD1669: =IF(K1669=0,1,0) -> 0
A1670: NE 1 | B1670: DIBRUGARH | C1670: NEB302 | D1670: 1000003197 | E1670: BHARTI HARDWARE | F1670: 44925 | G1670: =IF(I1670>0,"Targeted Dealer","-") -> - | I1670: 0 | J1670: =I1670/$J$1*($J$1-$E$1) -> 0 | K1670: 0 | L1670: =I1670-K1670 -> 0 | M1670: =IFERROR((K1670/J1670%),"-") -> - | N1670: 15 | O1670: =IF(F1670<=$P$2,"Mar","") -> Mar | P1670: =N1670 -> 15 | Q1670: =K1670-P1670 -> -15 | R1670: =IFERROR(IF(O1670="Mar",(K1670/P1670-1))," ") -> -1 | S1670: =IF(N1670>0,IF(O1670="","-",IF(R1670<0%,"DEGROWTH","GROWTH"))) -> DEGROWTH | T1670: 0 | U1670: =IF(F1670<=$V$2,"Apr","") -> Apr | V1670: 0 | W1670: =K1670-V1670 -> 0 | X1670: =IFERROR(IF(U1670="Apr",(K1670/V1670-1)),0) -> 0 | Y1670: =IF(T1670>0,IF(U1670="","-",IF(X1670<0%,"DEGROWTH","GROWTH"))) -> FALSE | Z1670: 0 | AB1670: NE 1 | AD1670: =IF(K1670=0,1,0) -> 1
A1671: NE 1 | B1671: DIBRUGARH | C1671: NEP273 | D1671: 1000003683 | E1671: PRAVEER ENTERPRISE | F1671: 45148 | G1671: =IF(I1671>0,"Targeted Dealer","-") -> Targeted Dealer | I1671: 40 | J1671: =I1671/$J$1*($J$1-$E$1) -> 37.333333 | K1671: 35 | L1671: =I1671-K1671 -> 5 | M1671: =IFERROR((K1671/J1671%),"-") -> 93.75 | N1671: 15 | O1671: =IF(F1671<=$P$2,"Mar","") -> Mar | P1671: =N1671 -> 15 | Q1671: =K1671-P1671 -> 20 | R1671: =IFERROR(IF(O1671="Mar",(K1671/P1671-1))," ") -> 1.3333333 | S1671: =IF(N1671>0,IF(O1671="","-",IF(R1671<0%,"DEGROWTH","GROWTH"))) -> GROWTH | T1671: 12.5 | U1671: =IF(F1671<=$V$2,"Apr","") -> Apr | V1671: 12.5 | W1671: =K1671-V1671 -> 22.5 | X1671: =IFERROR(IF(U1671="Apr",(K1671/V1671-1)),0) -> 1.8 | Y1671: =IF(T1671>0,IF(U1671="","-",IF(X1671<0%,"DEGROWTH","GROWTH"))) -> GROWTH | Z1671: 0 | AB1671: NE 1 | AD1671: =IF(K1671=0,1,0) -> 0
A1672: NE 1 | B1672: GOLAGHAT | C1672: NEN263 | D1672: 1000004666 | E1672: NIKU ENTERPRISE | F1672: 46081 | G1672: =IF(I1672>0,"Targeted Dealer","-") -> Targeted Dealer | I1672: 20 | J1672: =I1672/$J$1*($J$1-$E$1) -> 18.666667 | K1672: 0 | L1672: =I1672-K1672 -> 20 | M1672: =IFERROR((K1672/J1672%),"-") -> 0 | N1672: 15 | O1672: =IF(F1672<=$P$2,"Mar","") -> Mar | P1672: =N1672 -> 15 | Q1672: =K1672-P1672 -> -15 | R1672: =IFERROR(IF(O1672="Mar",(K1672/P1672-1))," ") -> -1 | S1672: =IF(N1672>0,IF(O1672="","-",IF(R1672<0%,"DEGROWTH","GROWTH"))) -> DEGROWTH | T1672: 0 | U1672: =IF(F1672<=$V$2,"Apr","") -> Apr | V1672: 0 | W1672: =K1672-V1672 -> 0 | X1672: =IFERROR(IF(U1672="Apr",(K1672/V1672-1)),0) -> 0 | Y1672: =IF(T1672>0,IF(U1672="","-",IF(X1672<0%,"DEGROWTH","GROWTH"))) -> FALSE | Z1672: 0 | AB1672: NE 1 | AD1672: =IF(K1672=0,1,0) -> 1
A1673: NE 1 | B1673: GOLAGHAT | C1673: NEJ213 | D1673: 1000004670 | E1673: JOYSHREE HARDWARE | F1673: 46091 | G1673: =IF(I1673>0,"Targeted Dealer","-") -> Targeted Dealer | I1673: 20 | J1673: =I1673/$J$1*($J$1-$E$1) -> 18.666667 | K1673: 0 | L1673: =I1673-K1673 -> 20 | M1673: =IFERROR((K1673/J1673%),"-") -> 0 | N1673: 15 | O1673: =IF(F1673<=$P$2,"Mar","") -> Mar | P1673: =N1673 -> 15 | Q1673: =K1673-P1673 -> -15 | R1673: =IFERROR(IF(O1673="Mar",(K1673/P1673-1))," ") -> -1 | S1673: =IF(N1673>0,IF(O1673="","-",IF(R1673<0%,"DEGROWTH","GROWTH"))) -> DEGROWTH | T1673: 0 | U1673: =IF(F1673<=$V$2,"Apr","") -> Apr | V1673: 0 | W1673: =K1673-V1673 -> 0 | X1673: =IFERROR(IF(U1673="Apr",(K1673/V1673-1)),0) -> 0 | Y1673: =IF(T1673>0,IF(U1673="","-",IF(X1673<0%,"DEGROWTH","GROWTH"))) -> FALSE | Z1673: 0 | AB1673: NE 1 | AD1673: =IF(K1673=0,1,0) -> 1
... A1731: NB 2 | B1731: RAGHUNATHGANJ | C1731: WBR161 | D1731: 1000004695 | E1731: R.R. ENTERPRISE | F1731: 46112 | G1731: =IF(I1731>0,"Targeted Dealer","-") -> Targeted Dealer | I1731: 250 | J1731: =I1731/$J$1*($J$1-$E$1) -> 233.33333 | K1731: 332 | L1731: =I1731-K1731 -> -82 | M1731: =IFERROR((K1731/J1731%),"-") -> 142.28571 | N1731: 0 | O1731: =IF(F1731<=$P$2,"Mar","") -> Mar | P1731: =N1731 -> 0 | Q1731: =K1731-P1731 -> 332 | R1731: =IFERROR(IF(O1731="Mar",(K1731/P1731-1))," ") | S1731: =IF(N1731>0,IF(O1731="","-",IF(R1731<0%,"DEGROWTH","GROWTH"))) -> FALSE | T1731: 0 | U1731: =IF(F1731<=$V$2,"Apr","") -> Apr | V1731: 0 | W1731: =K1731-V1731 -> 332 | X1731: =IFERROR(IF(U1731="Apr",(K1731/V1731-1)),0) -> 0 | Y1731: =IF(T1731>0,IF(U1731="","-",IF(X1731<0%,"DEGROWTH","GROWTH"))) -> FALSE | Z1731: 0 | AB1731: NE 1 | AD1731: =IF(K1731=0,1,0) -> 0
A1732: BH | B1732: BHAGALPUR | D1732: 1000002689 | E1732: GOPAL SHREE ENTERPRISES | K1732: 25 | AD1732: =IF(K1732=0,1,0) -> 0
A1733: BH | B1733: KISHANGANJ | D1733: 1000002772 | E1733: AGARWAL TRADING CO | K1733: 3.5 | AD1733: =IF(K1733=0,1,0) -> 0
A1734: NB 2 | B1734: UTTAR DINAJPUR | D1734: 1000004706 | E1734: JOARDER BUILDERS | K1734: 21 | AD1734: =IF(K1734=0,1,0) -> 0

Sheet Sheet10
A3: Count of AREA
A4: REGION | B4: AREA | C4: Total
A5: BH | B5: BEGUSARAI | C5: 26
A6: BH | B6: BHAGALPUR | C6: 25
A7: BH | B7: GAYA | C7: 19
A8: BH | B8: KATIHAR | C8: 23
A9: BH | B9: KISHANGANJ | C9: 47
A10: BH | B10: MUZAFFARPUR | C10: 40
A11: BH | B11: PATNA | C11: 3
A12: BH | B12: PURNIA | C12: 26
A13: BH | B13: SAHARSA | C13: 15
A14: BH | B14: Supaul & Madhepura | C14: 11
A15: NB 1 | B15: ALIPURDUAR | C15: 20
A16: NB 1 | B16: Cooch Behar | C16: 35
... A60: NE 2 | B60: UDAIPUR | C60: 44
A61: Grand Total | C61: 1760

Sheet Sheet11

Sheet Sheet12
A3: Row Labels | B3: Count of zone
A4: NE1 | B4: 610
A5: NE2 | B5: 678
A6: NB1 | B6: 158
A7: NB2 | B7: 102
A8: BH | B8: 246
A9: Grand Total | B9: 1794

Sheet DLRWISE (3)
E1: 0 | F1: =TODAY()-3 -> 46307 | I1: 46265 | J1: 31 | K1: =SUBTOTAL(9,K3:K1799) -> 294265.65 | N1: =SUBTOTAL(9,N3:N1799) -> 230088.7 | P1: =SUBTOTAL(9,P3:P1799) -> 303240.45 | T1: =SUBTOTAL(9,T3:T1799) -> 230088.7 | V1: =SUBTOTAL(9,V3:V1799) -> 230088.7
A2: REGION | B2: AREA | C2: CODE | D2: SAP | E2: DEALERS NAME | F2: DOA | G2: Targeted Dealer | H2: EXCLUSIVE DEALER | I2: Sep'26 Tgt | J2: Prorata Tgt | K2: 46295 | L2: Shortfall | M2: Prorata Achv % | N2: Sep'25 SALE | O2: Aug'26 DEALER | P2: Aug'26 SALE | Q2: VARIENCE | R2: GROWTH % | S2: Sep-26 Vs Aug-26 | T2: Sep-26 SALE | U2: Sep-25 SALE | V2: Sep-25 SALE | W2: LYSM VARIENCE | X2: LYSM GROWTH % | Y2: July-25 SALE | Z2: ZERO | AA2: REGION | AB2: REGION | AC2: REGION | AD2: SD | AE2: REGION | AF2: Last 6 Months Avg (Quantity MT)
A3: NE 1 | B3: NAGAON | C3: B014 | D3: 1000000638 | E3: BANIK HARDWARE | F3: 38384 | G3: =IF(I3>0,"Targeted Dealer","-") -> Targeted Dealer | I3: 100 | K3: 80 | L3: =I3-K3 -> 20 | M3: =IFERROR((K3/J3%),"-") -> - | N3: 100 | O3: =IF(F3<=$P$2,"Aug","") -> Aug | P3: 73 | Q3: =K3-P3 -> 7 | R3: =IFERROR(IF(O3="Aug",(K3/P3-1))," ") -> 0.095890411 | S3: =IF(N3>0,IF(O3="","-",IF(R3<0%,"DEGROWTH","GROWTH"))) -> GROWTH | T3: =N3 -> 100 | U3: =IF(F3<=$V$2,"Sep","") -> Sep | V3: =T3 -> 100 | W3: =K3-V3 -> -20 | X3: =IFERROR(IF(U3="July",(K3/V3-1)),0) -> FALSE | Y3: =IF(T3>0,IF(U3="","-",IF(X3<0%,"DEGROWTH","GROWTH"))) -> GROWTH | Z3: 0 | AB3: NE 1 | AC3: NE 1 | AE3: NE 1 | AF3: 106.33333
A4: NE 1 | B4: HOJAI | C4: S078 | D4: 1000000673 | E4: SREE BHANDER (SP FIRM) | F4: 38490 | G4: =IF(I4>0,"Targeted Dealer","-") -> Targeted Dealer | I4: 1700 | K4: 1145 | L4: =I4-K4 -> 555 | M4: =IFERROR((K4/J4%),"-") -> - | N4: 1384.5 | O4: =IF(F4<=$P$2,"Aug","") -> Aug | P4: 1387.5 | Q4: =K4-P4 -> -242.5 | R4: =IFERROR(IF(O4="Aug",(K4/P4-1))," ") -> -0.17477477 | S4: =IF(N4>0,IF(O4="","-",IF(R4<0%,"DEGROWTH","GROWTH"))) -> DEGROWTH | T4: =N4 -> 1384.5 | U4: =IF(F4<=$V$2,"Sep","") -> Sep | V4: =T4 -> 1384.5 | W4: =K4-V4 -> -239.5 | X4: =IFERROR(IF(U4="July",(K4/V4-1)),0) -> FALSE | Y4: =IF(T4>0,IF(U4="","-",IF(X4<0%,"DEGROWTH","GROWTH"))) -> GROWTH | Z4: 0 | AB4: NE 1 | AC4: NE 1 | AE4: NE 1 | AF4: 1665.75
A5: NE 1 | B5: NAGAON | C5: S012 | D5: 1000000669 | E5: SAIKIA ENTERPRISE | F5: 39093 | G5: =IF(I5>0,"Targeted Dealer","-") -> Targeted Dealer | I5: 13 | K5: 13 | L5: =I5-K5 -> 0 | M5: =IFERROR((K5/J5%),"-") -> - | N5: 13 | O5: =IF(F5<=$P$2,"Aug","") -> Aug | P5: 13 | Q5: =K5-P5 -> 0 | R5: =IFERROR(IF(O5="Aug",(K5/P5-1))," ") -> 0 | S5: =IF(N5>0,IF(O5="","-",IF(R5<0%,"DEGROWTH","GROWTH"))) -> GROWTH | T5: =N5 -> 13 | U5: =IF(F5<=$V$2,"Sep","") -> Sep | V5: =T5 -> 13 | W5: =K5-V5 -> 0 | X5: =IFERROR(IF(U5="July",(K5/V5-1)),0) -> FALSE | Y5: =IF(T5>0,IF(U5="","-",IF(X5<0%,"DEGROWTH","GROWTH"))) -> GROWTH | Z5: 0 | AB5: NE 1 | AC5: NE 1 | AE5: NE 1 | AF5: 27.25
A6: NE 1 | B6: NAGAON | C6: S113 | D6: 1000000668 | E6: S.N.HARDWARE (NAGAON) | F6: 39257 | G6: =IF(I6>0,"Targeted Dealer","-") -> Targeted Dealer | I6: 13 | K6: 13 | L6: =I6-K6 -> 0 | M6: =IFERROR((K6/J6%),"-") -> - | N6: 13 | O6: =IF(F6<=$P$2,"Aug","") -> Aug | P6: 13 | Q6: =K6-P6 -> 0 | R6: =IFERROR(IF(O6="Aug",(K6/P6-1))," ") -> 0 | S6: =IF(N6>0,IF(O6="","-",IF(R6<0%,"DEGROWTH","GROWTH"))) -> GROWTH | T6: =N6 -> 13 | U6: =IF(F6<=$V$2,"Sep","") -> Sep | V6: =T6 -> 13 | W6: =K6-V6 -> 0 | X6: =IFERROR(IF(U6="July",(K6/V6-1)),0) -> FALSE | Y6: =IF(T6>0,IF(U6="","-",IF(X6<0%,"DEGROWTH","GROWTH"))) -> GROWTH | Z6: 0 | AB6: NE 1 | AC6: NE 1 | AE6: NE 1 | AF6: 15.166667
A7: NE 1 | B7: HOJAI | C7: R096 | D7: 1000000665 | E7: RAFIK HARDWARE | F7: 40672 | G7: =IF(I7>0,"Targeted Dealer","-") -> Targeted Dealer | I7: 350 | K7: 300 | L7: =I7-K7 -> 50 | M7: =IFERROR((K7/J7%),"-") -> - | N7: 230 | O7: =IF(F7<=$P$2,"Aug","") -> Aug | P7: 220 | Q7: =K7-P7 -> 80 | R7: =IFERROR(IF(O7="Aug",(K7/P7-1))," ") -> 0.36363636 | S7: =IF(N7>0,IF(O7="","-",IF(R7<0%,"DEGROWTH","GROWTH"))) -> GROWTH | T7: =N7 -> 230 | U7: =IF(F7<=$V$2,"Sep","") -> Sep | V7: =T7 -> 230 | W7: =K7-V7 -> 70 | X7: =IFERROR(IF(U7="July",(K7/V7-1)),0) -> FALSE | Y7: =IF(T7>0,IF(U7="","-",IF(X7<0%,"DEGROWTH","GROWTH"))) -> GROWTH | Z7: 0 | AB7: NE 1 | AC7: NE 1 | AE7: NE 1 | AF7: 325
A8: NE 1 | B8: NAGAON | C8: M238 | D8: 1000000653 | E8: MAA HARDWARE (NAGAON) | F8: 41186 | G8: =IF(I8>0,"Targeted Dealer","-") -> Targeted Dealer | I8: 60 | K8: 60 | L8: =I8-K8 -> 0 | M8: =IFERROR((K8/J8%),"-") -> - | N8: 50 | O8: =IF(F8<=$P$2,"Aug","") -> Aug | P8: 60 | Q8: =K8-P8 -> 0 | R8: =IFERROR(IF(O8="Aug",(K8/P8-1))," ") -> 0 | S8: =IF(N8>0,IF(O8="","-",IF(R8<0%,"DEGROWTH","GROWTH"))) -> GROWTH | T8: =N8 -> 50 | U8: =IF(F8<=$V$2,"Sep","") -> Sep | V8: =T8 -> 50 | W8: =K8-V8 -> 10 | X8: =IFERROR(IF(U8="July",(K8/V8-1)),0) -> FALSE | Y8: =IF(T8>0,IF(U8="","-",IF(X8<0%,"DEGROWTH","GROWTH"))) -> GROWTH | Z8: 0 | AB8: NE 1 | AC8: NE 1 | AE8: NE 1 | AF8: 46.666667
A9: NE 1 | B9: HOJAI | C9: A162 | D9: 1000000634 | E9: ALAM AGRO INDUSTRY | F9: 41397 | G9: =IF(I9>0,"Targeted Dealer","-") -> Targeted Dealer | I9: 140 | K9: 120 | L9: =I9-K9 -> 20 | M9: =IFERROR((K9/J9%),"-") -> - | N9: 100 | O9: =IF(F9<=$P$2,"Aug","") -> Aug | P9: 120 | Q9: =K9-P9 -> 0 | R9: =IFERROR(IF(O9="Aug",(K9/P9-1))," ") -> 0 | S9: =IF(N9>0,IF(O9="","-",IF(R9<0%,"DEGROWTH","GROWTH"))) -> GROWTH | T9: =N9 -> 100 | U9: =IF(F9<=$V$2,"Sep","") -> Sep | V9: =T9 -> 100 | W9: =K9-V9 -> 20 | X9: =IFERROR(IF(U9="July",(K9/V9-1)),0) -> FALSE | Y9: =IF(T9>0,IF(U9="","-",IF(X9<0%,"DEGROWTH","GROWTH"))) -> GROWTH | Z9: 0 | AB9: NE 1 | AC9: NE 1 | AE9: NE 1 | AF9: 135
A10: NE 1 | B10: HOJAI | C10: NEM008 | D10: 1000000654 | E10: MAA MANASA HARDWARE (HOJAI) | F10: 41791 | G10: =IF(I10>0,"Targeted Dealer","-") -> Targeted Dealer | I10: 100 | K10: 132.5 | L10: =I10-K10 -> -32.5 | M10: =IFERROR((K10/J10%),"-") -> - | N10: 65 | O10: =IF(F10<=$P$2,"Aug","") -> Aug | P10: 100 | Q10: =K10-P10 -> 32.5 | R10: =IFERROR(IF(O10="Aug",(K10/P10-1))," ") -> 0.325 | S10: =IF(N10>0,IF(O10="","-",IF(R10<0%,"DEGROWTH","GROWTH"))) -> GROWTH | T10: =N10 -> 65 | U10: =IF(F10<=$V$2,"Sep","") -> Sep | V10: =T10 -> 65 | W10: =K10-V10 -> 67.5 | X10: =IFERROR(IF(U10="July",(K10/V10-1)),0) -> FALSE | Y10: =IF(T10>0,IF(U10="","-",IF(X10<0%,"DEGROWTH","GROWTH"))) -> GROWTH | Z10: 0 | AB10: NE 1 | AC10: NE 1 | AE10: NE 1 | AF10: 126.58333
A11: NE 1 | B11: NAGAON | C11: NEM025 | D11: 1000000655 | E11: MAHABIR HARDWARE (DOOM DOOMIA) | F11: 41927 | G11: =IF(I11>0,"Targeted Dealer","-") -> Targeted Dealer | I11: 20 | K11: 40 | L11: =I11-K11 -> -20 | M11: =IFERROR((K11/J11%),"-") -> - | N11: 40 | O11: =IF(F11<=$P$2,"Aug","") -> Aug | P11: 20 | Q11: =K11-P11 -> 20 | R11: =IFERROR(IF(O11="Aug",(K11/P11-1))," ") -> 1 | S11: =IF(N11>0,IF(O11="","-",IF(R11<0%,"DEGROWTH","GROWTH"))) -> GROWTH | T11: =N11 -> 40 | U11: =IF(F11<=$V$2,"Sep","") -> Sep | V11: =T11 -> 40 | W11: =K11-V11 -> 0 | X11: =IFERROR(IF(U11="July",(K11/V11-1)),0) -> FALSE | Y11: =IF(T11>0,IF(U11="","-",IF(X11<0%,"DEGROWTH","GROWTH"))) -> GROWTH | Z11: 0 | AB11: NE 1 | AC11: NE 1 | AE11: NE 1 | AF11: 23.166667
A12: NE 1 | B12: HOJAI | C12: NEA028 | D12: 1000000633 | E12: A. HAQUE HARDWARE | F12: 42048 | G12: =IF(I12>0,"Targeted Dealer","-") -> Targeted Dealer | I12: 160 | K12: 107 | L12: =I12-K12 -> 53 | M12: =IFERROR((K12/J12%),"-") -> - | N12: 162 | O12: =IF(F12<=$P$2,"Aug","") -> Aug | P12: 120.5 | Q12: =K12-P12 -> -13.5 | R12: =IFERROR(IF(O12="Aug",(K12/P12-1))," ") -> -0.1120332 | S12: =IF(N12>0,IF(O12="","-",IF(R12<0%,"DEGROWTH","GROWTH"))) -> DEGROWTH | T12: =N12 -> 162 | U12: =IF(F12<=$V$2,"Sep","") -> Sep | V12: =T12 -> 162 | W12: =K12-V12 -> -55 | X12: =IFERROR(IF(U12="July",(K12/V12-1)),0) -> FALSE | Y12: =IF(T12>0,IF(U12="","-",IF(X12<0%,"DEGROWTH","GROWTH"))) -> GROWTH | Z12: 0 | AB12: NE 1 | AC12: NE 1 | AE12: NE 1 | AF12: 153.41667
A13: NE 1 | B13: HOJAI | C13: NES132 | D13: 1000000672 | E13: SHARMA HARDWARE (NAGAON) | F13: 42448 | G13: =IF(I13>0,"Targeted Dealer","-") -> Targeted Dealer | I13: 60 | K13: 0 | L13: =I13-K13 -> 60 | M13: =IFERROR((K13/J13%),"-") -> - | N13: 46 | O13: =IF(F13<=$P$2,"Aug","") -> Aug | P13: 53 | Q13: =K13-P13 -> -53 | R13: =IFERROR(IF(O13="Aug",(K13/P13-1))," ") -> -1 | S13: =IF(N13>0,IF(O13="","-",IF(R13<0%,"DEGROWTH","GROWTH"))) -> DEGROWTH | T13: =N13 -> 46 | U13: =IF(F13<=$V$2,"Sep","") -> Sep | V13: =T13 -> 46 | W13: =K13-V13 -> -46 | X13: =IFERROR(IF(U13="July",(K13/V13-1)),0) -> FALSE | Y13: =IF(T13>0,IF(U13="","-",IF(X13<0%,"DEGROWTH","GROWTH"))) -> GROWTH | Z13: 0 | AB13: NE 1 | AC13: NE 1 | AE13: NE 1 | AF13: 38.166667
A14: NE 1 | B14: NAGAON | C14: NEH035 | D14: 1000000647 | E14: HARIOM HARDWARE (DHING) | F14: 42842 | G14: =IF(I14>0,"Targeted Dealer","-") -> - | I14: 0 | K14: 0 | L14: =I14-K14 -> 0 | M14: =IFERROR((K14/J14%),"-") -> - | N14: 40 | O14: =IF(F14<=$P$2,"Aug","") -> Aug | P14: 20 | Q14: =K14-P14 -> -20 | R14: =IFERROR(IF(O14="Aug",(K14/P14-1))," ") -> -1 | S14: =IF(N14>0,IF(O14="","-",IF(R14<0%,"DEGROWTH","GROWTH"))) -> DEGROWTH | T14: =N14 -> 40 | U14: =IF(F14<=$V$2,"Sep","") -> Sep | V14: =T14 -> 40 | W14: =K14-V14 -> -40 | X14: =IFERROR(IF(U14="July",(K14/V14-1)),0) -> FALSE | Y14: =IF(T14>0,IF(U14="","-",IF(X14<0%,"DEGROWTH","GROWTH"))) -> GROWTH | Z14: 0 | AB14: NE 1 | AC14: NE 1 | AE14: NE 1 | AF14: 20
... A1401: BH | B1401: Saharsa | C1401: BHL020 | D1401: 1000004488 | E1401: LAKSHMI ENTERPRISES | F1401: 45948 | G1401: =IF(I1401>0,"Targeted Dealer","-") -> Targeted Dealer | I1401: 25 | K1401: 25 | L1401: =I1401-K1401 -> 0 | M1401: =IFERROR((K1401/J1401%),"-") -> - | N1401: 0 | O1401: =IF(F1401<=$P$2,"Aug","") -> Aug | P1401: 25 | Q1401: =K1401-P1401 -> 0 | R1401: =IFERROR(IF(O1401="Aug",(K1401/P1401-1))," ") -> 0 | S1401: =IF(N1401>0,IF(O1401="","-",IF(R1401<0%,"DEGROWTH","GROWTH"))) -> FALSE | T1401: =N1401 -> 0 | U1401: =IF(F1401<=$V$2,"Sep","") -> Sep | V1401: =T1401 -> 0 | W1401: =K1401-V1401 -> 25 | X1401: =IFERROR(IF(U1401="July",(K1401/V1401-1)),0) -> FALSE | Y1401: =IF(T1401>0,IF(U1401="","-",IF(X1401<0%,"DEGROWTH","GROWTH"))) -> FALSE | Z1401: 0 | AB1401: NE 1 | AC1401: BH | AE1401: BH | AF1401: 36.666667
A1402: NB 2 | B1402: UTTAR DINAJPUR | C1402: #N/A | D1402: 1000004514 | E1402: LATIFUL HARDWARE | F1402: 45967 | G1402: =IF(I1402>0,"Targeted Dealer","-") -> Targeted Dealer | I1402: 200 | K1402: 225 | L1402: =I1402-K1402 -> -25 | M1402: =IFERROR((K1402/J1402%),"-") -> - | N1402: 0 | O1402: =IF(F1402<=$P$2,"Aug","") -> Aug | P1402: 225 | Q1402: =K1402-P1402 -> 0 | R1402: =IFERROR(IF(O1402="Aug",(K1402/P1402-1))," ") -> 0 | S1402: =IF(N1402>0,IF(O1402="","-",IF(R1402<0%,"DEGROWTH","GROWTH"))) -> FALSE | T1402: =N1402 -> 0 | U1402: =IF(F1402<=$V$2,"Sep","") -> Sep | V1402: =T1402 -> 0 | W1402: =K1402-V1402 -> 225 | X1402: =IFERROR(IF(U1402="July",(K1402/V1402-1)),0) -> FALSE | Y1402: =IF(T1402>0,IF(U1402="","-",IF(X1402<0%,"DEGROWTH","GROWTH"))) -> FALSE | Z1402: 0 | AB1402: NE 1 | AC1402: NB 2 | AE1402: NB 2 | AF1402: 446.83333
A1403: NE 1 | B1403: AP- Banderdewa | C1403: NEN256 | D1403: 1000004542 | E1403: NT HARDWARE | F1403: 45978 | G1403: =IF(I1403>0,"Targeted Dealer","-") -> Targeted Dealer | I1403: 60 | K1403: 15.5 | L1403: =I1403-K1403 -> 44.5 | M1403: =IFERROR((K1403/J1403%),"-") -> - | N1403: 0 | O1403: =IF(F1403<=$P$2,"Aug","") -> Aug | P1403: 28.5 | Q1403: =K1403-P1403 -> -13 | R1403: =IFERROR(IF(O1403="Aug",(K1403/P1403-1))," ") -> -0.45614035 | S1403: =IF(N1403>0,IF(O1403="","-",IF(R1403<0%,"DEGROWTH","GROWTH"))) -> FALSE | T1403: =N1403 -> 0 | U1403: =IF(F1403<=$V$2,"Sep","") -> Sep | V1403: =T1403 -> 0 | W1403: =K1403-V1403 -> 15.5 | X1403: =IFERROR(IF(U1403="July",(K1403/V1403-1)),0) -> FALSE | Y1403: =IF(T1403>0,IF(U1403="","-",IF(X1403<0%,"DEGROWTH","GROWTH"))) -> FALSE | Z1403: 0 | AB1403: NE 1 | AC1403: NE 1 | AE1403: NE 1 | AF1403: 18.833333
A1404: NE 1 | B1404: AP- Lekhabali | C1404: NEP321 | D1404: 1000004543 | E1404: PAO FURNITURE | F1404: 45978 | G1404: =IF(I1404>0,"Targeted Dealer","-") -> Targeted Dealer | I1404: 80 | K1404: 50 | L1404: =I1404-K1404 -> 30 | M1404: =IFERROR((K1404/J1404%),"-") -> - | N1404: 0 | O1404: =IF(F1404<=$P$2,"Aug","") -> Aug | P1404: 125 | Q1404: =K1404-P1404 -> -75 | R1404: =IFERROR(IF(O1404="Aug",(K1404/P1404-1))," ") -> -0.6 | S1404: =IF(N1404>0,IF(O1404="","-",IF(R1404<0%,"DEGROWTH","GROWTH"))) -> FALSE | T1404: =N1404 -> 0 | U1404: =IF(F1404<=$V$2,"Sep","") -> Sep | V1404: =T1404 -> 0 | W1404: =K1404-V1404 -> 50 | X1404: =IFERROR(IF(U1404="July",(K1404/V1404-1)),0) -> FALSE | Y1404: =IF(T1404>0,IF(U1404="","-",IF(X1404<0%,"DEGROWTH","GROWTH"))) -> FALSE | Z1404: 0 | AB1404: NE 1 | AC1404: NE 1 | AE1404: NE 1 | AF1404: 101.66667
A1405: NE 1 | B1405: DIBRUGARH | C1405: NEP320 | D1405: 1000004532 | E1405: P G ENTERPRISE | F1405: 45972 | G1405: =IF(I1405>0,"Targeted Dealer","-") -> Targeted Dealer | I1405: 250 | K1405: 304.5 | L1405: =I1405-K1405 -> -54.5 | M1405: =IFERROR((K1405/J1405%),"-") -> - | N1405: 0 | O1405: =IF(F1405<=$P$2,"Aug","") -> Aug | P1405: 188.5 | Q1405: =K1405-P1405 -> 116 | R1405: =IFERROR(IF(O1405="Aug",(K1405/P1405-1))," ") -> 0.61538462 | S1405: =IF(N1405>0,IF(O1405="","-",IF(R1405<0%,"DEGROWTH","GROWTH"))) -> FALSE | T1405: =N1405 -> 0 | U1405: =IF(F1405<=$V$2,"Sep","") -> Sep | V1405: =T1405 -> 0 | W1405: =K1405-V1405 -> 304.5 | X1405: =IFERROR(IF(U1405="July",(K1405/V1405-1)),0) -> FALSE | Y1405: =IF(T1405>0,IF(U1405="","-",IF(X1405<0%,"DEGROWTH","GROWTH"))) -> FALSE | Z1405: 0 | AB1405: NE 1 | AC1405: NE 1 | AE1405: NE 1 | AF1405: 274.5
A1406: NE 1 | B1406: JAINTIA HILLS | C1406: NEF042 | D1406: 1000004504 | E1406: FRIDAY HINGE | F1406: 45952 | G1406: =IF(I1406>0,"Targeted Dealer","-") -> Targeted Dealer | I1406: 65 | K1406: 27.5 | L1406: =I1406-K1406 -> 37.5 | M1406: =IFERROR((K1406/J1406%),"-") -> - | N1406: 0 | O1406: =IF(F1406<=$P$2,"Aug","") -> Aug | P1406: 81 | Q1406: =K1406-P1406 -> -53.5 | R1406: =IFERROR(IF(O1406="Aug",(K1406/P1406-1))," ") -> -0.66049383 | S1406: =IF(N1406>0,IF(O1406="","-",IF(R1406<0%,"DEGROWTH","GROWTH"))) -> FALSE | T1406: =N1406 -> 0 | U1406: =IF(F1406<=$V$2,"Sep","") -> Sep | V1406: =T1406 -> 0 | W1406: =K1406-V1406 -> 27.5 | X1406: =IFERROR(IF(U1406="July",(K1406/V1406-1)),0) -> FALSE | Y1406: =IF(T1406>0,IF(U1406="","-",IF(X1406<0%,"DEGROWTH","GROWTH"))) -> FALSE | Z1406: 0 | AB1406: NE 1 | AC1406: NE 1 | AE1406: NE 1 | AF1406: 81.5
A1407: NE 1 | B1407: MANIPUR | C1407: NEA497 | D1407: 1000004393 | E1407: AK TRADERS | F1407: 45825 | G1407: =IF(I1407>0,"Targeted Dealer","-") -> - | I1407: 0 | K1407: 0 | L1407: =I1407-K1407 -> 0 | M1407: =IFERROR((K1407/J1407%),"-") -> - | N1407: 0 | O1407: =IF(F1407<=$P$2,"Aug","") -> Aug | P1407: 0 | Q1407: =K1407-P1407 -> 0 | R1407: =IFERROR(IF(O1407="Aug",(K1407/P1407-1))," ") | S1407: =IF(N1407>0,IF(O1407="","-",IF(R1407<0%,"DEGROWTH","GROWTH"))) -> FALSE | T1407: =N1407 -> 0 | U1407: =IF(F1407<=$V$2,"Sep","") -> Sep | V1407: =T1407 -> 0 | W1407: =K1407-V1407 -> 0 | X1407: =IFERROR(IF(U1407="July",(K1407/V1407-1)),0) -> FALSE | Y1407: =IF(T1407>0,IF(U1407="","-",IF(X1407<0%,"DEGROWTH","GROWTH"))) -> FALSE | Z1407: 0 | AB1407: NE 1 | AC1407: NE 1 | AE1407: NE 1 | AF1407: 23.333333
A1408: NE 1 | B1408: SHILLONG | C1408: NES796 | D1408: 1000004486 | E1408: SKELAND NONGSIEJ | F1408: 45940 | G1408: =IF(I1408>0,"Targeted Dealer","-") -> Targeted Dealer | I1408: 46 | K1408: 86 | L1408: =I1408-K1408 -> -40 | M1408: =IFERROR((K1408/J1408%),"-") -> - | N1408: 0 | O1408: =IF(F1408<=$P$2,"Aug","") -> Aug | P1408: 25 | Q1408: =K1408-P1408 -> 61 | R1408: =IFERROR(IF(O1408="Aug",(K1408/P1408-1))," ") -> 2.44 | S1408: =IF(N1408>0,IF(O1408="","-",IF(R1408<0%,"DEGROWTH","GROWTH"))) -> FALSE | T1408: =N1408 -> 0 | U1408: =IF(F1408<=$V$2,"Sep","") -> Sep | V1408: =T1408 -> 0 | W1408: =K1408-V1408 -> 86 | X1408: =IFERROR(IF(U1408="July",(K1408/V1408-1)),0) -> FALSE | Y1408: =IF(T1408>0,IF(U1408="","-",IF(X1408<0%,"DEGROWTH","GROWTH"))) -> FALSE | Z1408: 0 | AB1408: NE 1 | AC1408: NE 1 | AE1408: NE 1 | AF1408: 40.833333
A1409: NE 1 | B1409: SHILLONG | C1409: NEP299 | D1409: 1000004135 | E1409: PYNTNGEN MYRTHONG | F1409: 45559 | G1409: =IF(I1409>0,"Targeted Dealer","-") -> Targeted Dealer | I1409: 200 | K1409: 0 | L1409: =I1409-K1409 -> 200 | M1409: =IFERROR((K1409/J1409%),"-") -> - | N1409: 0 | O1409: =IF(F1409<=$P$2,"Aug","") -> Aug | P1409: 0 | Q1409: =K1409-P1409 -> 0 | R1409: =IFERROR(IF(O1409="Aug",(K1409/P1409-1))," ") | S1409: =IF(N1409>0,IF(O1409="","-",IF(R1409<0%,"DEGROWTH","GROWTH"))) -> FALSE | T1409: =N1409 -> 0 | U1409: =IF(F1409<=$V$2,"Sep","") -> Sep | V1409: =T1409 -> 0 | W1409: =K1409-V1409 -> 0 | X1409: =IFERROR(IF(U1409="July",(K1409/V1409-1)),0) -> FALSE | Y1409: =IF(T1409>0,IF(U1409="","-",IF(X1409<0%,"DEGROWTH","GROWTH"))) -> FALSE | Z1409: 0 | AB1409: NE 1 | AC1409: NE 1 | AE1409: NE 1 | AF1409: 20.166667
A1410: NE 1 | B1410: SHILLONG | C1410: NEP275 | D1410: 1000003712 | E1410: PAUL AIBANAIBOK BAMON | F1410: 45173 | G1410: =IF(I1410>0,"Targeted Dealer","-") -> Targeted Dealer | I1410: 23 | K1410: 17 | L1410: =I1410-K1410 -> 6 | M1410: =IFERROR((K1410/J1410%),"-") -> - | N1410: 0 | O1410: =IF(F1410<=$P$2,"Aug","") -> Aug | P1410: 0 | Q1410: =K1410-P1410 -> 17 | R1410: =IFERROR(IF(O1410="Aug",(K1410/P1410-1))," ") | S1410: =IF(N1410>0,IF(O1410="","-",IF(R1410<0%,"DEGROWTH","GROWTH"))) -> FALSE | T1410: =N1410 -> 0 | U1410: =IF(F1410<=$V$2,"Sep","") -> Sep | V1410: =T1410 -> 0 | W1410: =K1410-V1410 -> 17 | X1410: =IFERROR(IF(U1410="July",(K1410/V1410-1)),0) -> FALSE | Y1410: =IF(T1410>0,IF(U1410="","-",IF(X1410<0%,"DEGROWTH","GROWTH"))) -> FALSE | Z1410: 0 | AB1410: NE 1 | AC1410: NE 1 | AE1410: NE 1 | AF1410: 30.333333
A1411: NE 1 | B1411: Sibsagar | C1411: NEA503 | D1411: 1000004511 | E1411: AMBIKA HARDWARE | F1411: 45966 | G1411: =IF(I1411>0,"Targeted Dealer","-") -> Targeted Dealer | I1411: 40 | K1411: 0 | L1411: =I1411-K1411 -> 40 | M1411: =IFERROR((K1411/J1411%),"-") -> - | N1411: 0 | O1411: =IF(F1411<=$P$2,"Aug","") -> Aug | P1411: 15 | Q1411: =K1411-P1411 -> -15 | R1411: =IFERROR(IF(O1411="Aug",(K1411/P1411-1))," ") -> -1 | S1411: =IF(N1411>0,IF(O1411="","-",IF(R1411<0%,"DEGROWTH","GROWTH"))) -> FALSE | T1411: =N1411 -> 0 | U1411: =IF(F1411<=$V$2,"Sep","") -> Sep | V1411: =T1411 -> 0 | W1411: =K1411-V1411 -> 0 | X1411: =IFERROR(IF(U1411="July",(K1411/V1411-1)),0) -> FALSE | Y1411: =IF(T1411>0,IF(U1411="","-",IF(X1411<0%,"DEGROWTH","GROWTH"))) -> FALSE | Z1411: 0 | AB1411: NE 1 | AC1411: NE 1 | AE1411: NE 1 | AF1411: 12.083333
A1412: NE 1 | B1412: TEZPUR | C1412: NEK232 | D1412: 1000004544 | E1412: KRISHNA ENTERPRISES | F1412: 45978 | G1412: =IF(I1412>0,"Targeted Dealer","-") -> Targeted Dealer | I1412: 20 | K1412: 18.25 | L1412: =I1412-K1412 -> 1.75 | M1412: =IFERROR((K1412/J1412%),"-") -> - | N1412: 0 | O1412: =IF(F1412<=$P$2,"Aug","") -> Aug | P1412: 14 | Q1412: =K1412-P1412 -> 4.25 | R1412: =IFERROR(IF(O1412="Aug",(K1412/P1412-1))," ") -> 0.30357143 | S1412: =IF(N1412>0,IF(O1412="","-",IF(R1412<0%,"DEGROWTH","GROWTH"))) -> FALSE | T1412: =N1412 -> 0 | U1412: =IF(F1412<=$V$2,"Sep","") -> Sep | V1412: =T1412 -> 0 | W1412: =K1412-V1412 -> 18.25 | X1412: =IFERROR(IF(U1412="July",(K1412/V1412-1)),0) -> FALSE | Y1412: =IF(T1412>0,IF(U1412="","-",IF(X1412<0%,"DEGROWTH","GROWTH"))) -> FALSE | Z1412: 0 | AB1412: NE 1 | AC1412: NE 1 | AE1412: NE 1 | AF1412: 13
A1413: NE 1 | B1413: TEZPUR | C1413: NEB410 | D1413: 1000004539 | E1413: BHALUKPONG HARDWARE | F1413: 45981 | G1413: =IF(I1413>0,"Targeted Dealer","-") -> Targeted Dealer | I1413: 100 | K1413: 0 | L1413: =I1413-K1413 -> 100 | M1413: =IFERROR((K1413/J1413%),"-") -> - | N1413: 0 | O1413: =IF(F1413<=$P$2,"Aug","") -> Aug | P1413: 80 | Q1413: =K1413-P1413 -> -80 | R1413: =IFERROR(IF(O1413="Aug",(K1413/P1413-1))," ") -> -1 | S1413: =IF(N1413>0,IF(O1413="","-",IF(R1413<0%,"DEGROWTH","GROWTH"))) -> FALSE | T1413: =N1413 -> 0 | U1413: =IF(F1413<=$V$2,"Sep","") -> Sep | V1413: =T1413 -> 0 | W1413: =K1413-V1413 -> 0 | X1413: =IFERROR(IF(U1413="July",(K1413/V1413-1)),0) -> FALSE | Y1413: =IF(T1413>0,IF(U1413="","-",IF(X1413<0%,"DEGROWTH","GROWTH"))) -> FALSE | Z1413: 0 | AB1413: NE 1 | AC1413: NE 1 | AE1413: NE 1 | AF1413: 46.275
A1414: NE 1 | B1414: TINSUKIA | C1414: NEB405 | D1414: 1000004427 | E1414: BHAKTA HARDWARE | F1414: 45867 | G1414: =IF(I1414>0,"Targeted Dealer","-") -> - | I1414: 0 | K1414: 0 | L1414: =I1414-K1414 -> 0 | M1414: =IFERROR((K1414/J1414%),"-") -> - | N1414: 0 | O1414: =IF(F1414<=$P$2,"Aug","") -> Aug | P1414: 0 | Q1414: =K1414-P1414 -> 0 | R1414: =IFERROR(IF(O1414="Aug",(K1414/P1414-1))," ") | S1414: =IF(N1414>0,IF(O1414="","-",IF(R1414<0%,"DEGROWTH","GROWTH"))) -> FALSE | T1414: =N1414 -> 0 | U1414: =IF(F1414<=$V$2,"Sep","") -> Sep | V1414: =T1414 -> 0 | W1414: =K1414-V1414 -> 0 | X1414: =IFERROR(IF(U1414="July",(K1414/V1414-1)),0) -> FALSE | Y1414: =IF(T1414>0,IF(U1414="","-",IF(X1414<0%,"DEGROWTH","GROWTH"))) -> FALSE | Z1414: 0 | AB1414: NE 1 | AC1414: NE 1 | AE1414: NE 1 | AF1414: 10
... A1511: NE 1 | B1511: Sibsagar | C1511: NES778 | D1511: 1000004264 | E1511: SAHU HARDWARE STORE | F1511: 45699 | G1511: =IF(I1511>0,"Targeted Dealer","-") -> Targeted Dealer | I1511: 25 | K1511: 0 | L1511: =I1511-K1511 -> 25 | M1511: =IFERROR((K1511/J1511%),"-") -> - | N1511: 0 | O1511: =IF(F1511<=$P$2,"Aug","") -> Aug | P1511: 15.75 | Q1511: =K1511-P1511 -> -15.75 | R1511: =IFERROR(IF(O1511="Aug",(K1511/P1511-1))," ") -> -1 | S1511: =IF(N1511>0,IF(O1511="","-",IF(R1511<0%,"DEGROWTH","GROWTH"))) -> FALSE | T1511: =N1511 -> 0 | U1511: =IF(F1511<=$V$2,"Sep","") -> Sep | V1511: =T1511 -> 0 | W1511: =K1511-V1511 -> 0 | X1511: =IFERROR(IF(U1511="July",(K1511/V1511-1)),0) -> FALSE | Y1511: =IF(T1511>0,IF(U1511="","-",IF(X1511<0%,"DEGROWTH","GROWTH"))) -> FALSE | Z1511: 0 | AB1511: NE 1 | AC1511: NE 1 | AE1511: NE 1 | AF1511: 17.591667
A1512: NB 1 | B1512: ALIPURDUAR | C1512: WBS358 | D1512: 1000004682 | E1512: SAHA TRADING COMPANY | F1512: 46099 | G1512: =IF(I1512>0,"Targeted Dealer","-") -> Targeted Dealer | I1512: 140 | K1512: 209 | L1512: =I1512-K1512 -> -69 | M1512: =IFERROR((K1512/J1512%),"-") -> - | N1512: 0 | O1512: =IF(F1512<=$P$2,"Aug","") -> Aug | P1512: 126 | Q1512: =K1512-P1512 -> 83 | R1512: =IFERROR(IF(O1512="Aug",(K1512/P1512-1))," ") -> 0.65873016 | S1512: =IF(N1512>0,IF(O1512="","-",IF(R1512<0%,"DEGROWTH","GROWTH"))) -> FALSE | T1512: =N1512 -> 0 | U1512: =IF(F1512<=$V$2,"Sep","") -> Sep | V1512: =T1512 -> 0 | W1512: =K1512-V1512 -> 209 | X1512: =IFERROR(IF(U1512="July",(K1512/V1512-1)),0) -> FALSE | Y1512: =IF(T1512>0,IF(U1512="","-",IF(X1512<0%,"DEGROWTH","GROWTH"))) -> FALSE | Z1512: 0 | AB1512: NE 1 | AE1512: NB 1 | AF1512: 153.66667
A1513: NE 1 | B1513: AP- Banderdewa | C1513: NEK239 | D1513: 1000004681 | E1513: K A ENTERPRISE | F1513: 46099 | G1513: =IF(I1513>0,"Targeted Dealer","-") -> Targeted Dealer | I1513: 40 | K1513: 0 | L1513: =I1513-K1513 -> 40 | M1513: =IFERROR((K1513/J1513%),"-") -> - | N1513: 0 | O1513: =IF(F1513<=$P$2,"Aug","") -> Aug | P1513: 20 | Q1513: =K1513-P1513 -> -20 | R1513: =IFERROR(IF(O1513="Aug",(K1513/P1513-1))," ") -> -1 | S1513: =IF(N1513>0,IF(O1513="","-",IF(R1513<0%,"DEGROWTH","GROWTH"))) -> FALSE | T1513: =N1513 -> 0 | U1513: =IF(F1513<=$V$2,"Sep","") -> Sep | V1513: =T1513 -> 0 | W1513: =K1513-V1513 -> 0 | X1513: =IFERROR(IF(U1513="July",(K1513/V1513-1)),0) -> FALSE | Y1513: =IF(T1513>0,IF(U1513="","-",IF(X1513<0%,"DEGROWTH","GROWTH"))) -> FALSE | Z1513: 0 | AB1513: NE 1 | AE1513: NE 1 | AF1513: 11.666667
A1514: NE 1 | B1514: AP- Lekhabali | C1514: NEA196 | D1514: 1000000093 | E1514: ARUNACHAL HARDWARE | F1514: 44738 | G1514: =IF(I1514>0,"Targeted Dealer","-") -> Targeted Dealer | I1514: 80 | K1514: 25 | L1514: =I1514-K1514 -> 55 | M1514: =IFERROR((K1514/J1514%),"-") -> - | N1514: 0 | O1514: =IF(F1514<=$P$2,"Aug","") -> Aug | P1514: 0 | Q1514: =K1514-P1514 -> 25 | R1514: =IFERROR(IF(O1514="Aug",(K1514/P1514-1))," ") | S1514: =IF(N1514>0,IF(O1514="","-",IF(R1514<0%,"DEGROWTH","GROWTH"))) -> FALSE | T1514: =N1514 -> 0 | U1514: =IF(F1514<=$V$2,"Sep","") -> Sep | V1514: =T1514 -> 0 | W1514: =K1514-V1514 -> 25 | X1514: =IFERROR(IF(U1514="July",(K1514/V1514-1)),0) -> FALSE | Y1514: =IF(T1514>0,IF(U1514="","-",IF(X1514<0%,"DEGROWTH","GROWTH"))) -> FALSE | Z1514: 0 | AB1514: NE 1 | AE1514: NE 1 | AF1514: 14.166667
A1515: NE 2 | B1515: CACHAR | C1515: NEU055 | D1515: 1000004676 | E1515: UNIQUE HARDWARE | F1515: 46078 | G1515: =IF(I1515>0,"Targeted Dealer","-") -> - | I1515: 0 | K1515: 0 | L1515: =I1515-K1515 -> 0 | M1515: =IFERROR((K1515/J1515%),"-") -> - | N1515: 0 | O1515: =IF(F1515<=$P$2,"Aug","") -> Aug | P1515: 0 | Q1515: =K1515-P1515 -> 0 | R1515: =IFERROR(IF(O1515="Aug",(K1515/P1515-1))," ") | S1515: =IF(N1515>0,IF(O1515="","-",IF(R1515<0%,"DEGROWTH","GROWTH"))) -> FALSE | T1515: =N1515 -> 0 | U1515: =IF(F1515<=$V$2,"Sep","") -> Sep | V1515: =T1515 -> 0 | W1515: =K1515-V1515 -> 0 | X1515: =IFERROR(IF(U1515="July",(K1515/V1515-1)),0) -> FALSE | Y1515: =IF(T1515>0,IF(U1515="","-",IF(X1515<0%,"DEGROWTH","GROWTH"))) -> FALSE | Z1515: 0 | AB1515: NE 1 | AE1515: NE 2 | AF1515: 13.333333
A1516: NB 1 | B1516: Cooch Behar | C1516: WBS357 | D1516: 1000004677 | E1516: SREE KRISHNA HARDWARE - COOCHBEHAR | F1516: 46080 | G1516: =IF(I1516>0,"Targeted Dealer","-") -> Targeted Dealer | I1516: 30 | K1516: 25 | L1516: =I1516-K1516 -> 5 | M1516: =IFERROR((K1516/J1516%),"-") -> - | N1516: 0 | O1516: =IF(F1516<=$P$2,"Aug","") -> Aug | P1516: 24 | Q1516: =K1516-P1516 -> 1 | R1516: =IFERROR(IF(O1516="Aug",(K1516/P1516-1))," ") -> 0.041666667 | S1516: =IF(N1516>0,IF(O1516="","-",IF(R1516<0%,"DEGROWTH","GROWTH"))) -> FALSE | T1516: =N1516 -> 0 | U1516: =IF(F1516<=$V$2,"Sep","") -> Sep | V1516: =T1516 -> 0 | W1516: =K1516-V1516 -> 25 | X1516: =IFERROR(IF(U1516="July",(K1516/V1516-1)),0) -> FALSE | Y1516: =IF(T1516>0,IF(U1516="","-",IF(X1516<0%,"DEGROWTH","GROWTH"))) -> FALSE | Z1516: 0 | AB1516: NE 1 | AE1516: NB 1 | AF1516: 40.5
A1517: NB 1 | B1517: DARJEELING HILLS | C1517: WBS303 | D1517: 1000001383 | E1517: SHREE RAM TRADERS . CHAMPASARI | F1517: 44739 | G1517: =IF(I1517>0,"Targeted Dealer","-") -> Targeted Dealer | I1517: 30 | K1517: 6 | L1517: =I1517-K1517 -> 24 | M1517: =IFERROR((K1517/J1517%),"-") -> - | N1517: 0 | O1517: =IF(F1517<=$P$2,"Aug","") -> Aug | P1517: 36.25 | Q1517: =K1517-P1517 -> -30.25 | R1517: =IFERROR(IF(O1517="Aug",(K1517/P1517-1))," ") -> -0.83448276 | S1517: =IF(N1517>0,IF(O1517="","-",IF(R1517<0%,"DEGROWTH","GROWTH"))) -> FALSE | T1517: =N1517 -> 0 | U1517: =IF(F1517<=$V$2,"Sep","") -> Sep | V1517: =T1517 -> 0 | W1517: =K1517-V1517 -> 6 | X1517: =IFERROR(IF(U1517="July",(K1517/V1517-1)),0) -> FALSE | Y1517: =IF(T1517>0,IF(U1517="","-",IF(X1517<0%,"DEGROWTH","GROWTH"))) -> FALSE | Z1517: 0 | AB1517: NE 1 | AE1517: NB 1 | AF1517: 11.208333
A1518: NB 1 | B1518: DARJEELING HILLS | C1518: WBH057 | D1518: 1000004673 | E1518: HIMALAYAN BUILDER | F1518: 46078 | G1518: =IF(I1518>0,"Targeted Dealer","-") -> Targeted Dealer | I1518: 130 | K1518: 25 | L1518: =I1518-K1518 -> 105 | M1518: =IFERROR((K1518/J1518%),"-") -> - | N1518: 0 | O1518: =IF(F1518<=$P$2,"Aug","") -> Aug | P1518: 150.25 | Q1518: =K1518-P1518 -> -125.25 | R1518: =IFERROR(IF(O1518="Aug",(K1518/P1518-1))," ") -> -0.83361065 | S1518: =IF(N1518>0,IF(O1518="","-",IF(R1518<0%,"DEGROWTH","GROWTH"))) -> FALSE | T1518: =N1518 -> 0 | U1518: =IF(F1518<=$V$2,"Sep","") -> Sep | V1518: =T1518 -> 0 | W1518: =K1518-V1518 -> 25 | X1518: =IFERROR(IF(U1518="July",(K1518/V1518-1)),0) -> FALSE | Y1518: =IF(T1518>0,IF(U1518="","-",IF(X1518<0%,"DEGROWTH","GROWTH"))) -> FALSE | Z1518: 0 | AB1518: NE 1 | AE1518: NB 1 | AF1518: 255.04167
A1519: NE 1 | B1519: DIBRUGARH | C1519: NEP273 | D1519: 1000003683 | E1519: PRAVEER ENTERPRISE | F1519: 45148 | G1519: =IF(I1519>0,"Targeted Dealer","-") -> Targeted Dealer | I1519: 40 | K1519: 20 | L1519: =I1519-K1519 -> 20 | M1519: =IFERROR((K1519/J1519%),"-") -> - | N1519: 0 | O1519: =IF(F1519<=$P$2,"Aug","") -> Aug | P1519: 0 | Q1519: =K1519-P1519 -> 20 | R1519: =IFERROR(IF(O1519="Aug",(K1519/P1519-1))," ") | S1519: =IF(N1519>0,IF(O1519="","-",IF(R1519<0%,"DEGROWTH","GROWTH"))) -> FALSE | T1519: =N1519 -> 0 | U1519: =IF(F1519<=$V$2,"Sep","") -> Sep | V1519: =T1519 -> 0 | W1519: =K1519-V1519 -> 20 | X1519: =IFERROR(IF(U1519="July",(K1519/V1519-1)),0) -> FALSE | Y1519: =IF(T1519>0,IF(U1519="","-",IF(X1519<0%,"DEGROWTH","GROWTH"))) -> FALSE | Z1519: 0 | AB1519: NE 1 | AE1519: NE 1 | AF1519: 17.75
A1520: NE 1 | B1520: GOLAGHAT | C1520: NEJ213 | D1520: 1000004670 | E1520: JOYSHREE HARDWARE | F1520: 46091 | G1520: =IF(I1520>0,"Targeted Dealer","-") -> Targeted Dealer | I1520: 20 | K1520: 0 | L1520: =I1520-K1520 -> 20 | M1520: =IFERROR((K1520/J1520%),"-") -> - | N1520: 0 | O1520: =IF(F1520<=$P$2,"Aug","") -> Aug | P1520: 20 | Q1520: =K1520-P1520 -> -20 | R1520: =IFERROR(IF(O1520="Aug",(K1520/P1520-1))," ") -> -1 | S1520: =IF(N1520>0,IF(O1520="","-",IF(R1520<0%,"DEGROWTH","GROWTH"))) -> FALSE | T1520: =N1520 -> 0 | U1520: =IF(F1520<=$V$2,"Sep","") -> Sep | V1520: =T1520 -> 0 | W1520: =K1520-V1520 -> 0 | X1520: =IFERROR(IF(U1520="July",(K1520/V1520-1)),0) -> FALSE | Y1520: =IF(T1520>0,IF(U1520="","-",IF(X1520<0%,"DEGROWTH","GROWTH"))) -> FALSE | Z1520: 0 | AB1520: NE 1 | AE1520: NE 1 | AF1520: 9.1666667
A1521: NE 1 | B1521: GOLAGHAT | C1521: NEK238 | D1521: 1000004683 | E1521: KAMAKHYA TRADE | F1521: 46099 | G1521: =IF(I1521>0,"Targeted Dealer","-") -> Targeted Dealer | I1521: 30 | K1521: 20 | L1521: =I1521-K1521 -> 10 | M1521: =IFERROR((K1521/J1521%),"-") -> - | N1521: 0 | O1521: =IF(F1521<=$P$2,"Aug","") -> Aug | P1521: 24.5 | Q1521: =K1521-P1521 -> -4.5 | R1521: =IFERROR(IF(O1521="Aug",(K1521/P1521-1))," ") -> -0.18367347 | S1521: =IF(N1521>0,IF(O1521="","-",IF(R1521<0%,"DEGROWTH","GROWTH"))) -> FALSE | T1521: =N1521 -> 0 | U1521: =IF(F1521<=$V$2,"Sep","") -> Sep | V1521: =T1521 -> 0 | W1521: =K1521-V1521 -> 20 | X1521: =IFERROR(IF(U1521="July",(K1521/V1521-1)),0) -> FALSE | Y1521: =IF(T1521>0,IF(U1521="","-",IF(X1521<0%,"DEGROWTH","GROWTH"))) -> FALSE | Z1521: 0 | AB1521: NE 1 | AE1521: NE 1 | AF1521: 34.083333
A1522: NE 2 | B1522: GUWAHATI RURAL | C1522: NER404 | D1522: 1000004667 | E1522: RUPAM HARDWARE | F1522: 46086 | G1522: =IF(I1522>0,"Targeted Dealer","-") -> Targeted Dealer | I1522: 49 | K1522: 61 | L1522: =I1522-K1522 -> -12 | M1522: =IFERROR((K1522/J1522%),"-") -> - | N1522: 0 | O1522: =IF(F1522<=$P$2,"Aug","") -> Aug | P1522: 93 | Q1522: =K1522-P1522 -> -32 | R1522: =IFERROR(IF(O1522="Aug",(K1522/P1522-1))," ") -> -0.34408602 | S1522: =IF(N1522>0,IF(O1522="","-",IF(R1522<0%,"DEGROWTH","GROWTH"))) -> FALSE | T1522: =N1522 -> 0 | U1522: =IF(F1522<=$V$2,"Sep","") -> Sep | V1522: =T1522 -> 0 | W1522: =K1522-V1522 -> 61 | X1522: =IFERROR(IF(U1522="July",(K1522/V1522-1)),0) -> FALSE | Y1522: =IF(T1522>0,IF(U1522="","-",IF(X1522<0%,"DEGROWTH","GROWTH"))) -> FALSE | Z1522: 0 | AB1522: NE 1 | AE1522: NE 2 | AF1522: 52
A1523: NE 2 | B1523: GUWAHATI URBAN | C1523: NEA194 | D1523: 1000000309 | E1523: ASHOK SUPPLY AGENCY | F1523: 44738 | G1523: =IF(I1523>0,"Targeted Dealer","-") -> - | I1523: 0 | K1523: 0 | L1523: =I1523-K1523 -> 0 | M1523: =IFERROR((K1523/J1523%),"-") -> - | N1523: 0 | O1523: =IF(F1523<=$P$2,"Aug","") -> Aug | P1523: 0 | Q1523: =K1523-P1523 -> 0 | R1523: =IFERROR(IF(O1523="Aug",(K1523/P1523-1))," ") | S1523: =IF(N1523>0,IF(O1523="","-",IF(R1523<0%,"DEGROWTH","GROWTH"))) -> FALSE | T1523: =N1523 -> 0 | U1523: =IF(F1523<=$V$2,"Sep","") -> Sep | V1523: =T1523 -> 0 | W1523: =K1523-V1523 -> 0 | X1523: =IFERROR(IF(U1523="July",(K1523/V1523-1)),0) -> FALSE | Y1523: =IF(T1523>0,IF(U1523="","-",IF(X1523<0%,"DEGROWTH","GROWTH"))) -> FALSE | Z1523: 0 | AB1523: NE 1 | AE1523: NE 2 | AF1523: 1.75
... A1578: NB 2 | B1578: UTTAR DINAJPUR | C1578: WBJ077 | D1578: 1000004706 | E1578: JOARDER BUILDERS | F1578: 46139 | G1578: =IF(I1578>0,"Targeted Dealer","-") -> Targeted Dealer | I1578: 70 | K1578: 229 | L1578: =I1578-K1578 -> -159 | M1578: =IFERROR((K1578/J1578%),"-") -> - | N1578: 0 | O1578: =IF(F1578<=$P$2,"Aug","") -> Aug | P1578: 164.5 | Q1578: =K1578-P1578 -> 64.5 | R1578: =IFERROR(IF(O1578="Aug",(K1578/P1578-1))," ") -> 0.39209726 | S1578: =IF(N1578>0,IF(O1578="","-",IF(R1578<0%,"DEGROWTH","GROWTH"))) -> FALSE | T1578: =N1578 -> 0 | U1578: =IF(F1578<=$V$2,"Sep","") -> Sep | V1578: =T1578 -> 0 | W1578: =K1578-V1578 -> 229 | X1578: =IFERROR(IF(U1578="July",(K1578/V1578-1)),0) -> FALSE | Y1578: =IF(T1578>0,IF(U1578="","-",IF(X1578<0%,"DEGROWTH","GROWTH"))) -> FALSE | Z1578: 0 | AB1578: NE 1 | AE1578: NB 2 | AF1578: 82.358333
A1579: =VLOOKUP(B1579,$B$2:$AC$1575,28,0) -> NB 1 | B1579: ALIPURDUAR | C1579: WBD105 | D1579: 1000004709 | E1579: D V ENTERPRISE | F1579: 46141 | G1579: =IF(I1579>0,"Targeted Dealer","-") -> Targeted Dealer | I1579: 450 | K1579: 495 | L1579: =I1579-K1579 -> -45 | M1579: =IFERROR((K1579/J1579%),"-") -> - | N1579: 0 | O1579: =IF(F1579<=$P$2,"Aug","") -> Aug | P1579: 488 | Q1579: =K1579-P1579 -> 7 | R1579: =IFERROR(IF(O1579="Aug",(K1579/P1579-1))," ") -> 0.014344262 | S1579: =IF(N1579>0,IF(O1579="","-",IF(R1579<0%,"DEGROWTH","GROWTH"))) -> FALSE | T1579: =N1579 -> 0 | U1579: =IF(F1579<=$V$2,"Sep","") -> Sep | V1579: =T1579 -> 0 | W1579: =K1579-V1579 -> 495 | X1579: =IFERROR(IF(U1579="July",(K1579/V1579-1)),0) -> FALSE | Y1579: =IF(T1579>0,IF(U1579="","-",IF(X1579<0%,"DEGROWTH","GROWTH"))) -> FALSE | AE1579: =VLOOKUP(AF1579,$B$2:$AC$1575,28,0) -> #N/A | AF1579: 227
A1580: =VLOOKUP(B1580,$B$2:$AC$1575,28,0) -> NB 1 | B1580: ALIPURDUAR | C1580: WBS359 | D1580: 1000004703 | E1580: SUDIP SUTRADHAR | F1580: 46132 | G1580: =IF(I1580>0,"Targeted Dealer","-") -> Targeted Dealer | I1580: 20 | K1580: 24 | L1580: =I1580-K1580 -> -4 | M1580: =IFERROR((K1580/J1580%),"-") -> - | N1580: 0 | O1580: =IF(F1580<=$P$2,"Aug","") -> Aug | P1580: 0 | Q1580: =K1580-P1580 -> 24 | R1580: =IFERROR(IF(O1580="Aug",(K1580/P1580-1))," ") | S1580: =IF(N1580>0,IF(O1580="","-",IF(R1580<0%,"DEGROWTH","GROWTH"))) -> FALSE | T1580: =N1580 -> 0 | U1580: =IF(F1580<=$V$2,"Sep","") -> Sep | V1580: =T1580 -> 0 | W1580: =K1580-V1580 -> 24 | X1580: =IFERROR(IF(U1580="July",(K1580/V1580-1)),0) -> FALSE | Y1580: =IF(T1580>0,IF(U1580="","-",IF(X1580<0%,"DEGROWTH","GROWTH"))) -> FALSE | AE1580: =VLOOKUP(AF1580,$B$2:$AC$1575,28,0) -> #N/A | AF1580: 4
A1581: =VLOOKUP(B1581,$B$2:$AC$1575,28,0) -> NE 1 | B1581: AP- Banderdewa | C1581: NEK063 | D1581: 1000000832 | E1581: KALUNG HARDWARE (OLD ZIRO) | F1581: 44738 | G1581: =IF(I1581>0,"Targeted Dealer","-") -> - | I1581: 0 | K1581: 0 | L1581: =I1581-K1581 -> 0 | M1581: =IFERROR((K1581/J1581%),"-") -> - | N1581: 0 | O1581: =IF(F1581<=$P$2,"Aug","") -> Aug | P1581: 0 | Q1581: =K1581-P1581 -> 0 | R1581: =IFERROR(IF(O1581="Aug",(K1581/P1581-1))," ") | S1581: =IF(N1581>0,IF(O1581="","-",IF(R1581<0%,"DEGROWTH","GROWTH"))) -> FALSE | T1581: =N1581 -> 0 | U1581: =IF(F1581<=$V$2,"Sep","") -> Sep | V1581: =T1581 -> 0 | W1581: =K1581-V1581 -> 0 | X1581: =IFERROR(IF(U1581="July",(K1581/V1581-1)),0) -> FALSE | Y1581: =IF(T1581>0,IF(U1581="","-",IF(X1581<0%,"DEGROWTH","GROWTH"))) -> FALSE | AE1581: =VLOOKUP(AF1581,$B$2:$AC$1575,28,0) -> #N/A | AF1581: 0.23333333
A1582: =VLOOKUP(B1582,$B$2:$AC$1575,28,0) -> NE 1 | B1582: AP- Banderdewa | C1582: NEP244 | D1582: 1000003127 | E1582: PERA ENTERPRISE | F1582: 44908 | G1582: =IF(I1582>0,"Targeted Dealer","-") -> - | I1582: 0 | K1582: 0 | L1582: =I1582-K1582 -> 0 | M1582: =IFERROR((K1582/J1582%),"-") -> - | N1582: 0 | O1582: =IF(F1582<=$P$2,"Aug","") -> Aug | P1582: 0 | Q1582: =K1582-P1582 -> 0 | R1582: =IFERROR(IF(O1582="Aug",(K1582/P1582-1))," ") | S1582: =IF(N1582>0,IF(O1582="","-",IF(R1582<0%,"DEGROWTH","GROWTH"))) -> FALSE | T1582: =N1582 -> 0 | U1582: =IF(F1582<=$V$2,"Sep","") -> Sep | V1582: =T1582 -> 0 | W1582: =K1582-V1582 -> 0 | X1582: =IFERROR(IF(U1582="July",(K1582/V1582-1)),0) -> FALSE | Y1582: =IF(T1582>0,IF(U1582="","-",IF(X1582<0%,"DEGROWTH","GROWTH"))) -> FALSE | AE1582: =VLOOKUP(AF1582,$B$2:$AC$1575,28,0) -> #N/A | AF1582: 6.6666667
A1583: =VLOOKUP(B1583,$B$2:$AC$1575,28,0) -> NE 2 | B1583: CACHAR | C1583: NEB043 | D1583: 1000000128 | E1583: BARDHAN TRADERS | F1583: 44738 | G1583: =IF(I1583>0,"Targeted Dealer","-") -> - | I1583: 0 | K1583: 0 | L1583: =I1583-K1583 -> 0 | M1583: =IFERROR((K1583/J1583%),"-") -> - | N1583: 0 | O1583: =IF(F1583<=$P$2,"Aug","") -> Aug | P1583: 0 | Q1583: =K1583-P1583 -> 0 | R1583: =IFERROR(IF(O1583="Aug",(K1583/P1583-1))," ") | S1583: =IF(N1583>0,IF(O1583="","-",IF(R1583<0%,"DEGROWTH","GROWTH"))) -> FALSE | T1583: =N1583 -> 0 | U1583: =IF(F1583<=$V$2,"Sep","") -> Sep | V1583: =T1583 -> 0 | W1583: =K1583-V1583 -> 0 | X1583: =IFERROR(IF(U1583="July",(K1583/V1583-1)),0) -> FALSE | Y1583: =IF(T1583>0,IF(U1583="","-",IF(X1583<0%,"DEGROWTH","GROWTH"))) -> FALSE | AE1583: =VLOOKUP(AF1583,$B$2:$AC$1575,28,0) -> #N/A | AF1583: 0.41666667
A1584: =VLOOKUP(B1584,$B$2:$AC$1575,28,0) -> NE 2 | B1584: CACHAR | C1584: NEP255 | D1584: 1000004718 | E1584: PANDEY HARDWARE | F1584: 46165 | G1584: =IF(I1584>0,"Targeted Dealer","-") -> Targeted Dealer | I1584: 50 | K1584: 76 | L1584: =I1584-K1584 -> -26 | M1584: =IFERROR((K1584/J1584%),"-") -> - | N1584: 0 | O1584: =IF(F1584<=$P$2,"Aug","") -> Aug | P1584: 30 | Q1584: =K1584-P1584 -> 46 | R1584: =IFERROR(IF(O1584="Aug",(K1584/P1584-1))," ") -> 1.5333333 | S1584: =IF(N1584>0,IF(O1584="","-",IF(R1584<0%,"DEGROWTH","GROWTH"))) -> FALSE | T1584: =N1584 -> 0 | U1584: =IF(F1584<=$V$2,"Sep","") -> Sep | V1584: =T1584 -> 0 | W1584: =K1584-V1584 -> 76 | X1584: =IFERROR(IF(U1584="July",(K1584/V1584-1)),0) -> FALSE | Y1584: =IF(T1584>0,IF(U1584="","-",IF(X1584<0%,"DEGROWTH","GROWTH"))) -> FALSE | AE1584: =VLOOKUP(AF1584,$B$2:$AC$1575,28,0) -> #N/A | AF1584: 31.833333
A1585: =VLOOKUP(B1585,$B$2:$AC$1575,28,0) -> NB 2 | B1585: DAKSHIN DINAJPUR | C1585: WBS349 | D1585: 1000004319 | E1585: SARKAR TRADERS | F1585: 45766 | G1585: =IF(I1585>0,"Targeted Dealer","-") -> Targeted Dealer | I1585: 20 | K1585: 0 | L1585: =I1585-K1585 -> 20 | M1585: =IFERROR((K1585/J1585%),"-") -> - | N1585: 0 | O1585: =IF(F1585<=$P$2,"Aug","") -> Aug | P1585: 5 | Q1585: =K1585-P1585 -> -5 | R1585: =IFERROR(IF(O1585="Aug",(K1585/P1585-1))," ") -> -1 | S1585: =IF(N1585>0,IF(O1585="","-",IF(R1585<0%,"DEGROWTH","GROWTH"))) -> FALSE | T1585: =N1585 -> 0 | U1585: =IF(F1585<=$V$2,"Sep","") -> Sep | V1585: =T1585 -> 0 | W1585: =K1585-V1585 -> 0 | X1585: =IFERROR(IF(U1585="July",(K1585/V1585-1)),0) -> FALSE | Y1585: =IF(T1585>0,IF(U1585="","-",IF(X1585<0%,"DEGROWTH","GROWTH"))) -> FALSE | AE1585: =VLOOKUP(AF1585,$B$2:$AC$1575,28,0) -> #N/A | AF1585: 1.6666667
A1586: =VLOOKUP(B1586,$B$2:$AC$1575,28,0) -> NB 2 | B1586: DAKSHIN DINAJPUR | C1586: WBS361 | D1586: 1000004729 | E1586: SHREE RADHA KRISHNA ENTERPRISE | F1586: 46158 | G1586: =IF(I1586>0,"Targeted Dealer","-") -> Targeted Dealer | I1586: 75 | K1586: 20 | L1586: =I1586-K1586 -> 55 | M1586: =IFERROR((K1586/J1586%),"-") -> - | N1586: 0 | O1586: =IF(F1586<=$P$2,"Aug","") -> Aug | P1586: 40 | Q1586: =K1586-P1586 -> -20 | R1586: =IFERROR(IF(O1586="Aug",(K1586/P1586-1))," ") -> -0.5 | S1586: =IF(N1586>0,IF(O1586="","-",IF(R1586<0%,"DEGROWTH","GROWTH"))) -> FALSE | T1586: =N1586 -> 0 | U1586: =IF(F1586<=$V$2,"Sep","") -> Sep | V1586: =T1586 -> 0 | W1586: =K1586-V1586 -> 20 | X1586: =IFERROR(IF(U1586="July",(K1586/V1586-1)),0) -> FALSE | Y1586: =IF(T1586>0,IF(U1586="","-",IF(X1586<0%,"DEGROWTH","GROWTH"))) -> FALSE | AE1586: =VLOOKUP(AF1586,$B$2:$AC$1575,28,0) -> #N/A | AF1586: 24.166667
A1587: =VLOOKUP(B1587,$B$2:$AC$1575,28,0) -> NE 1 | B1587: DIBRUGARH | C1587: NEB381 | D1587: 1000004715 | E1587: BHARTIA STEELS | F1587: 46142 | G1587: =IF(I1587>0,"Targeted Dealer","-") -> Targeted Dealer | I1587: 175 | K1587: 204.45 | L1587: =I1587-K1587 -> -29.45 | M1587: =IFERROR((K1587/J1587%),"-") -> - | N1587: 0 | O1587: =IF(F1587<=$P$2,"Aug","") -> Aug | P1587: 300 | Q1587: =K1587-P1587 -> -95.55 | R1587: =IFERROR(IF(O1587="Aug",(K1587/P1587-1))," ") -> -0.3185 | S1587: =IF(N1587>0,IF(O1587="","-",IF(R1587<0%,"DEGROWTH","GROWTH"))) -> FALSE | T1587: =N1587 -> 0 | U1587: =IF(F1587<=$V$2,"Sep","") -> Sep | V1587: =T1587 -> 0 | W1587: =K1587-V1587 -> 204.45 | X1587: =IFERROR(IF(U1587="July",(K1587/V1587-1)),0) -> FALSE | Y1587: =IF(T1587>0,IF(U1587="","-",IF(X1587<0%,"DEGROWTH","GROWTH"))) -> FALSE | AE1587: =VLOOKUP(AF1587,$B$2:$AC$1575,28,0) -> #N/A | AF1587: 139.16667
A1588: =VLOOKUP(B1588,$B$2:$AC$1575,28,0) -> NE 1 | B1588: GOLAGHAT | C1588: K075 | D1588: 1000000271 | E1588: KANOI HARDWARE STORE | F1588: 44738 | G1588: =IF(I1588>0,"Targeted Dealer","-") -> - | I1588: 0 | K1588: 0 | L1588: =I1588-K1588 -> 0 | M1588: =IFERROR((K1588/J1588%),"-") -> - | N1588: 30 | O1588: =IF(F1588<=$P$2,"Aug","") -> Aug | P1588: 0 | Q1588: =K1588-P1588 -> 0 | R1588: =IFERROR(IF(O1588="Aug",(K1588/P1588-1))," ") | S1588: =IF(N1588>0,IF(O1588="","-",IF(R1588<0%,"DEGROWTH","GROWTH"))) -> GROWTH | T1588: =N1588 -> 30 | U1588: =IF(F1588<=$V$2,"Sep","") -> Sep | V1588: =T1588 -> 30 | W1588: =K1588-V1588 -> -30 | X1588: =IFERROR(IF(U1588="July",(K1588/V1588-1)),0) -> FALSE | Y1588: =IF(T1588>0,IF(U1588="","-",IF(X1588<0%,"DEGROWTH","GROWTH"))) -> GROWTH | AE1588: =VLOOKUP(AF1588,$B$2:$AC$1575,28,0) -> #N/A | AF1588: 1.6666667
A1589: =VLOOKUP(B1589,$B$2:$AC$1575,28,0) -> NE 2 | B1589: GUWAHATI URBAN | C1589: NER227 | D1589: 1000000354 | E1589: RIDDHI CEMENT CENTRE . GHY | F1589: 44738 | G1589: =IF(I1589>0,"Targeted Dealer","-") -> - | I1589: 0 | K1589: 0 | L1589: =I1589-K1589 -> 0 | M1589: =IFERROR((K1589/J1589%),"-") -> - | N1589: 0 | O1589: =IF(F1589<=$P$2,"Aug","") -> Aug | P1589: 7 | Q1589: =K1589-P1589 -> -7 | R1589: =IFERROR(IF(O1589="Aug",(K1589/P1589-1))," ") -> -1 | S1589: =IF(N1589>0,IF(O1589="","-",IF(R1589<0%,"DEGROWTH","GROWTH"))) -> FALSE | T1589: =N1589 -> 0 | U1589: =IF(F1589<=$V$2,"Sep","") -> Sep | V1589: =T1589 -> 0 | W1589: =K1589-V1589 -> 0 | X1589: =IFERROR(IF(U1589="July",(K1589/V1589-1)),0) -> FALSE | Y1589: =IF(T1589>0,IF(U1589="","-",IF(X1589<0%,"DEGROWTH","GROWTH"))) -> FALSE | AE1589: =VLOOKUP(AF1589,$B$2:$AC$1575,28,0) -> #N/A | AF1589: 1.75
A1590: =VLOOKUP(B1590,$B$2:$AC$1575,28,0) -> NE 1 | B1590: HOJAI | C1590: NES600 | D1590: 1000002848 | E1590: SITI HARDWARE | F1590: 44772 | G1590: =IF(I1590>0,"Targeted Dealer","-") -> - | I1590: 0 | K1590: 0 | L1590: =I1590-K1590 -> 0 | M1590: =IFERROR((K1590/J1590%),"-") -> - | N1590: 0 | O1590: =IF(F1590<=$P$2,"Aug","") -> Aug | P1590: 0 | Q1590: =K1590-P1590 -> 0 | R1590: =IFERROR(IF(O1590="Aug",(K1590/P1590-1))," ") | S1590: =IF(N1590>0,IF(O1590="","-",IF(R1590<0%,"DEGROWTH","GROWTH"))) -> FALSE | T1590: =N1590 -> 0 | U1590: =IF(F1590<=$V$2,"Sep","") -> Sep | V1590: =T1590 -> 0 | W1590: =K1590-V1590 -> 0 | X1590: =IFERROR(IF(U1590="July",(K1590/V1590-1)),0) -> FALSE | Y1590: =IF(T1590>0,IF(U1590="","-",IF(X1590<0%,"DEGROWTH","GROWTH"))) -> FALSE | AE1590: =VLOOKUP(AF1590,$B$2:$AC$1575,28,0) -> #N/A | AF1590: 4.3333333
... A1614: =VLOOKUP(B1614,$B$2:$AC$1575,28,0) -> NB 2 | B1614: UTTAR DINAJPUR | C1614: WBA167 | D1614: 1000004710 | E1614: ALAM TILES FACTORY | F1614: 46141 | G1614: =IF(I1614>0,"Targeted Dealer","-") -> Targeted Dealer | I1614: 25 | K1614: 0 | L1614: =I1614-K1614 -> 25 | M1614: =IFERROR((K1614/J1614%),"-") -> - | N1614: 0 | O1614: =IF(F1614<=$P$2,"Aug","") -> Aug | P1614: 25 | Q1614: =K1614-P1614 -> -25 | R1614: =IFERROR(IF(O1614="Aug",(K1614/P1614-1))," ") -> -1 | S1614: =IF(N1614>0,IF(O1614="","-",IF(R1614<0%,"DEGROWTH","GROWTH"))) -> FALSE | T1614: =N1614 -> 0 | U1614: =IF(F1614<=$V$2,"Sep","") -> Sep | V1614: =T1614 -> 0 | W1614: =K1614-V1614 -> 0 | X1614: =IFERROR(IF(U1614="July",(K1614/V1614-1)),0) -> FALSE | Y1614: =IF(T1614>0,IF(U1614="","-",IF(X1614<0%,"DEGROWTH","GROWTH"))) -> FALSE | AE1614: =VLOOKUP(AF1614,$B$2:$AC$1575,28,0) -> #N/A | AF1614: 16.666667
A1615: NE 1 | B1615: AP- Banderdewa | C1615: NEM215 | D1615: 1000000072 | E1615: MAHESH TRADERS (AP) | F1615: 44738 | G1615: =IF(I1615>0,"Targeted Dealer","-") -> Targeted Dealer | I1615: 80 | K1615: 0 | L1615: =I1615-K1615 -> 80 | M1615: =IFERROR((K1615/J1615%),"-") -> - | N1615: 80 | O1615: =IF(F1615<=$P$2,"Aug","") -> Aug | P1615: 0 | Q1615: =K1615-P1615 -> 0 | R1615: =IFERROR(IF(O1615="Aug",(K1615/P1615-1))," ") | S1615: =IF(N1615>0,IF(O1615="","-",IF(R1615<0%,"DEGROWTH","GROWTH"))) -> GROWTH | T1615: =N1615 -> 80 | U1615: =IF(F1615<=$V$2,"Sep","") -> Sep | V1615: =T1615 -> 80 | W1615: =K1615-V1615 -> -80 | X1615: =IFERROR(IF(U1615="July",(K1615/V1615-1)),0) -> FALSE | Y1615: =IF(T1615>0,IF(U1615="","-",IF(X1615<0%,"DEGROWTH","GROWTH"))) -> GROWTH | AE1615: NE 1 | AF1615: 6.6666667
A1616: NE 1 | B1616: Golaghat | C1616: NES195 | D1616: 1000000276 | E1616: SATABDI STORE (GOLAGHAT) | F1616: 44738 | G1616: =IF(I1616>0,"Targeted Dealer","-") -> - | I1616: 0 | K1616: 0 | L1616: =I1616-K1616 -> 0 | M1616: =IFERROR((K1616/J1616%),"-") -> - | N1616: 0 | O1616: =IF(F1616<=$P$2,"Aug","") -> Aug | P1616: 0 | Q1616: =K1616-P1616 -> 0 | R1616: =IFERROR(IF(O1616="Aug",(K1616/P1616-1))," ") | S1616: =IF(N1616>0,IF(O1616="","-",IF(R1616<0%,"DEGROWTH","GROWTH"))) -> FALSE | T1616: =N1616 -> 0 | U1616: =IF(F1616<=$V$2,"Sep","") -> Sep | V1616: =T1616 -> 0 | W1616: =K1616-V1616 -> 0 | X1616: =IFERROR(IF(U1616="July",(K1616/V1616-1)),0) -> FALSE | Y1616: =IF(T1616>0,IF(U1616="","-",IF(X1616<0%,"DEGROWTH","GROWTH"))) -> FALSE | AE1616: NE 1 | AF1616: 1.6666667
A1617: BH | B1617: PURNIA | C1617: BHD017 | D1617: 1000001715 | E1617: DAUD TRADERS | F1617: 44739 | G1617: =IF(I1617>0,"Targeted Dealer","-") -> Targeted Dealer | I1617: 80 | K1617: 46 | L1617: =I1617-K1617 -> 34 | M1617: =IFERROR((K1617/J1617%),"-") -> - | N1617: 0 | O1617: =IF(F1617<=$P$2,"Aug","") -> Aug | P1617: 91.5 | Q1617: =K1617-P1617 -> -45.5 | R1617: =IFERROR(IF(O1617="Aug",(K1617/P1617-1))," ") -> -0.49726776 | S1617: =IF(N1617>0,IF(O1617="","-",IF(R1617<0%,"DEGROWTH","GROWTH"))) -> FALSE | T1617: =N1617 -> 0 | U1617: =IF(F1617<=$V$2,"Sep","") -> Sep | V1617: =T1617 -> 0 | W1617: =K1617-V1617 -> 46 | X1617: =IFERROR(IF(U1617="July",(K1617/V1617-1)),0) -> FALSE | Y1617: =IF(T1617>0,IF(U1617="","-",IF(X1617<0%,"DEGROWTH","GROWTH"))) -> FALSE | AE1617: BH | AF1617: 30.5
A1618: BH | B1618: PURNIA | C1618: BHM004 | D1618: 1000001720 | E1618: MANJAR TRADERS | F1618: 44739 | G1618: =IF(I1618>0,"Targeted Dealer","-") -> Targeted Dealer | I1618: 100 | K1618: 83 | L1618: =I1618-K1618 -> 17 | M1618: =IFERROR((K1618/J1618%),"-") -> - | N1618: 0 | O1618: =IF(F1618<=$P$2,"Aug","") -> Aug | P1618: 102 | Q1618: =K1618-P1618 -> -19 | R1618: =IFERROR(IF(O1618="Aug",(K1618/P1618-1))," ") -> -0.18627451 | S1618: =IF(N1618>0,IF(O1618="","-",IF(R1618<0%,"DEGROWTH","GROWTH"))) -> FALSE | T1618: =N1618 -> 0 | U1618: =IF(F1618<=$V$2,"Sep","") -> Sep | V1618: =T1618 -> 0 | W1618: =K1618-V1618 -> 83 | X1618: =IFERROR(IF(U1618="July",(K1618/V1618-1)),0) -> FALSE | Y1618: =IF(T1618>0,IF(U1618="","-",IF(X1618<0%,"DEGROWTH","GROWTH"))) -> FALSE | AE1618: BH | AF1618: 45.916667
A1619: NE 2 | B1619: DHARMANAGAR | C1619: NES546 | D1619: 1000002400 | E1619: SUJIT SEN | F1619: 44738 | G1619: =IF(I1619>0,"Targeted Dealer","-") -> Targeted Dealer | I1619: 20 | K1619: 22.5 | L1619: =I1619-K1619 -> -2.5 | M1619: =IFERROR((K1619/J1619%),"-") -> - | N1619: 11.5 | O1619: =IF(F1619<=$P$2,"Aug","") -> Aug | P1619: 20 | Q1619: =K1619-P1619 -> 2.5 | R1619: =IFERROR(IF(O1619="Aug",(K1619/P1619-1))," ") -> 0.125 | S1619: =IF(N1619>0,IF(O1619="","-",IF(R1619<0%,"DEGROWTH","GROWTH"))) -> GROWTH | T1619: =N1619 -> 11.5 | U1619: =IF(F1619<=$V$2,"Sep","") -> Sep | V1619: =T1619 -> 11.5 | W1619: =K1619-V1619 -> 11 | X1619: =IFERROR(IF(U1619="July",(K1619/V1619-1)),0) -> FALSE | Y1619: =IF(T1619>0,IF(U1619="","-",IF(X1619<0%,"DEGROWTH","GROWTH"))) -> GROWTH | AE1619: NE 2 | AF1619: 4.1666667
A1620: NE 2 | B1620: GUWAHATI URBAN | C1620: NEM351 | D1620: 1000003062 | E1620: MODAK ENTERPRISE | F1620: 44865 | G1620: =IF(I1620>0,"Targeted Dealer","-") -> - | I1620: 0 | K1620: 0 | L1620: =I1620-K1620 -> 0 | M1620: =IFERROR((K1620/J1620%),"-") -> - | N1620: 0 | O1620: =IF(F1620<=$P$2,"Aug","") -> Aug | P1620: 0 | Q1620: =K1620-P1620 -> 0 | R1620: =IFERROR(IF(O1620="Aug",(K1620/P1620-1))," ") | S1620: =IF(N1620>0,IF(O1620="","-",IF(R1620<0%,"DEGROWTH","GROWTH"))) -> FALSE | T1620: =N1620 -> 0 | U1620: =IF(F1620<=$V$2,"Sep","") -> Sep | V1620: =T1620 -> 0 | W1620: =K1620-V1620 -> 0 | X1620: =IFERROR(IF(U1620="July",(K1620/V1620-1)),0) -> FALSE | Y1620: =IF(T1620>0,IF(U1620="","-",IF(X1620<0%,"DEGROWTH","GROWTH"))) -> FALSE | AE1620: NE 2 | AF1620: 2.1666667
A1621: NE 2 | B1621: MORIGAON | C1621: NEA399 | D1621: 1000003514 | E1621: AMDAD HARDWARE STORE | F1621: 45054 | G1621: =IF(I1621>0,"Targeted Dealer","-") -> Targeted Dealer | I1621: 20 | K1621: 0 | L1621: =I1621-K1621 -> 20 | M1621: =IFERROR((K1621/J1621%),"-") -> - | N1621: 0 | O1621: =IF(F1621<=$P$2,"Aug","") -> Aug | P1621: 0 | Q1621: =K1621-P1621 -> 0 | R1621: =IFERROR(IF(O1621="Aug",(K1621/P1621-1))," ") | S1621: =IF(N1621>0,IF(O1621="","-",IF(R1621<0%,"DEGROWTH","GROWTH"))) -> FALSE | T1621: =N1621 -> 0 | U1621: =IF(F1621<=$V$2,"Sep","") -> Sep | V1621: =T1621 -> 0 | W1621: =K1621-V1621 -> 0 | X1621: =IFERROR(IF(U1621="July",(K1621/V1621-1)),0) -> FALSE | Y1621: =IF(T1621>0,IF(U1621="","-",IF(X1621<0%,"DEGROWTH","GROWTH"))) -> FALSE | AE1621: NE 2 | AF1621: 6.6666667
A1622: NE 2 | B1622: GUWAHATI URBAN | C1622: NEA464 | D1622: 1000004101 | E1622: A B ENTERPRISE | F1622: 45533 | G1622: =IF(I1622>0,"Targeted Dealer","-") -> - | I1622: 0 | K1622: 0 | L1622: =I1622-K1622 -> 0 | M1622: =IFERROR((K1622/J1622%),"-") -> - | N1622: 0 | O1622: =IF(F1622<=$P$2,"Aug","") -> Aug | P1622: 0 | Q1622: =K1622-P1622 -> 0 | R1622: =IFERROR(IF(O1622="Aug",(K1622/P1622-1))," ") | S1622: =IF(N1622>0,IF(O1622="","-",IF(R1622<0%,"DEGROWTH","GROWTH"))) -> FALSE | T1622: =N1622 -> 0 | U1622: =IF(F1622<=$V$2,"Sep","") -> Sep | V1622: =T1622 -> 0 | W1622: =K1622-V1622 -> 0 | X1622: =IFERROR(IF(U1622="July",(K1622/V1622-1)),0) -> FALSE | Y1622: =IF(T1622>0,IF(U1622="","-",IF(X1622<0%,"DEGROWTH","GROWTH"))) -> FALSE | AE1622: NE 2 | AF1622: 2.5
A1623: BH | B1623: KISHANGANJ | C1623: BHH023 | D1623: 1000004717 | E1623: HAJI SAB STORE | F1623: 46163 | G1623: =IF(I1623>0,"Targeted Dealer","-") -> Targeted Dealer | I1623: 100 | K1623: 0 | L1623: =I1623-K1623 -> 100 | M1623: =IFERROR((K1623/J1623%),"-") -> - | N1623: 0 | O1623: =IF(F1623<=$P$2,"Aug","") -> Aug | P1623: 0 | Q1623: =K1623-P1623 -> 0 | R1623: =IFERROR(IF(O1623="Aug",(K1623/P1623-1))," ") | S1623: =IF(N1623>0,IF(O1623="","-",IF(R1623<0%,"DEGROWTH","GROWTH"))) -> FALSE | T1623: =N1623 -> 0 | U1623: =IF(F1623<=$V$2,"Sep","") -> Sep | V1623: =T1623 -> 0 | W1623: =K1623-V1623 -> 0 | X1623: =IFERROR(IF(U1623="July",(K1623/V1623-1)),0) -> FALSE | Y1623: =IF(T1623>0,IF(U1623="","-",IF(X1623<0%,"DEGROWTH","GROWTH"))) -> FALSE | AE1623: BH | AF1623: 41.666667
A1624: NE 2 | B1624: Lower Assam- 2 (Barpeta) | C1624: NEB382 | D1624: 1000004735 | E1624: BHUYAN ENTERPRISE | F1624: 46169 | G1624: =IF(I1624>0,"Targeted Dealer","-") -> Targeted Dealer | I1624: 20 | K1624: 12.5 | L1624: =I1624-K1624 -> 7.5 | M1624: =IFERROR((K1624/J1624%),"-") -> - | N1624: 0 | O1624: =IF(F1624<=$P$2,"Aug","") -> Aug | P1624: 0 | Q1624: =K1624-P1624 -> 12.5 | R1624: =IFERROR(IF(O1624="Aug",(K1624/P1624-1))," ") | S1624: =IF(N1624>0,IF(O1624="","-",IF(R1624<0%,"DEGROWTH","GROWTH"))) -> FALSE | T1624: =N1624 -> 0 | U1624: =IF(F1624<=$V$2,"Sep","") -> Sep | V1624: =T1624 -> 0 | W1624: =K1624-V1624 -> 12.5 | X1624: =IFERROR(IF(U1624="July",(K1624/V1624-1)),0) -> FALSE | Y1624: =IF(T1624>0,IF(U1624="","-",IF(X1624<0%,"DEGROWTH","GROWTH"))) -> FALSE | AE1624: NE 2 | AF1624: 8.4166667
A1625: NE 2 | B1625: Lower Assam- 3 | C1625: NEJ301 | D1625: 1000004747 | E1625: JIVIKA HARDWARE | F1625: 46175 | G1625: =IF(I1625>0,"Targeted Dealer","-") -> Targeted Dealer | I1625: 300 | K1625: 577.5 | L1625: =I1625-K1625 -> -277.5 | M1625: =IFERROR((K1625/J1625%),"-") -> - | N1625: 0 | O1625: =IF(F1625<=$P$2,"Aug","") -> Aug | P1625: 582.5 | Q1625: =K1625-P1625 -> -5 | R1625: =IFERROR(IF(O1625="Aug",(K1625/P1625-1))," ") -> -0.008583691 | S1625: =IF(N1625>0,IF(O1625="","-",IF(R1625<0%,"DEGROWTH","GROWTH"))) -> FALSE | T1625: =N1625 -> 0 | U1625: =IF(F1625<=$V$2,"Sep","") -> Sep | V1625: =T1625 -> 0 | W1625: =K1625-V1625 -> 577.5 | X1625: =IFERROR(IF(U1625="July",(K1625/V1625-1)),0) -> FALSE | Y1625: =IF(T1625>0,IF(U1625="","-",IF(X1625<0%,"DEGROWTH","GROWTH"))) -> FALSE | AE1625: NE 2 | AF1625: 223.08333
A1626: NB 1 | B1626: DARJEELING PLAINS | C1626: WBM324 | D1626: 1000004744 | E1626: MAA LAXMI DISTRIBUTORS | F1626: 46168 | G1626: =IF(I1626>0,"Targeted Dealer","-") -> Targeted Dealer | I1626: 130 | K1626: 235.75 | L1626: =I1626-K1626 -> -105.75 | M1626: =IFERROR((K1626/J1626%),"-") -> - | N1626: 0 | O1626: =IF(F1626<=$P$2,"Aug","") -> Aug | P1626: 126.25 | Q1626: =K1626-P1626 -> 109.5 | R1626: =IFERROR(IF(O1626="Aug",(K1626/P1626-1))," ") -> 0.86732673 | S1626: =IF(N1626>0,IF(O1626="","-",IF(R1626<0%,"DEGROWTH","GROWTH"))) -> FALSE | T1626: =N1626 -> 0 | U1626: =IF(F1626<=$V$2,"Sep","") -> Sep | V1626: =T1626 -> 0 | W1626: =K1626-V1626 -> 235.75 | X1626: =IFERROR(IF(U1626="July",(K1626/V1626-1)),0) -> FALSE | Y1626: =IF(T1626>0,IF(U1626="","-",IF(X1626<0%,"DEGROWTH","GROWTH"))) -> FALSE | AE1626: NB 1 | AF1626: 59.958333
... A1719: NE 2 | B1719: DARANG | C1719: NES890 | D1719: 1000004805 | E1719: SHIV SHAKTI ELECTRIC HARDWARE | F1719: 46202 | G1719: =IF(I1719>0,"Targeted Dealer","-") -> Targeted Dealer | I1719: 25 | K1719: 39 | L1719: =I1719-K1719 -> -14 | M1719: =IFERROR((K1719/J1719%),"-") -> - | N1719: 0 | O1719: =IF(F1719<=$P$2,"Aug","") -> Aug | P1719: 52 | Q1719: =K1719-P1719 -> -13 | R1719: =IFERROR(IF(O1719="Aug",(K1719/P1719-1))," ") -> -0.25 | S1719: =IF(N1719>0,IF(O1719="","-",IF(R1719<0%,"DEGROWTH","GROWTH"))) -> FALSE | T1719: =N1719 -> 0 | U1719: =IF(F1719<=$V$2,"Sep","") -> Sep | V1719: =T1719 -> 0 | W1719: =K1719-V1719 -> 39 | X1719: =IFERROR(IF(U1719="July",(K1719/V1719-1)),0) -> FALSE | Y1719: =IF(T1719>0,IF(U1719="","-",IF(X1719<0%,"DEGROWTH","GROWTH"))) -> FALSE | AE1719: NE 2 | AF1719: 15.083333
A1720: BH | B1720: BHAGALPUR | C1720: BHS165 | D1720: 1000001208 | E1720: SAHA & SONS | F1720: 43176 | G1720: =IF(I1720>0,"Targeted Dealer","-") -> Targeted Dealer | I1720: 20 | K1720: 2.5 | L1720: =I1720-K1720 -> 17.5 | M1720: =IFERROR((K1720/J1720%),"-") -> - | N1720: 0 | O1720: =IF(F1720<=$P$2,"Aug","") -> Aug | P1720: 7.5 | Q1720: =K1720-P1720 -> -5 | R1720: =IFERROR(IF(O1720="Aug",(K1720/P1720-1))," ") -> -0.66666667 | S1720: =IF(N1720>0,IF(O1720="","-",IF(R1720<0%,"DEGROWTH","GROWTH"))) -> FALSE | T1720: =N1720 -> 0 | U1720: =IF(F1720<=$V$2,"Sep","") -> Sep | V1720: =T1720 -> 0 | AE1720: BH | AF1720: 2.0833333
A1721: NB 2 | B1721: UTTAR DINAJPUR | C1721: WBS350 | D1721: 1000004320 | E1721: S R ENTERPRISE | F1721: 45768 | G1721: =IF(I1721>0,"Targeted Dealer","-") -> Targeted Dealer | I1721: 30 | K1721: 0 | L1721: =I1721-K1721 -> 30 | M1721: =IFERROR((K1721/J1721%),"-") -> - | N1721: 0 | O1721: =IF(F1721<=$P$2,"Aug","") -> Aug | P1721: 19.85 | Q1721: =K1721-P1721 -> -19.85 | R1721: =IFERROR(IF(O1721="Aug",(K1721/P1721-1))," ") -> -1 | S1721: =IF(N1721>0,IF(O1721="","-",IF(R1721<0%,"DEGROWTH","GROWTH"))) -> FALSE | T1721: =N1721 -> 0 | U1721: =IF(F1721<=$V$2,"Sep","") -> Sep | V1721: =T1721 -> 0 | AE1721: NB 2 | AF1721: 3.3083333
A1722: NE 1 | B1722: DIBRUGARH | C1722: NEB486 | D1722: 1000004847 | E1722: BARBARUAH HARDWARE | F1722: 46233 | G1722: =IF(I1722>0,"Targeted Dealer","-") -> Targeted Dealer | I1722: 125 | K1722: 100 | L1722: =I1722-K1722 -> 25 | M1722: =IFERROR((K1722/J1722%),"-") -> - | N1722: 0 | O1722: =IF(F1722<=$P$2,"Aug","") -> Aug | P1722: 114 | Q1722: =K1722-P1722 -> -14 | R1722: =IFERROR(IF(O1722="Aug",(K1722/P1722-1))," ") -> -0.12280702 | S1722: =IF(N1722>0,IF(O1722="","-",IF(R1722<0%,"DEGROWTH","GROWTH"))) -> FALSE | T1722: =N1722 -> 0 | U1722: =IF(F1722<=$V$2,"Sep","") -> Sep | V1722: =T1722 -> 0 | AE1722: NE 1 | AF1722: 19
A1723: BH | B1723: PURNIA | C1723: BHB082 | D1723: 1000004848 | E1723: BUARI TRADERS | F1723: 46234 | G1723: =IF(I1723>0,"Targeted Dealer","-") -> Targeted Dealer | I1723: 60 | K1723: 101.25 | L1723: =I1723-K1723 -> -41.25 | M1723: =IFERROR((K1723/J1723%),"-") -> - | N1723: 0 | O1723: =IF(F1723<=$P$2,"Aug","") -> Aug | P1723: 103.75 | Q1723: =K1723-P1723 -> -2.5 | R1723: =IFERROR(IF(O1723="Aug",(K1723/P1723-1))," ") -> -0.024096386 | S1723: =IF(N1723>0,IF(O1723="","-",IF(R1723<0%,"DEGROWTH","GROWTH"))) -> FALSE | T1723: =N1723 -> 0 | U1723: =IF(F1723<=$V$2,"Sep","") -> Sep | V1723: =T1723 -> 0 | AE1723: BH | AF1723: 17.291667
A1724: BH | B1724: MUZAFFARPUR | C1724: BHS284 | D1724: 1000004810 | E1724: SAURAV TRADERS - MANPUR RATNAULI | F1724: 46203 | G1724: =IF(I1724>0,"Targeted Dealer","-") -> Targeted Dealer | I1724: 25 | K1724: 0 | L1724: =I1724-K1724 -> 25 | M1724: =IFERROR((K1724/J1724%),"-") -> - | N1724: 0 | O1724: =IF(F1724<=$P$2,"Aug","") -> Aug | P1724: 25.5 | Q1724: =K1724-P1724 -> -25.5 | R1724: =IFERROR(IF(O1724="Aug",(K1724/P1724-1))," ") -> -1 | S1724: =IF(N1724>0,IF(O1724="","-",IF(R1724<0%,"DEGROWTH","GROWTH"))) -> FALSE | T1724: =N1724 -> 0 | U1724: =IF(F1724<=$V$2,"Sep","") -> Sep | V1724: =T1724 -> 0 | AE1724: BH | AF1724: 4.25
A1725: BH | B1725: MUZAFFARPUR | C1725: BHS287 | D1725: 1000004837 | E1725: SHREE LAXMI ENTERPRISES | F1725: 46220 | G1725: =IF(I1725>0,"Targeted Dealer","-") -> Targeted Dealer | I1725: 25 | K1725: 25 | L1725: =I1725-K1725 -> 0 | M1725: =IFERROR((K1725/J1725%),"-") -> - | N1725: 0 | O1725: =IF(F1725<=$P$2,"Aug","") -> Aug | P1725: 27.5 | Q1725: =K1725-P1725 -> -2.5 | R1725: =IFERROR(IF(O1725="Aug",(K1725/P1725-1))," ") -> -0.090909091 | S1725: =IF(N1725>0,IF(O1725="","-",IF(R1725<0%,"DEGROWTH","GROWTH"))) -> FALSE | T1725: =N1725 -> 0 | U1725: =IF(F1725<=$V$2,"Sep","") -> Sep | V1725: =T1725 -> 0 | AE1725: BH | AF1725: 4.5833333
A1726: BH | B1726: MUZAFFARPUR | C1726: BHM173 | D1726: 1000004825 | E1726: MAHAVEER TRADERS - GOPALPUR | F1726: 46226 | G1726: =IF(I1726>0,"Targeted Dealer","-") -> Targeted Dealer | I1726: 25 | K1726: 30 | L1726: =I1726-K1726 -> -5 | M1726: =IFERROR((K1726/J1726%),"-") -> - | N1726: 0 | O1726: =IF(F1726<=$P$2,"Aug","") -> Aug | P1726: 27.5 | Q1726: =K1726-P1726 -> 2.5 | R1726: =IFERROR(IF(O1726="Aug",(K1726/P1726-1))," ") -> 0.090909091 | S1726: =IF(N1726>0,IF(O1726="","-",IF(R1726<0%,"DEGROWTH","GROWTH"))) -> FALSE | T1726: =N1726 -> 0 | U1726: =IF(F1726<=$V$2,"Sep","") -> Sep | V1726: =T1726 -> 0 | AE1726: BH | AF1726: 4.5833333
A1727: NE 2 | B1727: KARIMGANJ | C1727: NEA318 | D1727: 1000000903 | E1727: A.B. TRADING . SIL | F1727: 44738 | G1727: =IF(I1727>0,"Targeted Dealer","-") -> Targeted Dealer | I1727: 5 | K1727: 15 | L1727: =I1727-K1727 -> -10 | M1727: =IFERROR((K1727/J1727%),"-") -> - | N1727: 0 | O1727: =IF(F1727<=$P$2,"Aug","") -> Aug | P1727: 25 | Q1727: =K1727-P1727 -> -10 | R1727: =IFERROR(IF(O1727="Aug",(K1727/P1727-1))," ") -> -0.4 | S1727: =IF(N1727>0,IF(O1727="","-",IF(R1727<0%,"DEGROWTH","GROWTH"))) -> FALSE | T1727: =N1727 -> 0 | U1727: =IF(F1727<=$V$2,"Sep","") -> Sep | V1727: =T1727 -> 0 | AE1727: NE 2 | AF1727: 4.1666667
A1728: BH | B1728: GAYA | C1728: BHS282 | D1728: 1000004766 | E1728: SHREE SHYAM & SONS | F1728: 46192 | G1728: =IF(I1728>0,"Targeted Dealer","-") -> Targeted Dealer | I1728: 25 | K1728: 30 | L1728: =I1728-K1728 -> -5 | M1728: =IFERROR((K1728/J1728%),"-") -> - | N1728: 0 | O1728: =IF(F1728<=$P$2,"Aug","") -> Aug | P1728: 30 | Q1728: =K1728-P1728 -> 0 | R1728: =IFERROR(IF(O1728="Aug",(K1728/P1728-1))," ") -> 0 | S1728: =IF(N1728>0,IF(O1728="","-",IF(R1728<0%,"DEGROWTH","GROWTH"))) -> FALSE | T1728: =N1728 -> 0 | U1728: =IF(F1728<=$V$2,"Sep","") -> Sep | V1728: =T1728 -> 0 | AE1728: BH | AF1728: 5
A1729: NE 1 | B1729: SHILLONG | C1729: NER275 | D1729: 1000004850 | E1729: RAYMOND KHARNONGBAK | F1729: 46237 | G1729: =IF(I1729>0,"Targeted Dealer","-") -> Targeted Dealer | I1729: 46 | K1729: 30 | L1729: =I1729-K1729 -> 16 | M1729: =IFERROR((K1729/J1729%),"-") -> - | N1729: 0 | O1729: =IF(F1729<=$P$2,"Aug","") -> Aug | P1729: 30 | Q1729: =K1729-P1729 -> 0 | R1729: =IFERROR(IF(O1729="Aug",(K1729/P1729-1))," ") -> 0 | S1729: =IF(N1729>0,IF(O1729="","-",IF(R1729<0%,"DEGROWTH","GROWTH"))) -> FALSE | T1729: =N1729 -> 0 | U1729: =IF(F1729<=$V$2,"Sep","") -> Sep | V1729: =T1729 -> 0 | AE1729: NE 1 | AF1729: 5
A1730: BH | B1730: GAYA | C1730: BHC023 | D1730: 1000004849 | E1730: CEMENT CENTRE - GOPI MORE | F1730: 46235 | G1730: =IF(I1730>0,"Targeted Dealer","-") -> Targeted Dealer | I1730: 25 | K1730: 30 | L1730: =I1730-K1730 -> -5 | M1730: =IFERROR((K1730/J1730%),"-") -> - | N1730: 0 | O1730: =IF(F1730<=$P$2,"Aug","") -> Aug | P1730: 60 | Q1730: =K1730-P1730 -> -30 | R1730: =IFERROR(IF(O1730="Aug",(K1730/P1730-1))," ") -> -0.5 | S1730: =IF(N1730>0,IF(O1730="","-",IF(R1730<0%,"DEGROWTH","GROWTH"))) -> FALSE | T1730: =N1730 -> 0 | U1730: =IF(F1730<=$V$2,"Sep","") -> Sep | V1730: =T1730 -> 0 | AE1730: BH | AF1730: 10
A1731: NE 1 | B1731: NAGALAND | C1731: NES897 | D1731: 1000004846 | E1731: SHREE BALAJI ENTERPRISES | F1731: 46233 | G1731: =IF(I1731>0,"Targeted Dealer","-") -> Targeted Dealer | I1731: 70 | K1731: 35 | L1731: =I1731-K1731 -> 35 | M1731: =IFERROR((K1731/J1731%),"-") -> - | N1731: 0 | O1731: =IF(F1731<=$P$2,"Aug","") -> Aug | P1731: 55 | Q1731: =K1731-P1731 -> -20 | R1731: =IFERROR(IF(O1731="Aug",(K1731/P1731-1))," ") -> -0.36363636 | S1731: =IF(N1731>0,IF(O1731="","-",IF(R1731<0%,"DEGROWTH","GROWTH"))) -> FALSE | T1731: =N1731 -> 0 | U1731: =IF(F1731<=$V$2,"Sep","") -> Sep | V1731: =T1731 -> 0 | AE1731: NE 1 | AF1731: 9.1666667
... A1754: NE 1 | B1754: NAGALAND | C1754: NED222 | D1754: 1000003427 | E1754: DURGAPUR STEEL | F1754: 45000 | G1754: =IF(I1754>0,"Targeted Dealer","-") -> Targeted Dealer | I1754: 35 | K1754: 20 | L1754: =I1754-K1754 -> 15 | M1754: =IFERROR((K1754/J1754%),"-") -> - | N1754: 0 | O1754: =IF(F1754<=$P$2,"Aug","") -> Aug | P1754: 60 | Q1754: =K1754-P1754 -> -40 | R1754: =IFERROR(IF(O1754="Aug",(K1754/P1754-1))," ") -> -0.66666667 | S1754: =IF(N1754>0,IF(O1754="","-",IF(R1754<0%,"DEGROWTH","GROWTH"))) -> FALSE | T1754: =N1754 -> 0 | U1754: =IF(F1754<=$V$2,"Sep","") -> Sep | V1754: =T1754 -> 0 | AE1754: NE 1 | AF1754: 10
A1755: NB 1 | B1755: ALIPURDUAR | C1755: WBB168 | D1755: 1000004878 | E1755: BDR FLY ASH BRICK CO. | F1755: 46265 | G1755: =IF(I1755>0,"Targeted Dealer","-") -> - | I1755: 0 | K1755: 12 | L1755: =I1755-K1755 -> -12 | M1755: =IFERROR((K1755/J1755%),"-") -> - | N1755: 0 | O1755: =IF(F1755<=$P$2,"Aug","") -> Aug | Q1755: =K1755-P1755 -> 12 | R1755: =IFERROR(IF(O1755="Aug",(K1755/P1755-1))," ") | S1755: =IF(N1755>0,IF(O1755="","-",IF(R1755<0%,"DEGROWTH","GROWTH"))) -> FALSE | T1755: =N1755 -> 0 | U1755: =IF(F1755<=$V$2,"Sep","") -> Sep | V1755: =T1755 -> 0 | AE1755: NB 1 | AF1755: 0
A1756: NE 1 | B1756: BISWANATH | C1756: NES899 | D1756: 1000004890 | E1756: SARKAR ENTERPRISE | F1756: 46272 | G1756: =IF(I1756>0,"Targeted Dealer","-") -> - | I1756: 0 | K1756: 120 | L1756: =I1756-K1756 -> -120 | M1756: =IFERROR((K1756/J1756%),"-") -> - | N1756: 0 | O1756: =IF(F1756<=$P$2,"Aug","") -> Aug | Q1756: =K1756-P1756 -> 120 | R1756: =IFERROR(IF(O1756="Aug",(K1756/P1756-1))," ") | S1756: =IF(N1756>0,IF(O1756="","-",IF(R1756<0%,"DEGROWTH","GROWTH"))) -> FALSE | T1756: =N1756 -> 0 | U1756: =IF(F1756<=$V$2,"Sep","") -> Sep | V1756: =T1756 -> 0 | AE1756: NE 1 | AF1756: 0
A1757: NB 2 | B1757: DAKSHIN DINAJPUR | C1757: WBE026 | D1757: 1000004150 | E1757: ESHAN TRADERS | F1757: 45581 | G1757: =IF(I1757>0,"Targeted Dealer","-") -> Targeted Dealer | I1757: 30 | K1757: 10 | L1757: =I1757-K1757 -> 20 | M1757: =IFERROR((K1757/J1757%),"-") -> - | N1757: 20 | O1757: =IF(F1757<=$P$2,"Aug","") -> Aug | Q1757: =K1757-P1757 -> 10 | R1757: =IFERROR(IF(O1757="Aug",(K1757/P1757-1))," ") | S1757: =IF(N1757>0,IF(O1757="","-",IF(R1757<0%,"DEGROWTH","GROWTH"))) -> GROWTH | T1757: =N1757 -> 20 | U1757: =IF(F1757<=$V$2,"Sep","") -> Sep | V1757: =T1757 -> 20 | AE1757: NB 2 | AF1757: 0
A1758: NB 2 | B1758: DAKSHIN DINAJPUR | C1758: WBM328 | D1758: 1000004867 | E1758: MANDAL HARDWARE - MANGALPUR | F1758: 46262 | G1758: =IF(I1758>0,"Targeted Dealer","-") -> Targeted Dealer | I1758: 25 | K1758: 30.8 | L1758: =I1758-K1758 -> -5.8 | M1758: =IFERROR((K1758/J1758%),"-") -> - | N1758: 0 | O1758: =IF(F1758<=$P$2,"Aug","") -> Aug | Q1758: =K1758-P1758 -> 30.8 | R1758: =IFERROR(IF(O1758="Aug",(K1758/P1758-1))," ") | S1758: =IF(N1758>0,IF(O1758="","-",IF(R1758<0%,"DEGROWTH","GROWTH"))) -> FALSE | T1758: =N1758 -> 0 | U1758: =IF(F1758<=$V$2,"Sep","") -> Sep | V1758: =T1758 -> 0 | AE1758: NB 2 | AF1758: 0
A1759: NE 2 | B1759: DARANG | C1759: NEA586 | D1759: 1000004895 | E1759: ASHIK ENTERPRISE | F1759: 46276 | G1759: =IF(I1759>0,"Targeted Dealer","-") -> - | I1759: 0 | K1759: 25 | L1759: =I1759-K1759 -> -25 | M1759: =IFERROR((K1759/J1759%),"-") -> - | N1759: 0 | O1759: =IF(F1759<=$P$2,"Aug","") -> Aug | Q1759: =K1759-P1759 -> 25 | R1759: =IFERROR(IF(O1759="Aug",(K1759/P1759-1))," ") | S1759: =IF(N1759>0,IF(O1759="","-",IF(R1759<0%,"DEGROWTH","GROWTH"))) -> FALSE | T1759: =N1759 -> 0 | U1759: =IF(F1759<=$V$2,"Sep","") -> Sep | V1759: =T1759 -> 0 | AE1759: NE 2 | AF1759: 0
A1760: NE 1 | B1760: DHEMAJI | C1760: NED323 | D1760: 1000004899 | E1760: D.N. STEEL AND FABRICATION | F1760: 46283 | G1760: =IF(I1760>0,"Targeted Dealer","-") -> - | I1760: 0 | K1760: 55 | L1760: =I1760-K1760 -> -55 | M1760: =IFERROR((K1760/J1760%),"-") -> - | N1760: 0 | O1760: =IF(F1760<=$P$2,"Aug","") -> Aug | Q1760: =K1760-P1760 -> 55 | R1760: =IFERROR(IF(O1760="Aug",(K1760/P1760-1))," ") | S1760: =IF(N1760>0,IF(O1760="","-",IF(R1760<0%,"DEGROWTH","GROWTH"))) -> FALSE | T1760: =N1760 -> 0 | U1760: =IF(F1760<=$V$2,"Sep","") -> Sep | V1760: =T1760 -> 0 | AE1760: NE 1 | AF1760: 0
A1761: BH | B1761: GAYA | C1761: A250 | D1761: 1000001391 | E1761: AMIT TRADERS | F1761: 44739 | G1761: =IF(I1761>0,"Targeted Dealer","-") -> Targeted Dealer | I1761: 10 | K1761: 30 | L1761: =I1761-K1761 -> -20 | M1761: =IFERROR((K1761/J1761%),"-") -> - | N1761: 0 | O1761: =IF(F1761<=$P$2,"Aug","") -> Aug | Q1761: =K1761-P1761 -> 30 | R1761: =IFERROR(IF(O1761="Aug",(K1761/P1761-1))," ") | S1761: =IF(N1761>0,IF(O1761="","-",IF(R1761<0%,"DEGROWTH","GROWTH"))) -> FALSE | T1761: =N1761 -> 0 | U1761: =IF(F1761<=$V$2,"Sep","") -> Sep | V1761: =T1761 -> 0 | AE1761: BH | AF1761: 0
A1762: BH | B1762: GAYA | C1762: BHM172 | D1762: 1000004842 | E1762: MAA LAXMI TRADERS - WAZIRGANJ | F1762: 46225 | G1762: =IF(I1762>0,"Targeted Dealer","-") -> Targeted Dealer | I1762: 10 | K1762: 30 | L1762: =I1762-K1762 -> -20 | M1762: =IFERROR((K1762/J1762%),"-") -> - | N1762: 0 | O1762: =IF(F1762<=$P$2,"Aug","") -> Aug | Q1762: =K1762-P1762 -> 30 | R1762: =IFERROR(IF(O1762="Aug",(K1762/P1762-1))," ") | S1762: =IF(N1762>0,IF(O1762="","-",IF(R1762<0%,"DEGROWTH","GROWTH"))) -> FALSE | T1762: =N1762 -> 0 | U1762: =IF(F1762<=$V$2,"Sep","") -> Sep | V1762: =T1762 -> 0 | AE1762: BH | AF1762: 0
A1763: BH | B1763: GAYA | C1763: BHK070 | D1763: 1000004884 | E1763: KASHYAP TRADERS | F1763: 46268 | G1763: =IF(I1763>0,"Targeted Dealer","-") -> Targeted Dealer | I1763: 50 | K1763: 45 | L1763: =I1763-K1763 -> 5 | M1763: =IFERROR((K1763/J1763%),"-") -> - | N1763: 0 | O1763: =IF(F1763<=$P$2,"Aug","") -> Aug | Q1763: =K1763-P1763 -> 45 | R1763: =IFERROR(IF(O1763="Aug",(K1763/P1763-1))," ") | S1763: =IF(N1763>0,IF(O1763="","-",IF(R1763<0%,"DEGROWTH","GROWTH"))) -> FALSE | T1763: =N1763 -> 0 | U1763: =IF(F1763<=$V$2,"Sep","") -> Sep | V1763: =T1763 -> 0 | AE1763: BH | AF1763: 0
A1764: NE 1 | B1764: GOLAGHAT | C1764: NER399 | D1764: 1000004879 | E1764: RIDDHI SIDDHI SUPPLIERS | F1764: 46265 | G1764: =IF(I1764>0,"Targeted Dealer","-") -> Targeted Dealer | I1764: 30 | K1764: 50 | L1764: =I1764-K1764 -> -20 | M1764: =IFERROR((K1764/J1764%),"-") -> - | N1764: 0 | O1764: =IF(F1764<=$P$2,"Aug","") -> Aug | Q1764: =K1764-P1764 -> 50 | R1764: =IFERROR(IF(O1764="Aug",(K1764/P1764-1))," ") | S1764: =IF(N1764>0,IF(O1764="","-",IF(R1764<0%,"DEGROWTH","GROWTH"))) -> FALSE | T1764: =N1764 -> 0 | U1764: =IF(F1764<=$V$2,"Sep","") -> Sep | V1764: =T1764 -> 0 | AE1764: NE 1 | AF1764: 0
A1765: NE 2 | B1765: GUWAHATI RURAL | C1765: NEM554 | D1765: 1000004902 | E1765: M.R. MUNNI ENTERPRISE | F1765: 46284 | G1765: =IF(I1765>0,"Targeted Dealer","-") -> - | I1765: 0 | K1765: 13 | L1765: =I1765-K1765 -> -13 | M1765: =IFERROR((K1765/J1765%),"-") -> - | N1765: 0 | O1765: =IF(F1765<=$P$2,"Aug","") -> Aug | Q1765: =K1765-P1765 -> 13 | R1765: =IFERROR(IF(O1765="Aug",(K1765/P1765-1))," ") | S1765: =IF(N1765>0,IF(O1765="","-",IF(R1765<0%,"DEGROWTH","GROWTH"))) -> FALSE | T1765: =N1765 -> 0 | U1765: =IF(F1765<=$V$2,"Sep","") -> Sep | V1765: =T1765 -> 0 | AE1765: NE 2 | AF1765: 0
A1766: NE 2 | B1766: GUWAHATI URBAN | C1766: S118 | D1766: 1000000364 | E1766: SHREE GAJRAJ BUILDERS | F1766: 44738 | G1766: =IF(I1766>0,"Targeted Dealer","-") -> - | I1766: 0 | K1766: 21 | L1766: =I1766-K1766 -> -21 | M1766: =IFERROR((K1766/J1766%),"-") -> - | N1766: 20 | O1766: =IF(F1766<=$P$2,"Aug","") -> Aug | Q1766: =K1766-P1766 -> 21 | R1766: =IFERROR(IF(O1766="Aug",(K1766/P1766-1))," ") | S1766: =IF(N1766>0,IF(O1766="","-",IF(R1766<0%,"DEGROWTH","GROWTH"))) -> GROWTH | T1766: =N1766 -> 20 | U1766: =IF(F1766<=$V$2,"Sep","") -> Sep | V1766: =T1766 -> 20 | AE1766: NE 2 | AF1766: 0
... A1791: NE 1 | B1791: NAGALAND | C1791: NEK101 | D1791: 1000000623 | E1791: KIHO ENTERPRISE | F1791: 44738 | G1791: =IF(I1791>0,"Targeted Dealer","-") -> Targeted Dealer | I1791: 35 | K1791: 50 | L1791: =I1791-K1791 -> -15 | M1791: =IFERROR((K1791/J1791%),"-") -> - | N1791: 175 | O1791: =IF(F1791<=$P$2,"Aug","") -> Aug | Q1791: =K1791-P1791 -> 50 | R1791: =IFERROR(IF(O1791="Aug",(K1791/P1791-1))," ") | S1791: =IF(N1791>0,IF(O1791="","-",IF(R1791<0%,"DEGROWTH","GROWTH"))) -> GROWTH | T1791: =N1791 -> 175 | U1791: =IF(F1791<=$V$2,"Sep","") -> Sep | V1791: =T1791 -> 175 | AE1791: NE 1 | AF1791: 0

Sheet DLRWISE
E1: 0 | F1: =TODAY()-2 -> 46308 | I1: 46022 | J1: 31 | K1: =SUBTOTAL(9,K3:K1762) -> 348655.45 | N1: =SUBTOTAL(9,N3:N1762) -> 356748.95 | P1: =SUBTOTAL(9,P3:P1762) -> 356748.95 | T1: =SUBTOTAL(9,T3:T1762) -> 332843.3 | V1: =SUBTOTAL(9,V3:V1762) -> 332843.3
A2: REGION | B2: AREA | C2: CODE | D2: SAP | E2: DEALERS NAME | F2: DOA | G2: Targeted Dealer | H2: EXCLUSIVE DEALER | I2: Jan'25 Tgt | J2: Prorata Tgt | K2: 46053 | L2: Shortfall | M2: Prorata Achv % | N2: Dec'25 SALE | O2: Dec 25 DEALER | P2: 46022 | Q2: VARIENCE | R2: GROWTH % | S2: Jan-26 Vs Dec-25 | T2: Jan-25 SALE | U2: Jan-25 Dealer | V2: 45688 | W2: LYSM VARIENCE | X2: LYSM GROWTH % | Y2: =EDATE(K2,-12) -> 45688 | Z2: ZERO | AA2: REGION | AB2: REGION
A3: NE 1 | B3: NAGAON | C3: B014 | D3: 1000000638 | E3: BANIK HARDWARE | F3: 38384 | G3: =IF(I3>0,"Targeted Dealer","-") -> Targeted Dealer | I3: 100 | J3: =I3/$J$1*($J$1-$E$1) -> 100 | K3: 70 | L3: =I3-K3 -> 30 | M3: =IFERROR((K3/J3%),"-") -> 70 | N3: 85 | O3: =IF(F3<=$P$2,"DEC","") -> DEC | P3: 85 | Q3: =K3-P3 -> -15 | R3: =IFERROR(IF(O3="Dec",(K3/P3-1))," ") -> -0.17647059 | S3: =IF(N3>0,IF(O3="","-",IF(R3<0%,"DEGROWTH","GROWTH"))) -> DEGROWTH | T3: 80 | U3: =IF(F3<=$V$2,"jAN","") -> jAN | V3: 80 | W3: =K3-V3 -> -10 | X3: =IFERROR(IF(U3="Jan",(K3/V3-1)),0) -> -0.125 | Y3: =IF(T3>0,IF(U3="","-",IF(X3<0%,"DEGROWTH","GROWTH"))) -> DEGROWTH | Z3: 0 | AB3: NE 1
A4: NE 1 | B4: HOJAI | C4: S019 | D4: 1000000671 | E4: SANDHYA HARDWARE STORES | F4: 38390 | G4: =IF(I4>0,"Targeted Dealer","-") -> Targeted Dealer | I4: 10 | J4: =I4/$J$1*($J$1-$E$1) -> 10 | K4: 10 | L4: =I4-K4 -> 0 | M4: =IFERROR((K4/J4%),"-") -> 100 | N4: 0 | O4: =IF(F4<=$P$2,"DEC","") -> DEC | P4: 0 | Q4: =K4-P4 -> 10 | R4: =IFERROR(IF(O4="Dec",(K4/P4-1))," ") | S4: =IF(N4>0,IF(O4="","-",IF(R4<0%,"DEGROWTH","GROWTH"))) -> FALSE | T4: 20 | U4: =IF(F4<=$V$2,"jAN","") -> jAN | V4: 20 | W4: =K4-V4 -> -10 | X4: =IFERROR(IF(U4="Jan",(K4/V4-1)),0) -> -0.5 | Y4: =IF(T4>0,IF(U4="","-",IF(X4<0%,"DEGROWTH","GROWTH"))) -> DEGROWTH | Z4: 0 | AB4: NE 1
A5: NE 1 | B5: HOJAI | C5: S078 | D5: 1000000673 | E5: SREE BHANDER (SP FIRM) | F5: 38490 | G5: =IF(I5>0,"Targeted Dealer","-") -> Targeted Dealer | I5: 2350 | J5: =I5/$J$1*($J$1-$E$1) -> 2350 | K5: 1763.5 | L5: =I5-K5 -> 586.5 | M5: =IFERROR((K5/J5%),"-") -> 75.042553 | N5: 1616 | O5: =IF(F5<=$P$2,"DEC","") -> DEC | P5: 1616 | Q5: =K5-P5 -> 147.5 | R5: =IFERROR(IF(O5="Dec",(K5/P5-1))," ") -> 0.091274752 | S5: =IF(N5>0,IF(O5="","-",IF(R5<0%,"DEGROWTH","GROWTH"))) -> GROWTH | T5: 2210 | U5: =IF(F5<=$V$2,"jAN","") -> jAN | V5: 2210 | W5: =K5-V5 -> -446.5 | X5: =IFERROR(IF(U5="Jan",(K5/V5-1)),0) -> -0.2020362 | Y5: =IF(T5>0,IF(U5="","-",IF(X5<0%,"DEGROWTH","GROWTH"))) -> DEGROWTH | Z5: 0 | AB5: NE 1
A6: NE 1 | B6: NAGAON | C6: S012 | D6: 1000000669 | E6: SAIKIA ENTERPRISE | F6: 39093 | G6: =IF(I6>0,"Targeted Dealer","-") -> Targeted Dealer | I6: 60 | J6: =I6/$J$1*($J$1-$E$1) -> 60 | K6: 13 | L6: =I6-K6 -> 47 | M6: =IFERROR((K6/J6%),"-") -> 21.666667 | N6: 47 | O6: =IF(F6<=$P$2,"DEC","") -> DEC | P6: 47 | Q6: =K6-P6 -> -34 | R6: =IFERROR(IF(O6="Dec",(K6/P6-1))," ") -> -0.72340426 | S6: =IF(N6>0,IF(O6="","-",IF(R6<0%,"DEGROWTH","GROWTH"))) -> DEGROWTH | T6: 13 | U6: =IF(F6<=$V$2,"jAN","") -> jAN | V6: 13 | W6: =K6-V6 -> 0 | X6: =IFERROR(IF(U6="Jan",(K6/V6-1)),0) -> 0 | Y6: =IF(T6>0,IF(U6="","-",IF(X6<0%,"DEGROWTH","GROWTH"))) -> GROWTH | Z6: 0 | AB6: NE 1
A7: NE 1 | B7: NAGAON | C7: S113 | D7: 1000000668 | E7: S.N.HARDWARE (NAGAON) | F7: 39257 | G7: =IF(I7>0,"Targeted Dealer","-") -> Targeted Dealer | I7: 30 | J7: =I7/$J$1*($J$1-$E$1) -> 30 | K7: 0 | L7: =I7-K7 -> 30 | M7: =IFERROR((K7/J7%),"-") -> 0 | N7: 13 | O7: =IF(F7<=$P$2,"DEC","") -> DEC | P7: 13 | Q7: =K7-P7 -> -13 | R7: =IFERROR(IF(O7="Dec",(K7/P7-1))," ") -> -1 | S7: =IF(N7>0,IF(O7="","-",IF(R7<0%,"DEGROWTH","GROWTH"))) -> DEGROWTH | T7: 26 | U7: =IF(F7<=$V$2,"jAN","") -> jAN | V7: 26 | W7: =K7-V7 -> -26 | X7: =IFERROR(IF(U7="Jan",(K7/V7-1)),0) -> -1 | Y7: =IF(T7>0,IF(U7="","-",IF(X7<0%,"DEGROWTH","GROWTH"))) -> DEGROWTH | Z7: 0 | AB7: NE 1
A8: NE 1 | B8: HOJAI | C8: R096 | D8: 1000000665 | E8: RAFIK HARDWARE | F8: 40672 | G8: =IF(I8>0,"Targeted Dealer","-") -> Targeted Dealer | I8: 350 | J8: =I8/$J$1*($J$1-$E$1) -> 350 | K8: 405 | L8: =I8-K8 -> -55 | M8: =IFERROR((K8/J8%),"-") -> 115.71429 | N8: 340 | O8: =IF(F8<=$P$2,"DEC","") -> DEC | P8: 340 | Q8: =K8-P8 -> 65 | R8: =IFERROR(IF(O8="Dec",(K8/P8-1))," ") -> 0.19117647 | S8: =IF(N8>0,IF(O8="","-",IF(R8<0%,"DEGROWTH","GROWTH"))) -> GROWTH | T8: 340 | U8: =IF(F8<=$V$2,"jAN","") -> jAN | V8: 340 | W8: =K8-V8 -> 65 | X8: =IFERROR(IF(U8="Jan",(K8/V8-1)),0) -> 0.19117647 | Y8: =IF(T8>0,IF(U8="","-",IF(X8<0%,"DEGROWTH","GROWTH"))) -> GROWTH | Z8: 0 | AB8: NE 1
A9: NE 1 | B9: NAGAON | C9: M238 | D9: 1000000653 | E9: MAA HARDWARE (NAGAON) | F9: 41186 | G9: =IF(I9>0,"Targeted Dealer","-") -> Targeted Dealer | I9: 125 | J9: =I9/$J$1*($J$1-$E$1) -> 125 | K9: 60 | L9: =I9-K9 -> 65 | M9: =IFERROR((K9/J9%),"-") -> 48 | N9: 20 | O9: =IF(F9<=$P$2,"DEC","") -> DEC | P9: 20 | Q9: =K9-P9 -> 40 | R9: =IFERROR(IF(O9="Dec",(K9/P9-1))," ") -> 2 | S9: =IF(N9>0,IF(O9="","-",IF(R9<0%,"DEGROWTH","GROWTH"))) -> GROWTH | T9: 130 | U9: =IF(F9<=$V$2,"jAN","") -> jAN | V9: 130 | W9: =K9-V9 -> -70 | X9: =IFERROR(IF(U9="Jan",(K9/V9-1)),0) -> -0.53846154 | Y9: =IF(T9>0,IF(U9="","-",IF(X9<0%,"DEGROWTH","GROWTH"))) -> DEGROWTH | Z9: 0 | AB9: NE 1
A10: NE 1 | B10: HOJAI | C10: A162 | D10: 1000000634 | E10: ALAM AGRO INDUSTRY | F10: 41397 | G10: =IF(I10>0,"Targeted Dealer","-") -> Targeted Dealer | I10: 140 | J10: =I10/$J$1*($J$1-$E$1) -> 140 | K10: 160 | L10: =I10-K10 -> -20 | M10: =IFERROR((K10/J10%),"-") -> 114.28571 | N10: 120 | O10: =IF(F10<=$P$2,"DEC","") -> DEC | P10: 120 | Q10: =K10-P10 -> 40 | R10: =IFERROR(IF(O10="Dec",(K10/P10-1))," ") -> 0.33333333 | S10: =IF(N10>0,IF(O10="","-",IF(R10<0%,"DEGROWTH","GROWTH"))) -> GROWTH | T10: 120 | U10: =IF(F10<=$V$2,"jAN","") -> jAN | V10: 120 | W10: =K10-V10 -> 40 | X10: =IFERROR(IF(U10="Jan",(K10/V10-1)),0) -> 0.33333333 | Y10: =IF(T10>0,IF(U10="","-",IF(X10<0%,"DEGROWTH","GROWTH"))) -> GROWTH | Z10: 0 | AB10: NE 1
A11: NE 1 | B11: HOJAI | C11: NEM008 | D11: 1000000654 | E11: MAA MANASA HARDWARE (HOJAI) | F11: 41791 | G11: =IF(I11>0,"Targeted Dealer","-") -> Targeted Dealer | I11: 140 | J11: =I11/$J$1*($J$1-$E$1) -> 140 | K11: 105 | L11: =I11-K11 -> 35 | M11: =IFERROR((K11/J11%),"-") -> 75 | N11: 130 | O11: =IF(F11<=$P$2,"DEC","") -> DEC | P11: 130 | Q11: =K11-P11 -> -25 | R11: =IFERROR(IF(O11="Dec",(K11/P11-1))," ") -> -0.19230769 | S11: =IF(N11>0,IF(O11="","-",IF(R11<0%,"DEGROWTH","GROWTH"))) -> DEGROWTH | T11: 227 | U11: =IF(F11<=$V$2,"jAN","") -> jAN | V11: 227 | W11: =K11-V11 -> -122 | X11: =IFERROR(IF(U11="Jan",(K11/V11-1)),0) -> -0.53744493 | Y11: =IF(T11>0,IF(U11="","-",IF(X11<0%,"DEGROWTH","GROWTH"))) -> DEGROWTH | Z11: 0 | AB11: NE 1
A12: NE 1 | B12: NAGAON | C12: NEM025 | D12: 1000000655 | E12: MAHABIR HARDWARE (DOOM DOOMIA) | F12: 41927 | G12: =IF(I12>0,"Targeted Dealer","-") -> Targeted Dealer | I12: 60 | J12: =I12/$J$1*($J$1-$E$1) -> 60 | K12: 20 | L12: =I12-K12 -> 40 | M12: =IFERROR((K12/J12%),"-") -> 33.333333 | N12: 20 | O12: =IF(F12<=$P$2,"DEC","") -> DEC | P12: 20 | Q12: =K12-P12 -> 0 | R12: =IFERROR(IF(O12="Dec",(K12/P12-1))," ") -> 0 | S12: =IF(N12>0,IF(O12="","-",IF(R12<0%,"DEGROWTH","GROWTH"))) -> GROWTH | T12: 0 | U12: =IF(F12<=$V$2,"jAN","") -> jAN | V12: 0 | W12: =K12-V12 -> 20 | X12: =IFERROR(IF(U12="Jan",(K12/V12-1)),0) -> 0 | Y12: =IF(T12>0,IF(U12="","-",IF(X12<0%,"DEGROWTH","GROWTH"))) -> FALSE | Z12: 0 | AB12: NE 1
A13: NE 1 | B13: NAGAON | C13: NED018 | D13: 1000000642 | E13: DEBRATHA ENTERPRISE | F13: 41990 | G13: =IF(I13>0,"Targeted Dealer","-") -> - | I13: 0 | J13: =I13/$J$1*($J$1-$E$1) -> 0 | K13: 0 | L13: =I13-K13 -> 0 | M13: =IFERROR((K13/J13%),"-") -> - | N13: 0 | O13: =IF(F13<=$P$2,"DEC","") -> DEC | P13: 0 | Q13: =K13-P13 -> 0 | R13: =IFERROR(IF(O13="Dec",(K13/P13-1))," ") | S13: =IF(N13>0,IF(O13="","-",IF(R13<0%,"DEGROWTH","GROWTH"))) -> FALSE | T13: 24 | U13: =IF(F13<=$V$2,"jAN","") -> jAN | V13: 24 | W13: =K13-V13 -> -24 | X13: =IFERROR(IF(U13="Jan",(K13/V13-1)),0) -> -1 | Y13: =IF(T13>0,IF(U13="","-",IF(X13<0%,"DEGROWTH","GROWTH"))) -> DEGROWTH | Z13: 1 | AB13: NE 1
A14: NE 1 | B14: HOJAI | C14: NEA028 | D14: 1000000633 | E14: A. HAQUE HARDWARE | F14: 42048 | G14: =IF(I14>0,"Targeted Dealer","-") -> Targeted Dealer | I14: 170 | J14: =I14/$J$1*($J$1-$E$1) -> 170 | K14: 198 | L14: =I14-K14 -> -28 | M14: =IFERROR((K14/J14%),"-") -> 116.47059 | N14: 155 | O14: =IF(F14<=$P$2,"DEC","") -> DEC | P14: 155 | Q14: =K14-P14 -> 43 | R14: =IFERROR(IF(O14="Dec",(K14/P14-1))," ") -> 0.27741935 | S14: =IF(N14>0,IF(O14="","-",IF(R14<0%,"DEGROWTH","GROWTH"))) -> GROWTH | T14: 163 | U14: =IF(F14<=$V$2,"jAN","") -> jAN | V14: 163 | W14: =K14-V14 -> 35 | X14: =IFERROR(IF(U14="Jan",(K14/V14-1)),0) -> 0.21472393 | Y14: =IF(T14>0,IF(U14="","-",IF(X14<0%,"DEGROWTH","GROWTH"))) -> GROWTH | Z14: 0 | AB14: NE 1
... A1385: NE 1 | B1385: MANIPUR | C1385: T053 | D1385: 1000000580 | E1385: THANGJING HARDWARE | F1385: 44738 | G1385: =IF(I1385>0,"Targeted Dealer","-") -> Targeted Dealer | I1385: 55 | J1385: =I1385/$J$1*($J$1-$E$1) -> 55 | K1385: 313 | L1385: =I1385-K1385 -> -258 | M1385: =IFERROR((K1385/J1385%),"-") -> 569.09091 | N1385: 80 | O1385: =IF(F1385<=$P$2,"DEC","") -> DEC | P1385: 80 | Q1385: =K1385-P1385 -> 233 | R1385: =IFERROR(IF(O1385="Dec",(K1385/P1385-1))," ") -> 2.9125 | S1385: =IF(N1385>0,IF(O1385="","-",IF(R1385<0%,"DEGROWTH","GROWTH"))) -> GROWTH | T1385: 55 | U1385: =IF(F1385<=$V$2,"jAN","") -> jAN | V1385: 55 | W1385: =K1385-V1385 -> 258 | X1385: =IFERROR(IF(U1385="Jan",(K1385/V1385-1)),0) -> 4.6909091 | Y1385: =IF(T1385>0,IF(U1385="","-",IF(X1385<0%,"DEGROWTH","GROWTH"))) -> GROWTH | Z1385: 1 | AB1385: NE 1
A1386: NE 1 | B1386: TEZPUR | C1386: NER348 | D1386: 1000004227 | E1386: R M HARDWARE | F1386: 28.01.2025 | G1386: =IF(I1386>0,"Targeted Dealer","-") -> Targeted Dealer | I1386: 80 | J1386: =I1386/$J$1*($J$1-$E$1) -> 80 | K1386: 116 | L1386: =I1386-K1386 -> -36 | M1386: =IFERROR((K1386/J1386%),"-") -> 145 | N1386: 102 | O1386: =IF(F1386<=$P$2,"DEC","") | P1386: 102 | Q1386: =K1386-P1386 -> 14 | R1386: =IFERROR(IF(O1386="Dec",(K1386/P1386-1))," ") -> FALSE | S1386: =IF(N1386>0,IF(O1386="","-",IF(R1386<0%,"DEGROWTH","GROWTH"))) -> - | T1386: 8 | U1386: =IF(F1386<=$V$2,"jAN","") | V1386: 8 | W1386: =K1386-V1386 -> 108 | X1386: =IFERROR(IF(U1386="Jan",(K1386/V1386-1)),0) -> FALSE | Y1386: =IF(T1386>0,IF(U1386="","-",IF(X1386<0%,"DEGROWTH","GROWTH"))) -> - | Z1386: 0 | AB1386: NE 1
A1387: BH | B1387: KATIHAR | C1387: BHS261 | D1387: 1000004242 | E1387: SAGAR KHAD BEEJ BHANDAR | F1387: 45686 | G1387: =IF(I1387>0,"Targeted Dealer","-") -> Targeted Dealer | I1387: 25 | J1387: =I1387/$J$1*($J$1-$E$1) -> 25 | K1387: 30 | L1387: =I1387-K1387 -> -5 | M1387: =IFERROR((K1387/J1387%),"-") -> 120 | N1387: 25 | O1387: =IF(F1387<=$P$2,"DEC","") -> DEC | P1387: 25 | Q1387: =K1387-P1387 -> 5 | R1387: =IFERROR(IF(O1387="Dec",(K1387/P1387-1))," ") -> 0.2 | S1387: =IF(N1387>0,IF(O1387="","-",IF(R1387<0%,"DEGROWTH","GROWTH"))) -> GROWTH | T1387: 30 | U1387: =IF(F1387<=$V$2,"jAN","") -> jAN | V1387: 30 | W1387: =K1387-V1387 -> 0 | X1387: =IFERROR(IF(U1387="Jan",(K1387/V1387-1)),0) -> 0 | Y1387: =IF(T1387>0,IF(U1387="","-",IF(X1387<0%,"DEGROWTH","GROWTH"))) -> GROWTH | Z1387: 0 | AB1387: BH
A1388: NE 2 | B1388: CACHAR | C1388: NES777 | D1388: 1000004230 | E1388: SUMITA TRADERS | F1388: 45685 | G1388: =IF(I1388>0,"Targeted Dealer","-") -> Targeted Dealer | I1388: 75 | J1388: =I1388/$J$1*($J$1-$E$1) -> 75 | K1388: 18.5 | L1388: =I1388-K1388 -> 56.5 | M1388: =IFERROR((K1388/J1388%),"-") -> 24.666667 | N1388: 0 | O1388: =IF(F1388<=$P$2,"DEC","") -> DEC | P1388: 0 | Q1388: =K1388-P1388 -> 18.5 | R1388: =IFERROR(IF(O1388="Dec",(K1388/P1388-1))," ") | S1388: =IF(N1388>0,IF(O1388="","-",IF(R1388<0%,"DEGROWTH","GROWTH"))) -> FALSE | T1388: 0 | U1388: =IF(F1388<=$V$2,"jAN","") -> jAN | V1388: 0 | W1388: =K1388-V1388 -> 18.5 | X1388: =IFERROR(IF(U1388="Jan",(K1388/V1388-1)),0) -> 0 | Y1388: =IF(T1388>0,IF(U1388="","-",IF(X1388<0%,"DEGROWTH","GROWTH"))) -> FALSE | Z1388: 1 | AB1388: NE 2
A1389: NE 2 | B1389: KARIMGANJ | C1389: NEA488 | D1389: 1000004262 | E1389: A & A ENTERPRISE | F1389: 45689 | G1389: =IF(I1389>0,"Targeted Dealer","-") -> Targeted Dealer | I1389: 30 | J1389: =I1389/$J$1*($J$1-$E$1) -> 30 | K1389: 15 | L1389: =I1389-K1389 -> 15 | M1389: =IFERROR((K1389/J1389%),"-") -> 50 | N1389: 9 | O1389: =IF(F1389<=$P$2,"DEC","") -> DEC | P1389: 9 | Q1389: =K1389-P1389 -> 6 | R1389: =IFERROR(IF(O1389="Dec",(K1389/P1389-1))," ") -> 0.66666667 | S1389: =IF(N1389>0,IF(O1389="","-",IF(R1389<0%,"DEGROWTH","GROWTH"))) -> GROWTH | T1389: 0 | U1389: =IF(F1389<=$V$2,"jAN","") | V1389: 0 | W1389: =K1389-V1389 -> 15 | X1389: =IFERROR(IF(U1389="Jan",(K1389/V1389-1)),0) -> FALSE | Y1389: =IF(T1389>0,IF(U1389="","-",IF(X1389<0%,"DEGROWTH","GROWTH"))) -> FALSE | Z1389: 0 | AB1389: NE 2
A1390: NE 1 | B1390: MANIPUR | C1390: NEP309 | D1390: 1000004224 | E1390: PK AGENCY | F1390: 45684 | G1390: =IF(I1390>0,"Targeted Dealer","-") -> Targeted Dealer | I1390: 155 | J1390: =I1390/$J$1*($J$1-$E$1) -> 155 | K1390: 28 | L1390: =I1390-K1390 -> 127 | M1390: =IFERROR((K1390/J1390%),"-") -> 18.064516 | N1390: 217 | O1390: =IF(F1390<=$P$2,"DEC","") -> DEC | P1390: 217 | Q1390: =K1390-P1390 -> -189 | R1390: =IFERROR(IF(O1390="Dec",(K1390/P1390-1))," ") -> -0.87096774 | S1390: =IF(N1390>0,IF(O1390="","-",IF(R1390<0%,"DEGROWTH","GROWTH"))) -> DEGROWTH | T1390: 0 | U1390: =IF(F1390<=$V$2,"jAN","") -> jAN | V1390: 0 | W1390: =K1390-V1390 -> 28 | X1390: =IFERROR(IF(U1390="Jan",(K1390/V1390-1)),0) -> 0 | Y1390: =IF(T1390>0,IF(U1390="","-",IF(X1390<0%,"DEGROWTH","GROWTH"))) -> FALSE | Z1390: 0 | AB1390: NE 1
