Workbook

Sheet SUMMARY-M
B1: DEALER PERFORMANCE SUMMARY (Dec'25)
B2: 46021 | G2: <=15% mark red | I2: >=50% mark red | K2: >=50% mark red | P2: >=50% mark red | Q2: =B2-1 -> 46020
B3: AREA | C3: ASM | D3: RSM | E3: TOTAL SALE | F3: PREMIUM SALE | G3: PREMIUM % | H3: DEGROWTH DEALER (Nov'25 VS Oct'25) (NOS) | I3: % of DEGROWING DEALERS (Nov'25 VS Oct'24) | J3: DEGROWTH DEALER (Nov'25 VS Nov'24) (NOS) | K3: % of DEGROWING DEALERS (Nov'25 VS Nov''24) | L3: TOTAL DEALER (NOS) | M3: EXCLUSIVE DEALERS (NOS) | N3: Targeted Dealer Nos (Nov-25) | O3: ZERO LIFTERS (NOS) | P3: % of ZERO LIFTERS | Q3: ZERO LIFTERS (NOS) | R3: ZERO LIFTERS Increase/ Decrease (NOS) | S3: Zero lifters in Nov'25 & <30 MT lifted in Oct'25 | T3: Zero lifters in Nov'25 & >=30 MT lifted in Oct'25
B4: NAGAON | C4: SANJEEV BARMAN | D4: VIKASH KUMAR | G4: =IFERROR(F4/E4,0) -> 0 | H4: =COUNTIFS(DLRWISE!S:S,"DEGROWTH",DLRWISE!B:B,'SUMMARY-M'!B4) -> 10 | I4: =H4/$L4 -> 0.27777778 | J4: =COUNTIFS(DLRWISE!Y:Y,"DEGROWTH",DLRWISE!B:B,'SUMMARY-M'!B4) -> 16 | K4: =J4/$L4 -> 0.44444444 | L4: =COUNTIFS(DLRWISE!B:B,'SUMMARY-M'!B4) -> 36 | M4: =COUNTIFS(DLRWISE!B:B,'SUMMARY-M'!B4,DLRWISE!H:H,DLRWISE!$H$2) -> 0 | N4: =COUNTIFS(DLRWISE!G:G,DLRWISE!$G$2,DLRWISE!B:B,'SUMMARY-M'!B4) -> 31 | O4: =COUNTIFS(DLRWISE!B:B,'SUMMARY-M'!B4,DLRWISE!K:K,"<="&0) -> 7 | P4: =O4/L4 -> 0.19444444 | Q4: =SUMIF(DLRWISE!B:B,'SUMMARY-M'!B4,DLRWISE!Z:Z) -> 3 | R4: =O4-Q4 -> 4 | S4: =COUNTIFS(DLRWISE!B:B,'SUMMARY-M'!B4,DLRWISE!K:K,0,DLRWISE!N:N,"<"&30) -> 7 | T4: =O4-S4 -> 0
B5: HOJAI | C5: SANJEEV BARMAN | D5: VIKASH KUMAR | G5: =IFERROR(F5/E5,0) -> 0 | H5: =COUNTIFS(DLRWISE!S:S,"DEGROWTH",DLRWISE!B:B,'SUMMARY-M'!B5) -> 14 | I5: =H5/$L5 -> 0.42424242 | J5: =COUNTIFS(DLRWISE!Y:Y,"DEGROWTH",DLRWISE!B:B,'SUMMARY-M'!B5) -> 16 | K5: =J5/$L5 -> 0.48484848 | L5: =COUNTIFS(DLRWISE!B:B,'SUMMARY-M'!B5) -> 33 | M5: =COUNTIFS(DLRWISE!B:B,'SUMMARY-M'!B5,DLRWISE!H:H,DLRWISE!$H$2) -> 0 | N5: =COUNTIFS(DLRWISE!G:G,DLRWISE!$G$2,DLRWISE!B:B,'SUMMARY-M'!B5) -> 33 | O5: =COUNTIFS(DLRWISE!B:B,'SUMMARY-M'!B5,DLRWISE!K:K,"<="&0) -> 2 | P5: =O5/L5 -> 0.060606061 | Q5: =SUMIF(DLRWISE!B:B,'SUMMARY-M'!B5,DLRWISE!Z:Z) -> 0 | R5: =O5-Q5 -> 2 | S5: =COUNTIFS(DLRWISE!B:B,'SUMMARY-M'!B5,DLRWISE!K:K,0,DLRWISE!N:N,"<"&30) -> 2 | T5: =O5-S5 -> 0
B6: KARBIANGLONG | C6: SANJEEV BARMAN | D6: VIKASH KUMAR | G6: =IFERROR(F6/E6,0) -> 0 | H6: =COUNTIFS(DLRWISE!S:S,"DEGROWTH",DLRWISE!B:B,'SUMMARY-M'!B6) -> 9 | I6: =H6/$L6 -> 0.47368421 | J6: =COUNTIFS(DLRWISE!Y:Y,"DEGROWTH",DLRWISE!B:B,'SUMMARY-M'!B6) -> 10 | K6: =J6/$L6 -> 0.52631579 | L6: =COUNTIFS(DLRWISE!B:B,'SUMMARY-M'!B6) -> 19 | M6: =COUNTIFS(DLRWISE!B:B,'SUMMARY-M'!B6,DLRWISE!H:H,DLRWISE!$H$2) -> 0 | N6: =COUNTIFS(DLRWISE!G:G,DLRWISE!$G$2,DLRWISE!B:B,'SUMMARY-M'!B6) -> 18 | O6: =COUNTIFS(DLRWISE!B:B,'SUMMARY-M'!B6,DLRWISE!K:K,"<="&0) -> 1 | P6: =O6/L6 -> 0.052631579 | Q6: =SUMIF(DLRWISE!B:B,'SUMMARY-M'!B6,DLRWISE!Z:Z) -> 0 | R6: =O6-Q6 -> 1 | S6: =COUNTIFS(DLRWISE!B:B,'SUMMARY-M'!B6,DLRWISE!K:K,0,DLRWISE!N:N,"<"&30) -> 1 | T6: =O6-S6 -> 0
B7: N C HILLS | C7: SANJEEV BARMAN | D7: VIKASH KUMAR | G7: =IFERROR(F7/E7,0) -> 0 | H7: =COUNTIFS(DLRWISE!S:S,"DEGROWTH",DLRWISE!B:B,'SUMMARY-M'!B7) -> 8 | I7: =H7/L7 -> 0.53333333 | J7: =COUNTIFS(DLRWISE!Y:Y,"DEGROWTH",DLRWISE!B:B,'SUMMARY-M'!B7) -> 6 | K7: =J7/$L7 -> 0.4 | L7: =COUNTIFS(DLRWISE!B:B,'SUMMARY-M'!B7) -> 15 | M7: =COUNTIFS(DLRWISE!B:B,'SUMMARY-M'!B7,DLRWISE!H:H,DLRWISE!$H$2) -> 0 | N7: =COUNTIFS(DLRWISE!G:G,DLRWISE!$G$2,DLRWISE!B:B,'SUMMARY-M'!B7) -> 15 | O7: =COUNTIFS(DLRWISE!B:B,'SUMMARY-M'!B7,DLRWISE!K:K,"<="&0) -> 1 | P7: =O7/L7 -> 0.066666667 | Q7: =SUMIF(DLRWISE!B:B,'SUMMARY-M'!B7,DLRWISE!Z:Z) -> 1 | R7: =O7-Q7 -> 0 | S7: =COUNTIFS(DLRWISE!B:B,'SUMMARY-M'!B7,DLRWISE!K:K,0,DLRWISE!N:N,"<"&30) -> 1 | T7: =O7-S7 -> 0
B8: TEZPUR | C8: PRAKASH GHIMRE | D8: VIKASH KUMAR | G8: =IFERROR(F8/E8,0) -> 0 | H8: =COUNTIFS(DLRWISE!S:S,"DEGROWTH",DLRWISE!B:B,'SUMMARY-M'!B8) -> 11 | I8: =H8/L8 -> 0.32352941 | J8: =COUNTIFS(DLRWISE!Y:Y,"DEGROWTH",DLRWISE!B:B,'SUMMARY-M'!B8) -> 12 | K8: =J8/$L8 -> 0.35294118 | L8: =COUNTIFS(DLRWISE!B:B,'SUMMARY-M'!B8) -> 34 | M8: =COUNTIFS(DLRWISE!B:B,'SUMMARY-M'!B8,DLRWISE!H:H,DLRWISE!$H$2) -> 0 | N8: =COUNTIFS(DLRWISE!G:G,DLRWISE!$G$2,DLRWISE!B:B,'SUMMARY-M'!B8) -> 34 | O8: =COUNTIFS(DLRWISE!B:B,'SUMMARY-M'!B8,DLRWISE!K:K,"<="&0) -> 1 | P8: =O8/L8 -> 0.029411765 | Q8: =SUMIF(DLRWISE!B:B,'SUMMARY-M'!B8,DLRWISE!Z:Z) -> 3 | R8: =O8-Q8 -> -2 | S8: =COUNTIFS(DLRWISE!B:B,'SUMMARY-M'!B8,DLRWISE!K:K,0,DLRWISE!N:N,"<"&30) -> 0 | T8: =O8-S8 -> 1
B9: BISWANATH | C9: PRAKASH GHIMRE | D9: VIKASH KUMAR | G9: =IFERROR(F9/E9,0) -> 0 | H9: =COUNTIFS(DLRWISE!S:S,"DEGROWTH",DLRWISE!B:B,'SUMMARY-M'!B9) -> 7 | I9: =H9/L9 -> 0.36842105 | J9: =COUNTIFS(DLRWISE!Y:Y,"DEGROWTH",DLRWISE!B:B,'SUMMARY-M'!B9) -> 10 | K9: =J9/$L9 -> 0.52631579 | L9: =COUNTIFS(DLRWISE!B:B,'SUMMARY-M'!B9) -> 19 | M9: =COUNTIFS(DLRWISE!B:B,'SUMMARY-M'!B9,DLRWISE!H:H,DLRWISE!$H$2) -> 0 | N9: =COUNTIFS(DLRWISE!G:G,DLRWISE!$G$2,DLRWISE!B:B,'SUMMARY-M'!B9) -> 19 | O9: =COUNTIFS(DLRWISE!B:B,'SUMMARY-M'!B9,DLRWISE!K:K,"<="&0) -> 0 | P9: =O9/L9 -> 0 | Q9: =SUMIF(DLRWISE!B:B,'SUMMARY-M'!B9,DLRWISE!Z:Z) -> 1 | R9: =O9-Q9 -> -1 | S9: =COUNTIFS(DLRWISE!B:B,'SUMMARY-M'!B9,DLRWISE!K:K,0,DLRWISE!N:N,"<"&30) -> 0 | T9: =O9-S9 -> 0
B10: LAKHIMPUR | C10: VACANT ASM NLP | D10: VIKASH KUMAR | G10: =IFERROR(F10/E10,0) -> 0 | H10: =COUNTIFS(DLRWISE!S:S,"DEGROWTH",DLRWISE!B:B,'SUMMARY-M'!B10) -> 15 | I10: =H10/L10 -> 0.44117647 | J10: =COUNTIFS(DLRWISE!Y:Y,"DEGROWTH",DLRWISE!B:B,'SUMMARY-M'!B10) -> 14 | K10: =J10/$L10 -> 0.41176471 | L10: =COUNTIFS(DLRWISE!B:B,'SUMMARY-M'!B10) -> 34 | M10: =COUNTIFS(DLRWISE!B:B,'SUMMARY-M'!B10,DLRWISE!H:H,DLRWISE!$H$2) -> 0 | N10: =COUNTIFS(DLRWISE!G:G,DLRWISE!$G$2,DLRWISE!B:B,'SUMMARY-M'!B10) -> 33 | O10: =COUNTIFS(DLRWISE!B:B,'SUMMARY-M'!B10,DLRWISE!K:K,"<="&0) -> 7 | P10: =O10/L10 -> 0.20588235 | Q10: =SUMIF(DLRWISE!B:B,'SUMMARY-M'!B10,DLRWISE!Z:Z) -> 8 | R10: =O10-Q10 -> -1 | S10: =COUNTIFS(DLRWISE!B:B,'SUMMARY-M'!B10,DLRWISE!K:K,0,DLRWISE!N:N,"<"&30) -> 5 | T10: =O10-S10 -> 2
B11: DHEMAJI | C11: VACANT ASM DHEMAJI | D11: VIKASH KUMAR | G11: =IFERROR(F11/E11,0) -> 0 | H11: =COUNTIFS(DLRWISE!S:S,"DEGROWTH",DLRWISE!B:B,'SUMMARY-M'!B11) -> 10 | I11: =H11/L11 -> 0.33333333 | J11: =COUNTIFS(DLRWISE!Y:Y,"DEGROWTH",DLRWISE!B:B,'SUMMARY-M'!B11) -> 13 | K11: =J11/$L11 -> 0.43333333 | L11: =COUNTIFS(DLRWISE!B:B,'SUMMARY-M'!B11) -> 30 | M11: =COUNTIFS(DLRWISE!B:B,'SUMMARY-M'!B11,DLRWISE!H:H,DLRWISE!$H$2) -> 0 | N11: =COUNTIFS(DLRWISE!G:G,DLRWISE!$G$2,DLRWISE!B:B,'SUMMARY-M'!B11) -> 28 | O11: =COUNTIFS(DLRWISE!B:B,'SUMMARY-M'!B11,DLRWISE!K:K,"<="&0) -> 5 | P11: =O11/L11 -> 0.16666667 | Q11: =SUMIF(DLRWISE!B:B,'SUMMARY-M'!B11,DLRWISE!Z:Z) -> 2 | R11: =O11-Q11 -> 3 | S11: =COUNTIFS(DLRWISE!B:B,'SUMMARY-M'!B11,DLRWISE!K:K,0,DLRWISE!N:N,"<"&30) -> 3 | T11: =O11-S11 -> 2
B12: AP- BANDERDEWA | C12: SATYAJIT SAHA | D12: VIKASH KUMAR | G12: =IFERROR(F12/E12,0) -> 0 | H12: =COUNTIFS(DLRWISE!S:S,"DEGROWTH",DLRWISE!B:B,'SUMMARY-M'!B12) -> 14 | I12: =H12/L12 -> 0.46666667 | J12: =COUNTIFS(DLRWISE!Y:Y,"DEGROWTH",DLRWISE!B:B,'SUMMARY-M'!B12) -> 15 | K12: =J12/$L12 -> 0.5 | L12: =COUNTIFS(DLRWISE!B:B,'SUMMARY-M'!B12) -> 30 | M12: =COUNTIFS(DLRWISE!B:B,'SUMMARY-M'!B12,DLRWISE!H:H,DLRWISE!$H$2) -> 0 | N12: =COUNTIFS(DLRWISE!G:G,DLRWISE!$G$2,DLRWISE!B:B,'SUMMARY-M'!B12) -> 28 | O12: =COUNTIFS(DLRWISE!B:B,'SUMMARY-M'!B12,DLRWISE!K:K,"<="&0) -> 7 | P12: =O12/L12 -> 0.23333333 | Q12: =SUMIF(DLRWISE!B:B,'SUMMARY-M'!B12,DLRWISE!Z:Z) -> 2 | R12: =O12-Q12 -> 5 | S12: =COUNTIFS(DLRWISE!B:B,'SUMMARY-M'!B12,DLRWISE!K:K,0,DLRWISE!N:N,"<"&30) -> 6 | T12: =O12-S12 -> 1
B13: AP- LEKHABALI | C13: SATYAJIT SAHA | D13: VIKASH KUMAR | G13: =IFERROR(F13/E13,0) -> 0 | H13: =COUNTIFS(DLRWISE!S:S,"DEGROWTH",DLRWISE!B:B,'SUMMARY-M'!B13) -> 19 | I13: =H13/L13 -> 0.45238095 | J13: =COUNTIFS(DLRWISE!Y:Y,"DEGROWTH",DLRWISE!B:B,'SUMMARY-M'!B13) -> 16 | K13: =J13/$L13 -> 0.38095238 | L13: =COUNTIFS(DLRWISE!B:B,'SUMMARY-M'!B13) -> 42 | M13: =COUNTIFS(DLRWISE!B:B,'SUMMARY-M'!B13,DLRWISE!H:H,DLRWISE!$H$2) -> 0 | N13: =COUNTIFS(DLRWISE!G:G,DLRWISE!$G$2,DLRWISE!B:B,'SUMMARY-M'!B13) -> 36 | O13: =COUNTIFS(DLRWISE!B:B,'SUMMARY-M'!B13,DLRWISE!K:K,"<="&0) -> 8 | P13: =O13/L13 -> 0.19047619 | Q13: =SUMIF(DLRWISE!B:B,'SUMMARY-M'!B13,DLRWISE!Z:Z) -> 1 | R13: =O13-Q13 -> 7 | S13: =COUNTIFS(DLRWISE!B:B,'SUMMARY-M'!B13,DLRWISE!K:K,0,DLRWISE!N:N,"<"&30) -> 7 | T13: =O13-S13 -> 1
B14: JORHAT | C14: NIRANJAN MANDAL | D14: SUBHASISH BHOWMIK | G14: =IFERROR(F14/E14,0) -> 0 | H14: =COUNTIFS(DLRWISE!S:S,"DEGROWTH",DLRWISE!B:B,'SUMMARY-M'!B14) -> 17 | I14: =H14/L14 -> 0.44736842 | J14: =COUNTIFS(DLRWISE!Y:Y,"DEGROWTH",DLRWISE!B:B,'SUMMARY-M'!B14) -> 14 | K14: =J14/$L14 -> 0.36842105 | L14: =COUNTIFS(DLRWISE!B:B,'SUMMARY-M'!B14) -> 38 | M14: =COUNTIFS(DLRWISE!B:B,'SUMMARY-M'!B14,DLRWISE!H:H,DLRWISE!$H$2) -> 0 | N14: =COUNTIFS(DLRWISE!G:G,DLRWISE!$G$2,DLRWISE!B:B,'SUMMARY-M'!B14) -> 34 | O14: =COUNTIFS(DLRWISE!B:B,'SUMMARY-M'!B14,DLRWISE!K:K,"<="&0) -> 7 | P14: =O14/L14 -> 0.18421053 | Q14: =SUMIF(DLRWISE!B:B,'SUMMARY-M'!B14,DLRWISE!Z:Z) -> 4 | R14: =O14-Q14 -> 3 | S14: =COUNTIFS(DLRWISE!B:B,'SUMMARY-M'!B14,DLRWISE!K:K,0,DLRWISE!N:N,"<"&30) -> 4 | T14: =O14-S14 -> 3
B15: GOLAGHAT | C15: NIRANJAN MANDAL | D15: SUBHASISH BHOWMIK | G15: =IFERROR(F15/E15,0) -> 0 | H15: =COUNTIFS(DLRWISE!S:S,"DEGROWTH",DLRWISE!B:B,'SUMMARY-M'!B15) -> 7 | I15: =H15/L15 -> 0.28 | J15: =COUNTIFS(DLRWISE!Y:Y,"DEGROWTH",DLRWISE!B:B,'SUMMARY-M'!B15) -> 10 | K15: =J15/$L15 -> 0.4 | L15: =COUNTIFS(DLRWISE!B:B,'SUMMARY-M'!B15) -> 25 | M15: =COUNTIFS(DLRWISE!B:B,'SUMMARY-M'!B15,DLRWISE!H:H,DLRWISE!$H$2) -> 0 | N15: =COUNTIFS(DLRWISE!G:G,DLRWISE!$G$2,DLRWISE!B:B,'SUMMARY-M'!B15) -> 23 | O15: =COUNTIFS(DLRWISE!B:B,'SUMMARY-M'!B15,DLRWISE!K:K,"<="&0) -> 7 | P15: =O15/L15 -> 0.28 | Q15: =SUMIF(DLRWISE!B:B,'SUMMARY-M'!B15,DLRWISE!Z:Z) -> 6 | R15: =O15-Q15 -> 1 | S15: =COUNTIFS(DLRWISE!B:B,'SUMMARY-M'!B15,DLRWISE!K:K,0,DLRWISE!N:N,"<"&30) -> 5 | T15: =O15-S15 -> 2
B16: SIBSAGAR | C16: SUJIT SAXENA | D16: SUBHASISH BHOWMIK | G16: =IFERROR(F16/E16,0) -> 0 | H16: =COUNTIFS(DLRWISE!S:S,"DEGROWTH",DLRWISE!B:B,'SUMMARY-M'!B16) -> 10 | I16: =H16/L16 -> 0.35714286 | J16: =COUNTIFS(DLRWISE!Y:Y,"DEGROWTH",DLRWISE!B:B,'SUMMARY-M'!B16) -> 8 | K16: =J16/$L16 -> 0.28571429 | L16: =COUNTIFS(DLRWISE!B:B,'SUMMARY-M'!B16) -> 28 | M16: =COUNTIFS(DLRWISE!B:B,'SUMMARY-M'!B16,DLRWISE!H:H,DLRWISE!$H$2) -> 0 | N16: =COUNTIFS(DLRWISE!G:G,DLRWISE!$G$2,DLRWISE!B:B,'SUMMARY-M'!B16) -> 27 | O16: =COUNTIFS(DLRWISE!B:B,'SUMMARY-M'!B16,DLRWISE!K:K,"<="&0) -> 4 | P16: =O16/L16 -> 0.14285714 | Q16: =SUMIF(DLRWISE!B:B,'SUMMARY-M'!B16,DLRWISE!Z:Z) -> 1 | R16: =O16-Q16 -> 3 | S16: =COUNTIFS(DLRWISE!B:B,'SUMMARY-M'!B16,DLRWISE!K:K,0,DLRWISE!N:N,"<"&30) -> 2 | T16: =O16-S16 -> 2
B17: DIBRUGARH | C17: MANOJ CHETRY | D17: SUBHASISH BHOWMIK | G17: =IFERROR(F17/E17,0) -> 0 | H17: =COUNTIFS(DLRWISE!S:S,"DEGROWTH",DLRWISE!B:B,'SUMMARY-M'!B17) -> 24 | I17: =H17/L17 -> 0.46153846 | J17: =COUNTIFS(DLRWISE!Y:Y,"DEGROWTH",DLRWISE!B:B,'SUMMARY-M'!B17) -> 28 | K17: =J17/$L17 -> 0.53846154 | L17: =COUNTIFS(DLRWISE!B:B,'SUMMARY-M'!B17) -> 52 | M17: =COUNTIFS(DLRWISE!B:B,'SUMMARY-M'!B17,DLRWISE!H:H,DLRWISE!$H$2) -> 0 | N17: =COUNTIFS(DLRWISE!G:G,DLRWISE!$G$2,DLRWISE!B:B,'SUMMARY-M'!B17) -> 49 | O17: =COUNTIFS(DLRWISE!B:B,'SUMMARY-M'!B17,DLRWISE!K:K,"<="&0) -> 7 | P17: =O17/L17 -> 0.13461538 | Q17: =SUMIF(DLRWISE!B:B,'SUMMARY-M'!B17,DLRWISE!Z:Z) -> 8 | R17: =O17-Q17 -> -1 | S17: =COUNTIFS(DLRWISE!B:B,'SUMMARY-M'!B17,DLRWISE!K:K,0,DLRWISE!N:N,"<"&30) -> 7 | T17: =O17-S17 -> 0
B18: AP- TINSUKIA SIDE | C18: RAJU UDADHYAYA | D18: SUBHASISH BHOWMIK | G18: =IFERROR(F18/E18,0) -> 0 | H18: =COUNTIFS(DLRWISE!S:S,"DEGROWTH",DLRWISE!B:B,'SUMMARY-M'!B18) -> 3 | I18: =H18/L18 -> 0.25 | J18: =COUNTIFS(DLRWISE!Y:Y,"DEGROWTH",DLRWISE!B:B,'SUMMARY-M'!B18) -> 2 | K18: =J18/$L18 -> 0.16666667 | L18: =COUNTIFS(DLRWISE!B:B,'SUMMARY-M'!B18) -> 12 | M18: =COUNTIFS(DLRWISE!B:B,'SUMMARY-M'!B18,DLRWISE!H:H,DLRWISE!$H$2) -> 0 | N18: =COUNTIFS(DLRWISE!G:G,DLRWISE!$G$2,DLRWISE!B:B,'SUMMARY-M'!B18) -> 11 | O18: =COUNTIFS(DLRWISE!B:B,'SUMMARY-M'!B18,DLRWISE!K:K,"<="&0) -> 3 | P18: =O18/L18 -> 0.25 | Q18: =SUMIF(DLRWISE!B:B,'SUMMARY-M'!B18,DLRWISE!Z:Z) -> 1 | R18: =O18-Q18 -> 2 | S18: =COUNTIFS(DLRWISE!B:B,'SUMMARY-M'!B18,DLRWISE!K:K,0,DLRWISE!N:N,"<"&30) -> 3 | T18: =O18-S18 -> 0
... B23: NAGALAND | C23: ROBIN LIMBU | D23: BASUDEV ROY | G23: =IFERROR(F23/E23,0) -> 0 | H23: =COUNTIFS(DLRWISE!S:S,"DEGROWTH",DLRWISE!B:B,'SUMMARY-M'!B23) -> 16 | I23: =H23/L23 -> 0.5 | J23: =COUNTIFS(DLRWISE!Y:Y,"DEGROWTH",DLRWISE!B:B,'SUMMARY-M'!B23) -> 15 | K23: =J23/$L23 -> 0.46875 | L23: =COUNTIFS(DLRWISE!B:B,'SUMMARY-M'!B23) -> 32 | M23: =COUNTIFS(DLRWISE!B:B,'SUMMARY-M'!B23,DLRWISE!H:H,DLRWISE!$H$2) -> 0 | N23: =COUNTIFS(DLRWISE!G:G,DLRWISE!$G$2,DLRWISE!B:B,'SUMMARY-M'!B23) -> 29 | O23: =COUNTIFS(DLRWISE!B:B,'SUMMARY-M'!B23,DLRWISE!K:K,"<="&0) -> 9 | P23: =O23/L23 -> 0.28125 | Q23: =SUMIF(DLRWISE!B:B,'SUMMARY-M'!B23,DLRWISE!Z:Z) -> 5 | R23: =O23-Q23 -> 4 | S23: =COUNTIFS(DLRWISE!B:B,'SUMMARY-M'!B23,DLRWISE!K:K,0,DLRWISE!N:N,"<"&30) -> 6 | T23: =O23-S23 -> 3
B24: NE 1 TOTAL | E24: =SUM(E4:E23) -> 0 | F24: =SUM(F4:F23) -> 0 | G24: =F24/E24 -> #DIV/0! | H24: =SUM(H4:H23) -> 248 | I24: =H24/L24 -> 0.40722496 | J24: =SUM(J4:J23) -> 259 | K24: =J24/$L24 -> 0.42528736 | L24: =SUM(L4:L23) -> 609 | M24: =SUM(M4:M23) -> 0 | N24: =SUM(N4:N23) -> 565 | O24: =SUM(O4:O23) -> 100 | P24: =O24/L24 -> 0.16420361 | Q24: =SUM(Q4:Q23) -> 63 | R24: =O24-Q24 -> 37 | S24: =SUM(S4:S23) -> 74 | T24: =O24-S24 -> 26
B25: GUWAHATI RURAL | C25: SUBHASH ARJEL | D25: SAURABH KUMAR | G25: =IFERROR(F25/E25,0) -> 0 | H25: =COUNTIFS(DLRWISE!S:S,"DEGROWTH",DLRWISE!B:B,'SUMMARY-M'!B25) -> 25 | I25: =H25/L25 -> 0.5 | J25: =COUNTIFS(DLRWISE!Y:Y,"DEGROWTH",DLRWISE!B:B,'SUMMARY-M'!B25) -> 23 | K25: =J25/$L25 -> 0.46 | L25: =COUNTIFS(DLRWISE!B:B,'SUMMARY-M'!B25) -> 50 | M25: =COUNTIFS(DLRWISE!B:B,'SUMMARY-M'!B25,DLRWISE!H:H,DLRWISE!$H$2) -> 0 | N25: =COUNTIFS(DLRWISE!G:G,DLRWISE!$G$2,DLRWISE!B:B,'SUMMARY-M'!B25) -> 45 | O25: =COUNTIFS(DLRWISE!B:B,'SUMMARY-M'!B25,DLRWISE!K:K,"<="&0) -> 7 | P25: =O25/L25 -> 0.14 | Q25: =SUMIF(DLRWISE!B:B,'SUMMARY-M'!B25,DLRWISE!Z:Z) -> 3 | R25: =O25-Q25 -> 4 | S25: =COUNTIFS(DLRWISE!B:B,'SUMMARY-M'!B25,DLRWISE!K:K,0,DLRWISE!N:N,"<"&30) -> 7 | T25: =O25-S25 -> 0
B26: DARANG | C26: SUBHASH ARJEL | D26: SAURABH KUMAR | G26: =IFERROR(F26/E26,0) -> 0 | H26: =COUNTIFS(DLRWISE!S:S,"DEGROWTH",DLRWISE!B:B,'SUMMARY-M'!B26) -> 21 | I26: =H26/L26 -> 0.38888889 | J26: =COUNTIFS(DLRWISE!Y:Y,"DEGROWTH",DLRWISE!B:B,'SUMMARY-M'!B26) -> 25 | K26: =J26/$L26 -> 0.46296296 | L26: =COUNTIFS(DLRWISE!B:B,'SUMMARY-M'!B26) -> 54 | M26: =COUNTIFS(DLRWISE!B:B,'SUMMARY-M'!B26,DLRWISE!H:H,DLRWISE!$H$2) -> 0 | N26: =COUNTIFS(DLRWISE!G:G,DLRWISE!$G$2,DLRWISE!B:B,'SUMMARY-M'!B26) -> 52 | O26: =COUNTIFS(DLRWISE!B:B,'SUMMARY-M'!B26,DLRWISE!K:K,"<="&0) -> 6 | P26: =O26/L26 -> 0.11111111 | Q26: =SUMIF(DLRWISE!B:B,'SUMMARY-M'!B26,DLRWISE!Z:Z) -> 6 | R26: =O26-Q26 -> 0 | S26: =COUNTIFS(DLRWISE!B:B,'SUMMARY-M'!B26,DLRWISE!K:K,0,DLRWISE!N:N,"<"&30) -> 6 | T26: =O26-S26 -> 0
B27: GUWAHATI URBAN | C27: VACANT | D27: SAURABH KUMAR | G27: =IFERROR(F27/E27,0) -> 0 | H27: =COUNTIFS(DLRWISE!S:S,"DEGROWTH",DLRWISE!B:B,'SUMMARY-M'!B27) -> 27 | I27: =H27/L27 -> 0.5 | J27: =COUNTIFS(DLRWISE!Y:Y,"DEGROWTH",DLRWISE!B:B,'SUMMARY-M'!B27) -> 22 | K27: =J27/$L27 -> 0.40740741 | L27: =COUNTIFS(DLRWISE!B:B,'SUMMARY-M'!B27) -> 54 | M27: =COUNTIFS(DLRWISE!B:B,'SUMMARY-M'!B27,DLRWISE!H:H,DLRWISE!$H$2) -> 0 | N27: =COUNTIFS(DLRWISE!G:G,DLRWISE!$G$2,DLRWISE!B:B,'SUMMARY-M'!B27) -> 45 | O27: =COUNTIFS(DLRWISE!B:B,'SUMMARY-M'!B27,DLRWISE!K:K,"<="&0) -> 13 | P27: =O27/L27 -> 0.24074074 | Q27: =SUMIF(DLRWISE!B:B,'SUMMARY-M'!B27,DLRWISE!Z:Z) -> 15 | R27: =O27-Q27 -> -2 | S27: =COUNTIFS(DLRWISE!B:B,'SUMMARY-M'!B27,DLRWISE!K:K,0,DLRWISE!N:N,"<"&30) -> 13 | T27: =O27-S27 -> 0
B28: MORIGAON | C28: VACANT | D28: SAURABH KUMAR | G28: =IFERROR(F28/E28,0) -> 0 | H28: =COUNTIFS(DLRWISE!S:S,"DEGROWTH",DLRWISE!B:B,'SUMMARY-M'!B28) -> 2 | I28: =H28/L28 -> 0.10526316 | J28: =COUNTIFS(DLRWISE!Y:Y,"DEGROWTH",DLRWISE!B:B,'SUMMARY-M'!B28) -> 6 | K28: =J28/$L28 -> 0.31578947 | L28: =COUNTIFS(DLRWISE!B:B,'SUMMARY-M'!B28) -> 19 | M28: =COUNTIFS(DLRWISE!B:B,'SUMMARY-M'!B28,DLRWISE!H:H,DLRWISE!$H$2) -> 0 | N28: =COUNTIFS(DLRWISE!G:G,DLRWISE!$G$2,DLRWISE!B:B,'SUMMARY-M'!B28) -> 19 | O28: =COUNTIFS(DLRWISE!B:B,'SUMMARY-M'!B28,DLRWISE!K:K,"<="&0) -> 1 | P28: =O28/L28 -> 0.052631579 | Q28: =SUMIF(DLRWISE!B:B,'SUMMARY-M'!B28,DLRWISE!Z:Z) -> 0 | R28: =O28-Q28 -> 1 | S28: =COUNTIFS(DLRWISE!B:B,'SUMMARY-M'!B28,DLRWISE!K:K,0,DLRWISE!N:N,"<"&30) -> 1 | T28: =O28-S28 -> 0
B29: Lower Assam- 1 (Bongaigaon) | C29: ANIMESH NATH | D29: SAURABH KUMAR | G29: =IFERROR(F29/E29,0) -> 0 | H29: =COUNTIFS(DLRWISE!S:S,"DEGROWTH",DLRWISE!B:B,'SUMMARY-M'!B29) -> 23 | I29: =H29/L29 -> 0.37704918 | J29: =COUNTIFS(DLRWISE!Y:Y,"DEGROWTH",DLRWISE!B:B,'SUMMARY-M'!B29) -> 31 | K29: =J29/$L29 -> 0.50819672 | L29: =COUNTIFS(DLRWISE!B:B,'SUMMARY-M'!B29) -> 61 | M29: =COUNTIFS(DLRWISE!B:B,'SUMMARY-M'!B29,DLRWISE!H:H,DLRWISE!$H$2) -> 0 | N29: =COUNTIFS(DLRWISE!G:G,DLRWISE!$G$2,DLRWISE!B:B,'SUMMARY-M'!B29) -> 59 | O29: =COUNTIFS(DLRWISE!B:B,'SUMMARY-M'!B29,DLRWISE!K:K,"<="&0) -> 3 | P29: =O29/L29 -> 0.049180328 | Q29: =SUMIF(DLRWISE!B:B,'SUMMARY-M'!B29,DLRWISE!Z:Z) -> 5 | R29: =O29-Q29 -> -2 | S29: =COUNTIFS(DLRWISE!B:B,'SUMMARY-M'!B29,DLRWISE!K:K,0,DLRWISE!N:N,"<"&30) -> 2 | T29: =O29-S29 -> 1
B30: Lower Assam- 2 (Barpeta) | C30: BIKASH KALITA | D30: SAURABH KUMAR | G30: =IFERROR(F30/E30,0) -> 0 | H30: =COUNTIFS(DLRWISE!S:S,"DEGROWTH",DLRWISE!B:B,'SUMMARY-M'!B30) -> 18 | I30: =H30/L30 -> 0.38297872 | J30: =COUNTIFS(DLRWISE!Y:Y,"DEGROWTH",DLRWISE!B:B,'SUMMARY-M'!B30) -> 20 | K30: =J30/$L30 -> 0.42553191 | L30: =COUNTIFS(DLRWISE!B:B,'SUMMARY-M'!B30) -> 47 | M30: =COUNTIFS(DLRWISE!B:B,'SUMMARY-M'!B30,DLRWISE!H:H,DLRWISE!$H$2) -> 0 | N30: =COUNTIFS(DLRWISE!G:G,DLRWISE!$G$2,DLRWISE!B:B,'SUMMARY-M'!B30) -> 45 | O30: =COUNTIFS(DLRWISE!B:B,'SUMMARY-M'!B30,DLRWISE!K:K,"<="&0) -> 7 | P30: =O30/L30 -> 0.14893617 | Q30: =SUMIF(DLRWISE!B:B,'SUMMARY-M'!B30,DLRWISE!Z:Z) -> 6 | R30: =O30-Q30 -> 1 | S30: =COUNTIFS(DLRWISE!B:B,'SUMMARY-M'!B30,DLRWISE!K:K,0,DLRWISE!N:N,"<"&30) -> 5 | T30: =O30-S30 -> 2
B31: Lower Assam- 3 | C31: VACANT ASM LA 3 | D31: SAURABH KUMAR | G31: =IFERROR(F31/E31,0) -> 0 | H31: =COUNTIFS(DLRWISE!S:S,"DEGROWTH",DLRWISE!B:B,'SUMMARY-M'!B31) -> 23 | I31: =H31/L31 -> 0.62162162 | J31: =COUNTIFS(DLRWISE!Y:Y,"DEGROWTH",DLRWISE!B:B,'SUMMARY-M'!B31) -> 0 | K31: =J31/$L31 -> 0 | L31: =COUNTIFS(DLRWISE!B:B,'SUMMARY-M'!B31) -> 37 | M31: =COUNTIFS(DLRWISE!B:B,'SUMMARY-M'!B31,DLRWISE!H:H,DLRWISE!$H$2) -> 0 | N31: =COUNTIFS(DLRWISE!G:G,DLRWISE!$G$2,DLRWISE!B:B,'SUMMARY-M'!B31) -> 36 | O31: =COUNTIFS(DLRWISE!B:B,'SUMMARY-M'!B31,DLRWISE!K:K,"<="&0) -> 6 | P31: =O31/L31 -> 0.16216216 | Q31: =SUMIF(DLRWISE!B:B,'SUMMARY-M'!B31,DLRWISE!Z:Z) -> 5 | R31: =O31-Q31 -> 1 | S31: =COUNTIFS(DLRWISE!B:B,'SUMMARY-M'!B31,DLRWISE!K:K,0,DLRWISE!N:N,"<"&30) -> 6 | T31: =O31-S31 -> 0
B32: TURA HILLS | C32: SAFIOR RAHMAN | D32: SAURABH KUMAR | G32: =IFERROR(F32/E32,0) -> 0 | H32: =COUNTIFS(DLRWISE!S:S,"DEGROWTH",DLRWISE!B:B,'SUMMARY-M'!B32) -> 12 | I32: =H32/L32 -> 0.44444444 | J32: =COUNTIFS(DLRWISE!Y:Y,"DEGROWTH",DLRWISE!B:B,'SUMMARY-M'!B32) -> 17 | K32: =J32/$L32 -> 0.62962963 | L32: =COUNTIFS(DLRWISE!B:B,'SUMMARY-M'!B32) -> 27 | M32: =COUNTIFS(DLRWISE!B:B,'SUMMARY-M'!B32,DLRWISE!H:H,DLRWISE!$H$2) -> 0 | N32: =COUNTIFS(DLRWISE!G:G,DLRWISE!$G$2,DLRWISE!B:B,'SUMMARY-M'!B32) -> 23 | O32: =COUNTIFS(DLRWISE!B:B,'SUMMARY-M'!B32,DLRWISE!K:K,"<="&0) -> 7 | P32: =O32/L32 -> 0.25925926 | Q32: =SUMIF(DLRWISE!B:B,'SUMMARY-M'!B32,DLRWISE!Z:Z) -> 1 | R32: =O32-Q32 -> 6 | S32: =COUNTIFS(DLRWISE!B:B,'SUMMARY-M'!B32,DLRWISE!K:K,0,DLRWISE!N:N,"<"&30) -> 6 | T32: =O32-S32 -> 1
B33: TURA PLAIN | C33: SAFIOR RAHMAN | D33: SAURABH KUMAR | G33: =IFERROR(F33/E33,0) -> 0 | H33: =COUNTIFS(DLRWISE!S:S,"DEGROWTH",DLRWISE!B:B,'SUMMARY-M'!B33) -> 7 | I33: =H33/L33 -> 0.41176471 | J33: =COUNTIFS(DLRWISE!Y:Y,"DEGROWTH",DLRWISE!B:B,'SUMMARY-M'!B33) -> 10 | K33: =J33/$L33 -> 0.58823529 | L33: =COUNTIFS(DLRWISE!B:B,'SUMMARY-M'!B33) -> 17 | M33: =COUNTIFS(DLRWISE!B:B,'SUMMARY-M'!B33,DLRWISE!H:H,DLRWISE!$H$2) -> 0 | N33: =COUNTIFS(DLRWISE!G:G,DLRWISE!$G$2,DLRWISE!B:B,'SUMMARY-M'!B33) -> 17 | O33: =COUNTIFS(DLRWISE!B:B,'SUMMARY-M'!B33,DLRWISE!K:K,"<="&0) -> 4 | P33: =O33/L33 -> 0.23529412 | Q33: =SUMIF(DLRWISE!B:B,'SUMMARY-M'!B33,DLRWISE!Z:Z) -> 1 | R33: =O33-Q33 -> 3 | S33: =COUNTIFS(DLRWISE!B:B,'SUMMARY-M'!B33,DLRWISE!K:K,0,DLRWISE!N:N,"<"&30) -> 3 | T33: =O33-S33 -> 1
B34: AGARTALA | C34: BIKRAM HALDER | D34: GHALIB AYUBI | G34: =IFERROR(F34/E34,0) -> 0 | H34: =COUNTIFS(DLRWISE!S:S,"DEGROWTH",DLRWISE!B:B,'SUMMARY-M'!B34) -> 32 | I34: =H34/L34 -> 0.54237288 | J34: =COUNTIFS(DLRWISE!Y:Y,"DEGROWTH",DLRWISE!B:B,'SUMMARY-M'!B34) -> 29 | K34: =J34/$L34 -> 0.49152542 | L34: =COUNTIFS(DLRWISE!B:B,'SUMMARY-M'!B34) -> 59 | M34: =COUNTIFS(DLRWISE!B:B,'SUMMARY-M'!B34,DLRWISE!H:H,DLRWISE!$H$2) -> 0 | N34: =COUNTIFS(DLRWISE!G:G,DLRWISE!$G$2,DLRWISE!B:B,'SUMMARY-M'!B34) -> 55 | O34: =COUNTIFS(DLRWISE!B:B,'SUMMARY-M'!B34,DLRWISE!K:K,"<="&0) -> 8 | P34: =O34/L34 -> 0.13559322 | Q34: =SUMIF(DLRWISE!B:B,'SUMMARY-M'!B34,DLRWISE!Z:Z) -> 5 | R34: =O34-Q34 -> 3 | S34: =COUNTIFS(DLRWISE!B:B,'SUMMARY-M'!B34,DLRWISE!K:K,0,DLRWISE!N:N,"<"&30) -> 8 | T34: =O34-S34 -> 0
B35: UDAIPUR | C35: BIKRAM HALDER | D35: GHALIB AYUBI | G35: =IFERROR(F35/E35,0) -> 0 | H35: =COUNTIFS(DLRWISE!S:S,"DEGROWTH",DLRWISE!B:B,'SUMMARY-M'!B35) -> 19 | I35: =H35/L35 -> 0.48717949 | J35: =COUNTIFS(DLRWISE!Y:Y,"DEGROWTH",DLRWISE!B:B,'SUMMARY-M'!B35) -> 19 | K35: =J35/$L35 -> 0.48717949 | L35: =COUNTIFS(DLRWISE!B:B,'SUMMARY-M'!B35) -> 39 | M35: =COUNTIFS(DLRWISE!B:B,'SUMMARY-M'!B35,DLRWISE!H:H,DLRWISE!$H$2) -> 0 | N35: =COUNTIFS(DLRWISE!G:G,DLRWISE!$G$2,DLRWISE!B:B,'SUMMARY-M'!B35) -> 39 | O35: =COUNTIFS(DLRWISE!B:B,'SUMMARY-M'!B35,DLRWISE!K:K,"<="&0) -> 0 | P35: =O35/L35 -> 0 | Q35: =SUMIF(DLRWISE!B:B,'SUMMARY-M'!B35,DLRWISE!Z:Z) -> 6 | R35: =O35-Q35 -> -6 | S35: =COUNTIFS(DLRWISE!B:B,'SUMMARY-M'!B35,DLRWISE!K:K,0,DLRWISE!N:N,"<"&30) -> 0 | T35: =O35-S35 -> 0
B36: DHARMANAGAR | C36: BIKRAM HALDER | D36: GHALIB AYUBI | G36: =IFERROR(F36/E36,0) -> 0 | H36: =COUNTIFS(DLRWISE!S:S,"DEGROWTH",DLRWISE!B:B,'SUMMARY-M'!B36) -> 16 | I36: =H36/L36 -> 0.36363636 | J36: =COUNTIFS(DLRWISE!Y:Y,"DEGROWTH",DLRWISE!B:B,'SUMMARY-M'!B36) -> 25 | K36: =J36/$L36 -> 0.56818182 | L36: =COUNTIFS(DLRWISE!B:B,'SUMMARY-M'!B36) -> 44 | M36: =COUNTIFS(DLRWISE!B:B,'SUMMARY-M'!B36,DLRWISE!H:H,DLRWISE!$H$2) -> 0 | N36: =COUNTIFS(DLRWISE!G:G,DLRWISE!$G$2,DLRWISE!B:B,'SUMMARY-M'!B36) -> 41 | O36: =COUNTIFS(DLRWISE!B:B,'SUMMARY-M'!B36,DLRWISE!K:K,"<="&0) -> 6 | P36: =O36/L36 -> 0.13636364 | Q36: =SUMIF(DLRWISE!B:B,'SUMMARY-M'!B36,DLRWISE!Z:Z) -> 6 | R36: =O36-Q36 -> 0 | S36: =COUNTIFS(DLRWISE!B:B,'SUMMARY-M'!B36,DLRWISE!K:K,0,DLRWISE!N:N,"<"&30) -> 6 | T36: =O36-S36 -> 0
... B40: KARIMGANJ | C40: AJIT KURMI | D40: GHALIB AYUBI | G40: =IFERROR(F40/E40,0) -> 0 | H40: =COUNTIFS(DLRWISE!S:S,"DEGROWTH",DLRWISE!B:B,'SUMMARY-M'!B40) -> 9 | I40: =H40/L40 -> 0.3 | J40: =COUNTIFS(DLRWISE!Y:Y,"DEGROWTH",DLRWISE!B:B,'SUMMARY-M'!B40) -> 13 | K40: =J40/$L40 -> 0.43333333 | L40: =COUNTIFS(DLRWISE!B:B,'SUMMARY-M'!B40) -> 30 | M40: =COUNTIFS(DLRWISE!B:B,'SUMMARY-M'!B40,DLRWISE!H:H,DLRWISE!$H$2) -> 0 | N40: =COUNTIFS(DLRWISE!G:G,DLRWISE!$G$2,DLRWISE!B:B,'SUMMARY-M'!B40) -> 29 | O40: =COUNTIFS(DLRWISE!B:B,'SUMMARY-M'!B40,DLRWISE!K:K,"<="&0) -> 6 | P40: =O40/L40 -> 0.2 | Q40: =SUMIF(DLRWISE!B:B,'SUMMARY-M'!B40,DLRWISE!Z:Z) -> 2 | R40: =O40-Q40 -> 4 | S40: =COUNTIFS(DLRWISE!B:B,'SUMMARY-M'!B40,DLRWISE!K:K,0,DLRWISE!N:N,"<"&30) -> 5 | T40: =O40-S40 -> 1
B41: NE 2 TOTAL | E41: =SUM(E25:E40) -> 0 | F41: =SUM(F25:F40) -> 0 | G41: =F41/E41 -> #DIV/0! | H41: =SUM(H25:H40) -> 279 | I41: =H41/L41 -> 0.42465753 | J41: =SUM(J25:J40) -> 294 | K41: =J41/$L41 -> 0.44748858 | L41: =SUM(L25:L40) -> 657 | M41: =SUM(M25:M40) -> 0 | N41: =SUM(N25:N40) -> 608 | O41: =SUM(O25:O40) -> 90 | P41: =O41/L41 -> 0.1369863 | Q41: =SUM(Q25:Q40) -> 76 | R41: =O41-Q41 -> 14 | S41: =SUM(S25:S40) -> 83 | T41: =O41-S41 -> 7
B42: NE TOTAL | E42: =E41+E24 -> 0 | F42: =F41+F24 -> 0 | G42: =F42/E42 -> #DIV/0! | H42: =H41+H24 -> 527 | I42: =H42/L42 -> 0.41627172 | J42: =J41+J24 -> 553 | K42: =J42/$L42 -> 0.43680885 | L42: =L41+L24 -> 1266 | M42: =M41+M24 -> 0 | N42: =N41+N24 -> 1173 | O42: =O41+O24 -> 190 | P42: =O42/L42 -> 0.15007899 | Q42: =Q41+Q24 -> 139 | R42: =O42-Q42 -> 51 | S42: =S41+S24 -> 157 | T42: =O42-S42 -> 33
B43: COOCH BEHAR | C43: VACANT ASM COOCH BEHAR | D43: RITICK CHATTERJEE | G43: =IFERROR(F43/E43,0) -> 0 | H43: =COUNTIFS(DLRWISE!S:S,"DEGROWTH",DLRWISE!B:B,'SUMMARY-M'!B43) -> 13 | I43: =H43/L43 -> 0.36111111 | J43: =COUNTIFS(DLRWISE!Y:Y,"DEGROWTH",DLRWISE!B:B,'SUMMARY-M'!B43) -> 25 | K43: =J43/$L43 -> 0.69444444 | L43: =COUNTIFS(DLRWISE!B:B,'SUMMARY-M'!B43) -> 36 | M43: =COUNTIFS(DLRWISE!B:B,'SUMMARY-M'!B43,DLRWISE!H:H,DLRWISE!$H$2) -> 0 | N43: =COUNTIFS(DLRWISE!G:G,DLRWISE!$G$2,DLRWISE!B:B,'SUMMARY-M'!B43) -> 33 | O43: =COUNTIFS(DLRWISE!B:B,'SUMMARY-M'!B43,DLRWISE!K:K,"<="&0) -> 2 | P43: =O43/L43 -> 0.055555556 | Q43: =SUMIF(DLRWISE!B:B,'SUMMARY-M'!B43,DLRWISE!Z:Z) -> 3 | R43: =O43-Q43 -> -1 | S43: =COUNTIFS(DLRWISE!B:B,'SUMMARY-M'!B43,DLRWISE!K:K,0,DLRWISE!N:N,"<"&30) -> 2 | T43: =O43-S43 -> 0
B44: ALIPURDUAR | C44: ABHIJIT DAM | D44: RITICK CHATTERJEE | G44: =IFERROR(F44/E44,0) -> 0 | H44: =COUNTIFS(DLRWISE!S:S,"DEGROWTH",DLRWISE!B:B,'SUMMARY-M'!B44) -> 6 | I44: =H44/L44 -> 0.35294118 | J44: =COUNTIFS(DLRWISE!Y:Y,"DEGROWTH",DLRWISE!B:B,'SUMMARY-M'!B44) -> 6 | K44: =J44/$L44 -> 0.35294118 | L44: =COUNTIFS(DLRWISE!B:B,'SUMMARY-M'!B44) -> 17 | M44: =COUNTIFS(DLRWISE!B:B,'SUMMARY-M'!B44,DLRWISE!H:H,DLRWISE!$H$2) -> 0 | N44: =COUNTIFS(DLRWISE!G:G,DLRWISE!$G$2,DLRWISE!B:B,'SUMMARY-M'!B44) -> 15 | O44: =COUNTIFS(DLRWISE!B:B,'SUMMARY-M'!B44,DLRWISE!K:K,"<="&0) -> 2 | P44: =O44/L44 -> 0.11764706 | Q44: =SUMIF(DLRWISE!B:B,'SUMMARY-M'!B44,DLRWISE!Z:Z) -> 0 | R44: =O44-Q44 -> 2 | S44: =COUNTIFS(DLRWISE!B:B,'SUMMARY-M'!B44,DLRWISE!K:K,0,DLRWISE!N:N,"<"&30) -> 2 | T44: =O44-S44 -> 0
B45: JALPAIGURI | C45: SHYAMAL CHAKRABORTY | D45: RITICK CHATTERJEE | G45: =IFERROR(F45/E45,0) -> 0 | H45: =COUNTIFS(DLRWISE!S:S,"DEGROWTH",DLRWISE!B:B,'SUMMARY-M'!B45) -> 21 | I45: =H45/L45 -> 0.46666667 | J45: =COUNTIFS(DLRWISE!Y:Y,"DEGROWTH",DLRWISE!B:B,'SUMMARY-M'!B45) -> 29 | K45: =J45/$L45 -> 0.64444444 | L45: =COUNTIFS(DLRWISE!B:B,'SUMMARY-M'!B45) -> 45 | M45: =COUNTIFS(DLRWISE!B:B,'SUMMARY-M'!B45,DLRWISE!H:H,DLRWISE!$H$2) -> 0 | N45: =COUNTIFS(DLRWISE!G:G,DLRWISE!$G$2,DLRWISE!B:B,'SUMMARY-M'!B45) -> 41 | O45: =COUNTIFS(DLRWISE!B:B,'SUMMARY-M'!B45,DLRWISE!K:K,"<="&0) -> 6 | P45: =O45/L45 -> 0.13333333 | Q45: =SUMIF(DLRWISE!B:B,'SUMMARY-M'!B45,DLRWISE!Z:Z) -> 8 | R45: =O45-Q45 -> -2 | S45: =COUNTIFS(DLRWISE!B:B,'SUMMARY-M'!B45,DLRWISE!K:K,0,DLRWISE!N:N,"<"&30) -> 5 | T45: =O45-S45 -> 1
B46: DARJEELING HILLS | C46: ARINDAM SAMADAR | D46: RITICK CHATTERJEE | G46: =IFERROR(F46/E46,0) -> 0 | H46: =COUNTIFS(DLRWISE!S:S,"DEGROWTH",DLRWISE!B:B,'SUMMARY-M'!B46) -> 7 | I46: =H46/L46 -> 0.46666667 | J46: =COUNTIFS(DLRWISE!Y:Y,"DEGROWTH",DLRWISE!B:B,'SUMMARY-M'!B46) -> 5 | K46: =J46/$L46 -> 0.33333333 | L46: =COUNTIFS(DLRWISE!B:B,'SUMMARY-M'!B46) -> 15 | M46: =COUNTIFS(DLRWISE!B:B,'SUMMARY-M'!B46,DLRWISE!H:H,DLRWISE!$H$2) -> 0 | N46: =COUNTIFS(DLRWISE!G:G,DLRWISE!$G$2,DLRWISE!B:B,'SUMMARY-M'!B46) -> 15 | O46: =COUNTIFS(DLRWISE!B:B,'SUMMARY-M'!B46,DLRWISE!K:K,"<="&0) -> 1 | P46: =O46/L46 -> 0.066666667 | Q46: =SUMIF(DLRWISE!B:B,'SUMMARY-M'!B46,DLRWISE!Z:Z) -> 0 | R46: =O46-Q46 -> 1 | S46: =COUNTIFS(DLRWISE!B:B,'SUMMARY-M'!B46,DLRWISE!K:K,0,DLRWISE!N:N,"<"&30) -> 0 | T46: =O46-S46 -> 1
B47: DARJEELING PLAINS | C47: ARINDAM SAMADAR | D47: RITICK CHATTERJEE | G47: =IFERROR(F47/E47,0) -> 0 | H47: =COUNTIFS(DLRWISE!S:S,"DEGROWTH",DLRWISE!B:B,'SUMMARY-M'!B47) -> 4 | I47: =H47/L47 -> 0.36363636 | J47: =COUNTIFS(DLRWISE!Y:Y,"DEGROWTH",DLRWISE!B:B,'SUMMARY-M'!B47) -> 3 | K47: =J47/$L47 -> 0.27272727 | L47: =COUNTIFS(DLRWISE!B:B,'SUMMARY-M'!B47) -> 11 | M47: =COUNTIFS(DLRWISE!B:B,'SUMMARY-M'!B47,DLRWISE!H:H,DLRWISE!$H$2) -> 0 | N47: =COUNTIFS(DLRWISE!G:G,DLRWISE!$G$2,DLRWISE!B:B,'SUMMARY-M'!B47) -> 11 | O47: =COUNTIFS(DLRWISE!B:B,'SUMMARY-M'!B47,DLRWISE!K:K,"<="&0) -> 0 | P47: =O47/L47 -> 0 | Q47: =SUMIF(DLRWISE!B:B,'SUMMARY-M'!B47,DLRWISE!Z:Z) -> 1 | R47: =O47-Q47 -> -1 | S47: =COUNTIFS(DLRWISE!B:B,'SUMMARY-M'!B47,DLRWISE!K:K,0,DLRWISE!N:N,"<"&30) -> 0 | T47: =O47-S47 -> 0
B48: SIKKIM | C48: DEBABRATA GHOSH | D48: RITICK CHATTERJEE | G48: =IFERROR(F48/E48,0) -> 0 | H48: =COUNTIFS(DLRWISE!S:S,"DEGROWTH",DLRWISE!B:B,'SUMMARY-M'!B48) -> 12 | I48: =H48/L48 -> 0.54545455 | J48: =COUNTIFS(DLRWISE!Y:Y,"DEGROWTH",DLRWISE!B:B,'SUMMARY-M'!B48) -> 5 | K48: =J48/$L48 -> 0.22727273 | L48: =COUNTIFS(DLRWISE!B:B,'SUMMARY-M'!B48) -> 22 | M48: =COUNTIFS(DLRWISE!B:B,'SUMMARY-M'!B48,DLRWISE!H:H,DLRWISE!$H$2) -> 0 | N48: =COUNTIFS(DLRWISE!G:G,DLRWISE!$G$2,DLRWISE!B:B,'SUMMARY-M'!B48) -> 22 | O48: =COUNTIFS(DLRWISE!B:B,'SUMMARY-M'!B48,DLRWISE!K:K,"<="&0) -> 6 | P48: =O48/L48 -> 0.27272727 | Q48: =SUMIF(DLRWISE!B:B,'SUMMARY-M'!B48,DLRWISE!Z:Z) -> 0 | R48: =O48-Q48 -> 6 | S48: =COUNTIFS(DLRWISE!B:B,'SUMMARY-M'!B48,DLRWISE!K:K,0,DLRWISE!N:N,"<"&30) -> 6 | T48: =O48-S48 -> 0
B49: NB 1 TOTAL | E49: =SUM(E43:E48) -> 0 | F49: =SUM(F43:F48) -> 0 | G49: =F49/E49 -> #DIV/0! | H49: =SUM(H43:H48) -> 63 | I49: =H49/L49 -> 0.43150685 | J49: =SUM(J43:J48) -> 73 | K49: =J49/$L49 -> 0.5 | L49: =SUM(L43:L48) -> 146 | M49: =SUM(M43:M48) -> 0 | N49: =SUM(N43:N48) -> 137 | O49: =SUM(O43:O48) -> 17 | P49: =O49/L49 -> 0.11643836 | Q49: =SUM(Q43:Q48) -> 12 | R49: =O49-Q49 -> 5 | S49: =SUM(S43:S48) -> 15 | T49: =O49-S49 -> 2
B50: UTTAR DINAJPUR | C50: PRAKRITISH SIKDER | D50: - | G50: =IFERROR(F50/E50,0) -> 0 | H50: =COUNTIFS(DLRWISE!S:S,"DEGROWTH",DLRWISE!B:B,'SUMMARY-M'!B50) -> 18 | I50: =H50/L50 -> 0.33962264 | J50: =COUNTIFS(DLRWISE!Y:Y,"DEGROWTH",DLRWISE!B:B,'SUMMARY-M'!B50) -> 13 | K50: =J50/$L50 -> 0.24528302 | L50: =COUNTIFS(DLRWISE!B:B,'SUMMARY-M'!B50) -> 53 | M50: =COUNTIFS(DLRWISE!B:B,'SUMMARY-M'!B50,DLRWISE!H:H,DLRWISE!$H$2) -> 0 | N50: =COUNTIFS(DLRWISE!G:G,DLRWISE!$G$2,DLRWISE!B:B,'SUMMARY-M'!B50) -> 50 | O50: =COUNTIFS(DLRWISE!B:B,'SUMMARY-M'!B50,DLRWISE!K:K,"<="&0) -> 11 | P50: =O50/L50 -> 0.20754717 | Q50: =SUMIF(DLRWISE!B:B,'SUMMARY-M'!B50,DLRWISE!Z:Z) -> 4 | R50: =O50-Q50 -> 7 | S50: =COUNTIFS(DLRWISE!B:B,'SUMMARY-M'!B50,DLRWISE!K:K,0,DLRWISE!N:N,"<"&30) -> 10 | T50: =O50-S50 -> 1
B51: DAKSHIN DINAJPUR | C51: AMRITO NEOGE | D51: - | G51: =IFERROR(F51/E51,0) -> 0 | H51: =COUNTIFS(DLRWISE!S:S,"DEGROWTH",DLRWISE!B:B,'SUMMARY-M'!B51) -> 5 | I51: =H51/L51 -> 0.33333333 | J51: =COUNTIFS(DLRWISE!Y:Y,"DEGROWTH",DLRWISE!B:B,'SUMMARY-M'!B51) -> 7 | K51: =J51/$L51 -> 0.46666667 | L51: =COUNTIFS(DLRWISE!B:B,'SUMMARY-M'!B51) -> 15 | M51: =COUNTIFS(DLRWISE!B:B,'SUMMARY-M'!B51,DLRWISE!H:H,DLRWISE!$H$2) -> 0 | N51: =COUNTIFS(DLRWISE!G:G,DLRWISE!$G$2,DLRWISE!B:B,'SUMMARY-M'!B51) -> 15 | O51: =COUNTIFS(DLRWISE!B:B,'SUMMARY-M'!B51,DLRWISE!K:K,"<="&0) -> 3 | P51: =O51/L51 -> 0.2 | Q51: =SUMIF(DLRWISE!B:B,'SUMMARY-M'!B51,DLRWISE!Z:Z) -> 1 | R51: =O51-Q51 -> 2 | S51: =COUNTIFS(DLRWISE!B:B,'SUMMARY-M'!B51,DLRWISE!K:K,0,DLRWISE!N:N,"<"&30) -> 3 | T51: =O51-S51 -> 0
B52: MALDA | C52: AMRITO NEOGE | D52: - | G52: =IFERROR(F52/E52,0) -> 0 | H52: =COUNTIFS(DLRWISE!S:S,"DEGROWTH",DLRWISE!B:B,'SUMMARY-M'!B52) -> 6 | I52: =H52/L52 -> 0.27272727 | J52: =COUNTIFS(DLRWISE!Y:Y,"DEGROWTH",DLRWISE!B:B,'SUMMARY-M'!B52) -> 7 | K52: =J52/$L52 -> 0.31818182 | L52: =COUNTIFS(DLRWISE!B:B,'SUMMARY-M'!B52) -> 22 | M52: =COUNTIFS(DLRWISE!B:B,'SUMMARY-M'!B52,DLRWISE!H:H,DLRWISE!$H$2) -> 0 | N52: =COUNTIFS(DLRWISE!G:G,DLRWISE!$G$2,DLRWISE!B:B,'SUMMARY-M'!B52) -> 19 | O52: =COUNTIFS(DLRWISE!B:B,'SUMMARY-M'!B52,DLRWISE!K:K,"<="&0) -> 3 | P52: =O52/L52 -> 0.13636364 | Q52: =SUMIF(DLRWISE!B:B,'SUMMARY-M'!B52,DLRWISE!Z:Z) -> 1 | R52: =O52-Q52 -> 2 | S52: =COUNTIFS(DLRWISE!B:B,'SUMMARY-M'!B52,DLRWISE!K:K,0,DLRWISE!N:N,"<"&30) -> 3 | T52: =O52-S52 -> 0
B53: NB 2 TOTAL | E53: =SUM(E50:E52) -> 0 | F53: =SUM(F50:F52) -> 0 | G53: =F53/E53 -> #DIV/0! | H53: =SUM(H50:H52) -> 29 | I53: =H53/L53 -> 0.32222222 | J53: =SUM(J50:J52) -> 27 | K53: =J53/$L53 -> 0.3 | L53: =SUM(L50:L52) -> 90 | M53: =SUM(M50:M52) -> 0 | N53: =SUM(N50:N52) -> 84 | O53: =SUM(O50:O52) -> 17 | P53: =O53/L53 -> 0.18888889 | Q53: =SUM(Q50:Q52) -> 6 | R53: =O53-Q53 -> 11 | S53: =SUM(S50:S52) -> 16 | T53: =O53-S53 -> 1
B54: WB TOTAL | E54: =E53+E49 -> 0 | F54: =F53+F49 -> 0 | G54: =F54/E54 -> #DIV/0! | H54: =H53+H49 -> 92 | I54: =H54/L54 -> 0.38983051 | J54: =J53+J49 -> 100 | K54: =J54/$L54 -> 0.42372881 | L54: =L53+L49 -> 236 | M54: =M53+M49 -> 0 | N54: =N53+N49 -> 221 | O54: =O53+O49 -> 34 | P54: =O54/L54 -> 0.1440678 | Q54: =Q53+Q49 -> 18 | R54: =O54-Q54 -> 16 | S54: =S53+S49 -> 31 | T54: =O54-S54 -> 3
B55: KISHANGANJ | C55: SHASHI MISHRA | D55: SUBHANKAR BASH | G55: =IFERROR(F55/E55,0) -> 0 | H55: =COUNTIFS(DLRWISE!S:S,"DEGROWTH",DLRWISE!B:B,'SUMMARY-M'!B55) -> 21 | I55: =H55/L55 -> 0.46666667 | J55: =COUNTIFS(DLRWISE!Y:Y,"DEGROWTH",DLRWISE!B:B,'SUMMARY-M'!B55) -> 19 | K55: =J55/$L55 -> 0.42222222 | L55: =COUNTIFS(DLRWISE!B:B,'SUMMARY-M'!B55) -> 45 | M55: =COUNTIFS(DLRWISE!B:B,'SUMMARY-M'!B55,DLRWISE!H:H,DLRWISE!$H$2) -> 0 | N55: =COUNTIFS(DLRWISE!G:G,DLRWISE!$G$2,DLRWISE!B:B,'SUMMARY-M'!B55) -> 44 | O55: =COUNTIFS(DLRWISE!B:B,'SUMMARY-M'!B55,DLRWISE!K:K,"<="&0) -> 5 | P55: =O55/L55 -> 0.11111111 | Q55: =SUMIF(DLRWISE!B:B,'SUMMARY-M'!B55,DLRWISE!Z:Z) -> 4 | R55: =O55-Q55 -> 1 | S55: =COUNTIFS(DLRWISE!B:B,'SUMMARY-M'!B55,DLRWISE!K:K,0,DLRWISE!N:N,"<"&30) -> 3 | T55: =O55-S55 -> 2
B56: KATIHAR | C56: DEEPAK KUMAR | D56: SUBHANKAR BASH | G56: =IFERROR(F56/E56,0) -> 0 | H56: =COUNTIFS(DLRWISE!S:S,"DEGROWTH",DLRWISE!B:B,'SUMMARY-M'!B56) -> 9 | I56: =H56/L56 -> 0.34615385 | J56: =COUNTIFS(DLRWISE!Y:Y,"DEGROWTH",DLRWISE!B:B,'SUMMARY-M'!B56) -> 4 | K56: =J56/$L56 -> 0.15384615 | L56: =COUNTIFS(DLRWISE!B:B,'SUMMARY-M'!B56) -> 26 | M56: =COUNTIFS(DLRWISE!B:B,'SUMMARY-M'!B56,DLRWISE!H:H,DLRWISE!$H$2) -> 0 | N56: =COUNTIFS(DLRWISE!G:G,DLRWISE!$G$2,DLRWISE!B:B,'SUMMARY-M'!B56) -> 25 | O56: =COUNTIFS(DLRWISE!B:B,'SUMMARY-M'!B56,DLRWISE!K:K,"<="&0) -> 5 | P56: =O56/L56 -> 0.19230769 | Q56: =SUMIF(DLRWISE!B:B,'SUMMARY-M'!B56,DLRWISE!Z:Z) -> 3 | R56: =O56-Q56 -> 2 | S56: =COUNTIFS(DLRWISE!B:B,'SUMMARY-M'!B56,DLRWISE!K:K,0,DLRWISE!N:N,"<"&30) -> 4 | T56: =O56-S56 -> 1
B57: PURNIA | C57: DEEPAK KUMAR | D57: SUBHANKAR BASH | G57: =IFERROR(F57/E57,0) -> 0 | H57: =COUNTIFS(DLRWISE!S:S,"DEGROWTH",DLRWISE!B:B,'SUMMARY-M'!B57) -> 7 | I57: =H57/L57 -> 0.30434783 | J57: =COUNTIFS(DLRWISE!Y:Y,"DEGROWTH",DLRWISE!B:B,'SUMMARY-M'!B57) -> 8 | K57: =J57/$L57 -> 0.34782609 | L57: =COUNTIFS(DLRWISE!B:B,'SUMMARY-M'!B57) -> 23 | M57: =COUNTIFS(DLRWISE!B:B,'SUMMARY-M'!B57,DLRWISE!H:H,DLRWISE!$H$2) -> 0 | N57: =COUNTIFS(DLRWISE!G:G,DLRWISE!$G$2,DLRWISE!B:B,'SUMMARY-M'!B57) -> 21 | O57: =COUNTIFS(DLRWISE!B:B,'SUMMARY-M'!B57,DLRWISE!K:K,"<="&0) -> 4 | P57: =O57/L57 -> 0.17391304 | Q57: =SUMIF(DLRWISE!B:B,'SUMMARY-M'!B57,DLRWISE!Z:Z) -> 1 | R57: =O57-Q57 -> 3 | S57: =COUNTIFS(DLRWISE!B:B,'SUMMARY-M'!B57,DLRWISE!K:K,0,DLRWISE!N:N,"<"&30) -> 4 | T57: =O57-S57 -> 0
B58: BH 1 TOTAL | E58: =SUM(E55:E57) -> 0 | F58: =SUM(F55:F57) -> 0 | G58: =F58/E58 -> #DIV/0! | H58: =SUM(H55:H57) -> 37 | I58: =H58/L58 -> 0.39361702 | J58: =SUM(J55:J57) -> 31 | K58: =J58/$L58 -> 0.32978723 | L58: =SUM(L55:L57) -> 94 | M58: =SUM(M55:M57) -> 0 | N58: =SUM(N55:N57) -> 90 | O58: =SUM(O55:O57) -> 14 | P58: =O58/L58 -> 0.14893617 | Q58: =SUM(Q55:Q57) -> 8 | R58: =O58-Q58 -> 6 | S58: =SUM(S55:S57) -> 11 | T58: =O58-S58 -> 3
B59: SAHARSA | C59: AMRIT AKASH | D59: SUBHANKAR BASH | G59: =IFERROR(F59/E59,0) -> 0 | H59: =COUNTIFS(DLRWISE!S:S,"DEGROWTH",DLRWISE!B:B,'SUMMARY-M'!B59) -> 2 | I59: =H59/L59 -> 0.125 | J59: =COUNTIFS(DLRWISE!Y:Y,"DEGROWTH",DLRWISE!B:B,'SUMMARY-M'!B59) -> 3 | K59: =J59/$L59 -> 0.1875 | L59: =COUNTIFS(DLRWISE!B:B,'SUMMARY-M'!B59) -> 16 | M59: =COUNTIFS(DLRWISE!B:B,'SUMMARY-M'!B59,DLRWISE!H:H,DLRWISE!$H$2) -> 0 | N59: =COUNTIFS(DLRWISE!G:G,DLRWISE!$G$2,DLRWISE!B:B,'SUMMARY-M'!B59) -> 16 | O59: =COUNTIFS(DLRWISE!B:B,'SUMMARY-M'!B59,DLRWISE!K:K,"<="&0) -> 4 | P59: =O59/L59 -> 0.25 | Q59: =SUMIF(DLRWISE!B:B,'SUMMARY-M'!B59,DLRWISE!Z:Z) -> 3 | R59: =O59-Q59 -> 1 | S59: =COUNTIFS(DLRWISE!B:B,'SUMMARY-M'!B59,DLRWISE!K:K,0,DLRWISE!N:N,"<"&30) -> 4 | T59: =O59-S59 -> 0
B60: SUPAUL & MADHEPURA | C60: AMRIT AKASH | D60: SUBHANKAR BASH | G60: =IFERROR(F60/E60,0) -> 0 | H60: =COUNTIFS(DLRWISE!S:S,"DEGROWTH",DLRWISE!B:B,'SUMMARY-M'!B60) -> 4 | I60: =H60/L60 -> 0.33333333 | J60: =COUNTIFS(DLRWISE!Y:Y,"DEGROWTH",DLRWISE!B:B,'SUMMARY-M'!B60) -> 5 | K60: =J60/$L60 -> 0.41666667 | L60: =COUNTIFS(DLRWISE!B:B,'SUMMARY-M'!B60) -> 12 | M60: =COUNTIFS(DLRWISE!B:B,'SUMMARY-M'!B60,DLRWISE!H:H,DLRWISE!$H$2) -> 0 | N60: =COUNTIFS(DLRWISE!G:G,DLRWISE!$G$2,DLRWISE!B:B,'SUMMARY-M'!B60) -> 11 | O60: =COUNTIFS(DLRWISE!B:B,'SUMMARY-M'!B60,DLRWISE!K:K,"<="&0) -> 4 | P60: =O60/L60 -> 0.33333333 | Q60: =SUMIF(DLRWISE!B:B,'SUMMARY-M'!B60,DLRWISE!Z:Z) -> 2 | R60: =O60-Q60 -> 2 | S60: =COUNTIFS(DLRWISE!B:B,'SUMMARY-M'!B60,DLRWISE!K:K,0,DLRWISE!N:N,"<"&30) -> 3 | T60: =O60-S60 -> 1
B61: BHAGALPUR | C61: CHANDESHWAR TIWARI | D61: SUBHANKAR BASH | G61: =IFERROR(F61/E61,0) -> 0 | H61: =COUNTIFS(DLRWISE!S:S,"DEGROWTH",DLRWISE!B:B,'SUMMARY-M'!B61) -> 12 | I61: =H61/L61 -> 0.6 | J61: =COUNTIFS(DLRWISE!Y:Y,"DEGROWTH",DLRWISE!B:B,'SUMMARY-M'!B61) -> 7 | K61: =J61/$L61 -> 0.35 | L61: =COUNTIFS(DLRWISE!B:B,'SUMMARY-M'!B61) -> 20 | M61: =COUNTIFS(DLRWISE!B:B,'SUMMARY-M'!B61,DLRWISE!H:H,DLRWISE!$H$2) -> 0 | N61: =COUNTIFS(DLRWISE!G:G,DLRWISE!$G$2,DLRWISE!B:B,'SUMMARY-M'!B61) -> 19 | O61: =COUNTIFS(DLRWISE!B:B,'SUMMARY-M'!B61,DLRWISE!K:K,"<="&0) -> 4 | P61: =O61/L61 -> 0.2 | Q61: =SUMIF(DLRWISE!B:B,'SUMMARY-M'!B61,DLRWISE!Z:Z) -> 5 | R61: =O61-Q61 -> -1 | S61: =COUNTIFS(DLRWISE!B:B,'SUMMARY-M'!B61,DLRWISE!K:K,0,DLRWISE!N:N,"<"&30) -> 4 | T61: =O61-S61 -> 0
B62: BEGUSARAI | C62: BISHAL ARUN | D62: SUBHANKAR BASH | G62: =IFERROR(F62/E62,0) -> 0 | H62: =COUNTIFS(DLRWISE!S:S,"DEGROWTH",DLRWISE!B:B,'SUMMARY-M'!B62) -> 15 | I62: =H62/L62 -> 0.45454545 | J62: =COUNTIFS(DLRWISE!Y:Y,"DEGROWTH",DLRWISE!B:B,'SUMMARY-M'!B62) -> 13 | K62: =J62/$L62 -> 0.39393939 | L62: =COUNTIFS(DLRWISE!B:B,'SUMMARY-M'!B62) -> 33 | M62: =COUNTIFS(DLRWISE!B:B,'SUMMARY-M'!B62,DLRWISE!H:H,DLRWISE!$H$2) -> 0 | N62: =COUNTIFS(DLRWISE!G:G,DLRWISE!$G$2,DLRWISE!B:B,'SUMMARY-M'!B62) -> 28 | O62: =COUNTIFS(DLRWISE!B:B,'SUMMARY-M'!B62,DLRWISE!K:K,"<="&0) -> 13 | P62: =O62/L62 -> 0.39393939 | Q62: =SUMIF(DLRWISE!B:B,'SUMMARY-M'!B62,DLRWISE!Z:Z) -> 3 | R62: =O62-Q62 -> 10 | S62: =COUNTIFS(DLRWISE!B:B,'SUMMARY-M'!B62,DLRWISE!K:K,0,DLRWISE!N:N,"<"&30) -> 11 | T62: =O62-S62 -> 2
B63: MUZAFFARPUR | C63: SANJAY DUTTA | D63: SUBHANKAR BASH | G63: =IFERROR(F63/E63,0) -> 0 | H63: =COUNTIFS(DLRWISE!S:S,"DEGROWTH",DLRWISE!B:B,'SUMMARY-M'!B63) -> 11 | I63: =H63/L63 -> 0.39285714 | J63: =COUNTIFS(DLRWISE!Y:Y,"DEGROWTH",DLRWISE!B:B,'SUMMARY-M'!B63) -> 10 | K63: =J63/$L63 -> 0.35714286 | L63: =COUNTIFS(DLRWISE!B:B,'SUMMARY-M'!B63) -> 28 | M63: =COUNTIFS(DLRWISE!B:B,'SUMMARY-M'!B63,DLRWISE!H:H,DLRWISE!$H$2) -> 0 | N63: =COUNTIFS(DLRWISE!G:G,DLRWISE!$G$2,DLRWISE!B:B,'SUMMARY-M'!B63) -> 27 | O63: =COUNTIFS(DLRWISE!B:B,'SUMMARY-M'!B63,DLRWISE!K:K,"<="&0) -> 6 | P63: =O63/L63 -> 0.21428571 | Q63: =SUMIF(DLRWISE!B:B,'SUMMARY-M'!B63,DLRWISE!Z:Z) -> 10 | R63: =O63-Q63 -> -4 | S63: =COUNTIFS(DLRWISE!B:B,'SUMMARY-M'!B63,DLRWISE!K:K,0,DLRWISE!N:N,"<"&30) -> 6 | T63: =O63-S63 -> 0
B64: BH 2 TOTAL | E64: =SUM(E59:E63) -> 0 | F64: =SUM(F59:F63) -> 0 | G64: =F64/E64 -> #DIV/0! | H64: =SUM(H59:H63) -> 44 | I64: =H64/L64 -> 0.40366972 | J64: =SUM(J59:J63) -> 38 | K64: =J64/$L64 -> 0.34862385 | L64: =SUM(L59:L63) -> 109 | M64: =SUM(M59:M63) -> 0 | N64: =SUM(N59:N63) -> 101 | O64: =SUM(O59:O63) -> 31 | P64: =O64/L64 -> 0.28440367 | Q64: =SUM(Q59:Q63) -> 23 | R64: =O64-Q64 -> 8 | S64: =SUM(S59:S63) -> 28 | T64: =O64-S64 -> 3
B65: BH TOTAL | E65: =E64+E58 -> 0 | F65: =F64+F58 -> 0 | G65: =F65/E65 -> #DIV/0! | H65: =H64+H58 -> 81 | I65: =H65/L65 -> 0.39901478 | J65: =J64+J58 -> 69 | K65: =J65/$L65 -> 0.33990148 | L65: =L64+L58 -> 203 | M65: =M64+M58 -> 0 | N65: =N64+N58 -> 191 | O65: =O64+O58 -> 45 | P65: =O65/L65 -> 0.22167488 | Q65: =Q64+Q58 -> 31 | R65: =O65-Q65 -> 14 | S65: =S64+S58 -> 39 | T65: =O65-S65 -> 6
B66: ROE TOTAL | E66: =E65+E54 -> 0 | F66: =F65+F54 -> 0 | G66: =F66/E66 -> #DIV/0! | H66: =H65+H54 -> 173 | I66: =H66/L66 -> 0.39407745 | J66: =J65+J54 -> 169 | K66: =J66/$L66 -> 0.38496583 | L66: =L65+L54 -> 439 | M66: =M65+M54 -> 0 | N66: =N65+N54 -> 412 | O66: =O65+O54 -> 79 | P66: =O66/L66 -> 0.17995444 | Q66: =Q65+Q54 -> 49 | R66: =O66-Q66 -> 30 | S66: =S65+S54 -> 70 | T66: =O66-S66 -> 9
B67: GRAND TOTAL | E67: =E66+E42 -> 0 | F67: =F66+F42 -> 0 | G67: =F67/E67 -> #DIV/0! | H67: =H66+H42 -> 700 | I67: =H67/L67 -> 0.41055718 | J67: =J66+J42 -> 722 | K67: =J67/$L67 -> 0.42346041 | L67: =L66+L42 -> 1705 | M67: =M66+M42 -> 0 | N67: =N66+N42 -> 1585 | O67: =O66+O42 -> 269 | P67: =O67/L67 -> 0.15777126 | Q67: =Q66+Q42 -> 188 | R67: =O67-Q67 -> 81 | S67: =S66+S42 -> 227 | T67: =O67-S67 -> 42

Sheet Sheet1
A3: REGION | B3: Count of REGION
A4: BH | B4: 151
A5: NB 1 | B5: 120
A6: NB 2 | B6: 65
A7: NE 1 | B7: 448
A8: NE 2 | B8: 541
A9: Total Result | B9: 1325

Sheet Sheet3
A3: REGION | B3: (empty)
A4: BH
A5: NB 1
A6: NB 2
A7: NE 1
A8: NE 2
A9: Total Result

Sheet Sheet5
A3: REGION | B3: Count of DEALERS NAME
A4: BH | B4: 162
A5: NB 1 | B5: 124
A6: NB 2 | B6: 66
A7: NE 1 | B7: 477
A8: NE 2 | B8: 556
A9: Total Result | B9: 1385

Sheet Sheet8
A3: Count of REGION
A4: REGION | B4: AREA | C4: Total
A5: BH | B5: BEGUSARAI | C5: 35
A6: BH | B6: BHAGALPUR | C6: 23
A7: BH | B7: KARIMGANJ | C7: 1
A8: BH | B8: KATIHAR | C8: 26
A9: BH | B9: KISHANGANJ | C9: 46
A10: BH | B10: MUZAFFARPUR | C10: 29
A11: BH | B11: PURNIA | C11: 23
A12: BH | B12: SAHARSA | C12: 15
A13: BH | B13: Supaul & Madhepura | C13: 13
A14: NB 1 | B14: ALIPURDUAR | C14: 18
A15: NB 1 | B15: Cooch Behar | C15: 36
A16: NB 1 | B16: DARJEELING HILLS | C16: 16
... A60: NE 2 | B60: UDAIPUR | C60: 39
A61: Grand Total | C61: 1728

Sheet Sheet9
C3: Data | F3: REGION | G3: Count of REGION
B4: REGION | C4: Count of REGION | D4: Sum of asad | F4: BH | G4: 186
B5: BH | C5: 56 | D5: 0 | F5: NB 1 | G5: 139
B6: NB 1 | C6: 18 | D6: 0 | F6: NB 2 | G6: 79
B7: NB 2 | C7: 18 | D7: 0 | F7: NE 1 | G7: 568
B8: NE 1 | C8: 85 | D8: 0 | F8: NE 2 | G8: 629
B9: NE 2 | C9: 57 | D9: 0 | F9: Total Result | G9: 1601
B10: Total Result | C10: 234 | D10: 0

Sheet DLRWISE (4)
E1: 0 | F1: =TODAY()-5 -> 46269 | G1: 28 | H1: =SUBTOTAL(9,H3:H241) -> 0
A2: REGION | B2: AREA | C2: CODE | D2: SAP | E2: DEALERS NAME | F2: DOA | G2: Prorata Tgt | H2: 46081 | I2: ZERO | J2: REGION | K2: REGION | L2: asad
A3: NE 1 | B3: HOJAI | C3: S019 | D3: 1000000671 | E3: SANDHYA HARDWARE STORES | F3: 38390 | G3: =#REF!/$G$1*($G$1-$E$1) -> #REF! | H3: 0 | I3: 0 | K3: NE 1 | L3: 0
A4: NE 1 | B4: KARBIANGLONG | C4: NEU018 | D4: 1000000675 | E4: UNITED HARDWARE (MANJA) | F4: 42842 | G4: =#REF!/$G$1*($G$1-$E$1) -> #REF! | H4: 0 | I4: 0 | K4: NE 1 | L4: 0
A5: NE 1 | B5: NAGAON | C5: NEM194 | D5: 1000000659 | E5: MUSTAKIM HARDWARE | F5: 43258 | G5: =#REF!/$G$1*($G$1-$E$1) -> #REF! | H5: 0 | I5: 0 | K5: NE 1 | L5: 0
A6: NE 1 | B6: KARBIANGLONG | C6: NER243 | D6: 1000002728 | E6: RAJESH HARDWARE SHOP-HOJAI | F6: 44671 | G6: =#REF!/$G$1*($G$1-$E$1) -> #REF! | H6: 0 | I6: 0 | K6: NE 1 | L6: 0
A7: NE 1 | B7: HOJAI | C7: NEA371 | D7: 1000003243 | E7: ASHOK KEJARIWAL | F7: 44937 | G7: =#REF!/$G$1*($G$1-$E$1) -> #REF! | H7: 0 | I7: 0 | K7: NE 1 | L7: 0
A8: NE 1 | B8: HOJAI | C8: NEH150 | D8: 1000003823 | E8: HILLS HARDWARE & GLASS | F8: 45310 | G8: =#REF!/$G$1*($G$1-$E$1) -> #REF! | H8: 0 | I8: 0 | K8: NE 1 | L8: 0
A9: NE 1 | B9: HOJAI | C9: NEM428 | D9: 1000003948 | E9: MMR HARDWARE STORE | F9: 45422 | G9: =#REF!/$G$1*($G$1-$E$1) -> #REF! | H9: 0 | I9: 0 | K9: NE 1 | L9: 0
A10: NE 1 | B10: LAKHIMPUR | C10: NEB051 | D10: 1000000447 | E10: BALAJI STORE (LAKHIMPUR) | F10: 42510 | G10: =#REF!/$G$1*($G$1-$E$1) -> #REF! | H10: 0 | I10: 0 | K10: NE 1 | L10: 0
A11: NE 1 | B11: LAKHIMPUR | C11: NES674 | D11: 1000003643 | E11: JALAN STEEL | F11: 45126 | G11: =#REF!/$G$1*($G$1-$E$1) -> #REF! | H11: 0 | I11: 1 | K11: NE 1 | L11: 0
A12: NE 1 | B12: DHEMAJI | C12: NEN32 | D12: 1000003971 | E12: NEW MINA HARDWARE | F12: 45439 | G12: =#REF!/$G$1*($G$1-$E$1) -> #REF! | H12: 0 | I12: 0 | K12: NE 1 | L12: 0
A13: NE 1 | B13: AP- Banderdewa | C13: NEM172 | D13: 1000000074 | E13: MEGHA TRADE CENTRE | F13: 43171 | G13: =#REF!/$G$1*($G$1-$E$1) -> #REF! | H13: 0 | I13: 0 | K13: NE 1 | L13: 0
A14: NE 1 | B14: AP- Banderdewa | C14: NEM215 | D14: 1000000072 | E14: MAHESH TRADERS (AP) | F14: 43410 | G14: =#REF!/$G$1*($G$1-$E$1) -> #REF! | H14: 0 | I14: 0 | K14: NE 1 | L14: 0
... A164: NE 2 | B164: MIZORAM | C164: NEH138 | D164: 1000003442 | E164: HS ENTERPRISE | F164: 45008 | G164: =#REF!/$G$1*($G$1-$E$1) -> #REF! | H164: 0 | I164: 1 | K164: NE 2 | L164: 0
A165: NB 2 | B165: UTTAR DINAJPUR | C165: WBS345 | D165: 1000003824 | E165: SAHA & SONS - DALKHOLA | F165: 19.01.2024 | G165: =#REF!/$G$1*($G$1-$E$1) -> #REF! | H165: 0 | I165: 1 | K165: NB 2 | L165: 0
A166: NE 1 | B166: LAKHIMPUR | C166: NER351 | D166: 1000004285 | E166: R.D. ENTERPRISE | F166: 45736 | G166: =#REF!/$G$1*($G$1-$E$1) -> #REF! | H166: 0 | I166: 0 | K166: NE 1 | L166: 0
A167: NE 1 | B167: TINSUKIA | C167: NED263 | D167: 1000004293 | E167: DADAN PRASAD | F167: 45737 | G167: =#REF!/$G$1*($G$1-$E$1) -> #REF! | H167: 0 | I167: 0 | K167: NE 1 | L167: 0
A168: BH | B168: BEGUSARAI | C168: BHS262 | D168: 1000004271 | E168: SANJAY TRADERS - BELDOUR | F168: 45716 | G168: =#REF!/$G$1*($G$1-$E$1) -> #REF! | H168: 0 | I168: 0 | K168: BH | L168: 0
A169: BH | B169: SAHARSA | C169: BHS264 | D169: 1000004303 | E169: SARASWATI TRADERS | F169: 45741 | G169: =#REF!/$G$1*($G$1-$E$1) -> #REF! | H169: 0 | I169: 1 | K169: BH | L169: 0
A170: NB 2 | B170: DAKSHIN DINAJPUR | C170: WBS349 | D170: 1000004319 | E170: SARKAR TRADERS | F170: 44670 | G170: =#REF!/$G$1*($G$1-$E$1) -> #REF! | H170: 0 | I170: 1 | K170: NB 2 | L170: 0
A171: BH | B171: KATIHAR | C171: BHM125 | D171: 1000001982 | E171: MAA TRADING | F171: 44739 | G171: =#REF!/$G$1*($G$1-$E$1) -> #REF! | H171: 0 | I171: 0 | K171: BH | L171: 0
A172: NB 2 | B172: UTTAR DINAJPUR | C172: WBS350 | D172: 1000004320 | E172: S R ENTERPRISE | F172: 45768 | G172: =#REF!/$G$1*($G$1-$E$1) -> #REF! | H172: 0 | I172: 1 | K172: NB 2 | L172: 0
A173: NB 2 | B173: DAKSHIN DINAJPUR | C173: WBL041 | D173: 1000004332 | E173: LAHA ENTERPRISE - TAPAN | F173: 45772 | G173: =#REF!/$G$1*($G$1-$E$1) -> #REF! | H173: 0 | I173: 0 | K173: NB 2 | L173: 0
A174: NE 1 | B174: GOLAGHAT | C174: NEM471 | D174: 1000004336 | E174: MS BADANTA HAZARIKA | F174: 45776 | G174: =#REF!/$G$1*($G$1-$E$1) -> #REF! | H174: 0 | I174: 0 | K174: NE 1 | L174: 0
A175: NE 1 | B175: DHEMAJI | C175: NEK150 | D175: 1000000923 | E175: KAKA BHATIJA BHANDAR . NLP | F175: 44180 | G175: =#REF!/$G$1*($G$1-$E$1) -> #REF! | H175: 0 | I175: 0 | K175: NE 1 | L175: 0
A176: NE 1 | B176: NAGALAND | C176: NEG199 | D176: 1000004283 | E176: GEE BEE ENTERPRISE | F176: 45735 | G176: =#REF!/$G$1*($G$1-$E$1) -> #REF! | H176: 0 | I176: 0 | K176: NE 1 | L176: 0
A177: NB 2 | B177: MALDA | C177: WBM321 | D177: 1000004360 | E177: MASUD HARDWARE | F177: 45798 | G177: =#REF!/$G$1*($G$1-$E$1) -> #REF! | H177: 0 | I177: 0 | K177: NB 2 | L177: 0
... A198: NE 1 | B198: AP- Lekhabali | C198: NEN178 | D198: 1000000105 | E198: NEFA ENTERPRISES | F198: 44738 | G198: =#REF!/$G$1*($G$1-$E$1) -> #REF! | H198: 0 | I198: 0 | K198: NE 1 | L198: 0
A199: NE 1 | B199: AP- Lekhabali | C199: NET212 | D199: 1000004470 | E199: TADUK ENTERPRISES | F199: 45916 | G199: =#REF!/$G$1*($G$1-$E$1) -> #REF! | H199: 0 | K199: NE 1 | L199: 0
A200: BH | B200: BEGUSARAI | C200: BHP040 | D200: 1000002521 | E200: PRABHAT ENTERPRISES | F200: 44739 | G200: =#REF!/$G$1*($G$1-$E$1) -> #REF! | H200: 0 | K200: BH | L200: 0
A201: BH | B201: PURNIA | C201: BHJ062 | D201: 1000004461 | E201: JAY MAA KAMAKHYA ENTERPRISES | F201: 45920 | G201: =#REF!/$G$1*($G$1-$E$1) -> #REF! | H201: 0 | K201: BH | L201: 0
A202: NE 2 | B202: TURA HILLS | C202: NEN251 | D202: 1000004469 | E202: NAMBAT R MARAK | F202: 45915 | G202: =#REF!/$G$1*($G$1-$E$1) -> #REF! | H202: 0 | K202: NE 2 | L202: 0
A203: BH | B203: BEGUSARAI | C203: BHN035 | D203: 1000001984 | E203: NIKITA ENTERPRISES | F203: 44739 | G203: =#REF!/$G$1*($G$1-$E$1) -> #REF! | H203: 0 | K203: BH | L203: 0
A204: BH | B204: KISHANGANJ | C204: BHS270 | D204: 1000004499 | E204: SANAYA ENTERPRISES | F204: 45947 | G204: =#REF!/$G$1*($G$1-$E$1) -> #REF! | H204: 0 | K204: BH | L204: 0
A205: BH | B205: MUZAFFARPUR | C205: BHA103 | D205: 1000004286 | E205: ADITYA TRADERS - DEORIA | F205: 45737 | G205: =#REF!/$G$1*($G$1-$E$1) -> #REF! | H205: 0 | K205: BH | L205: 0
A206: NB 1 | B206: Cooch Behar | C206: S345 | D206: 1000001235 | E206: S.S.CONSTRUCTION | F206: 44739 | G206: =#REF!/$G$1*($G$1-$E$1) -> #REF! | H206: 0 | K206: NB 1 | L206: 0
A207: NE 1 | B207: GOLAGHAT | C207: NER233 | D207: 1000000840 | E207: R.P. STEEL . GOL | F207: 44738 | G207: =#REF!/$G$1*($G$1-$E$1) -> #REF! | H207: 0 | K207: NE 1 | L207: 0
A208: NE 1 | B208: HOJAI | C208: NEN255 | D208: 1000004495 | E208: M/S NOUFA HARDWARE | F208: 45936 | G208: =#REF!/$G$1*($G$1-$E$1) -> #REF! | H208: 0 | K208: NE 1 | L208: 0
A209: NE 1 | B209: JORHAT | C209: NEF045 | D209: 1000004500 | E209: M.S. ENTERPRISE | F209: 45948 | G209: =#REF!/$G$1*($G$1-$E$1) -> #REF! | H209: 0 | K209: NE 1 | L209: 0
A210: NE 1 | B210: NAGALAND | C210: NES653 | D210: 1000003494 | E210: SHANKAR STORES | F210: 45039 | G210: =#REF!/$G$1*($G$1-$E$1) -> #REF! | H210: 0 | K210: NE 1 | L210: 0
... A220: NE 2 | B220: Lower Assam- 2 (Barpeta) | C220: NEA125 | D220: 1000000531 | E220: AL AMIN HARDWARE (BARPETA) | F220: 44738 | G220: =#REF!/$G$1*($G$1-$E$1) -> #REF! | H220: 0 | K220: NE 2 | L220: 0
A221: BH | B221: BEGUSARAI | C221: BHS210 | D221: 1000002085 | E221: SHIVA TRADERS . BEGUSARAI | F221: 44739 | G221: =#REF!/$G$1*($G$1-$E$1) -> #REF! | H221: 0 | K221: 1000002085 | L221: 0
A222: BH | B222: BHAGALPUR | C222: BHG035 | D222: 1000001993 | E222: GAYANI ENTERPRISES | F222: 44739 | G222: =#REF!/$G$1*($G$1-$E$1) -> #REF! | H222: 0 | K222: 1000001993 | L222: 0
A223: NE 1 | B223: JORHAT | C223: NEF001 | D223: 1000000399 | E223: FREEDOM ENTERPRISE | F223: 44772 | G223: =#REF!/$G$1*($G$1-$E$1) -> #REF! | H223: 0 | K223: 1000000399 | L223: 0
A224: BH | B224: KISHANGANJ | C224: BHA102 | D224: 1000004160 | E224: A K TRADERS - LOHAGARA | F224: 45597 | G224: =#REF!/$G$1*($G$1-$E$1) -> #REF! | H224: 0 | K224: 1000004160 | L224: 0
A225: NE 2 | B225: Lower Assam- 3 | C225: NES650 | D225: 1000003476 | E225: SARKAR HARDWARE | F225: 45036 | G225: =#REF!/$G$1*($G$1-$E$1) -> #REF! | H225: 0 | K225: 1000003476 | L225: 0
A226: NE 2 | B226: MIZORAM | C226: NED168 | D226: 1000000989 | E226: DAVID ESS STEEL FABRICATION | F226: 44738 | G226: =#REF!/$G$1*($G$1-$E$1) -> #REF! | H226: 0 | K226: 1000000989 | L226: 0
A227: NE 1 | B227: SHILLONG | C227: NER267 | D227: 1000003195 | E227: RIBOK MASSAR | F227: 44925 | G227: =#REF!/$G$1*($G$1-$E$1) -> #REF! | H227: 0 | K227: 1000003195 | L227: 0
A228: NE 1 | B228: TINSUKIA | C228: NED248 | D228: 1000003993 | E228: D.S. ENTERPRISE | F228: 45443 | G228: =#REF!/$G$1*($G$1-$E$1) -> #REF! | H228: 0 | K228: 1000003993 | L228: 0
A229: NE 2 | B229: DARANG | C229: NEJ067 | D229: 1000000180 | E229: JYOTI TRADERS (DARANG) | F229: 44738 | G229: =#REF!/$G$1*($G$1-$E$1) -> #REF! | H229: 0 | K229: 1000004545 | L229: 0
A230: NE 1 | B230: JORHAT | C230: NEF046 | D230: 1000004536 | E230: MUKUTA BORAH AND BROTHERS | F230: 45978 | G230: =#REF!/$G$1*($G$1-$E$1) -> #REF! | H230: 0 | K230: 1000004545 | L230: 0
A231: BH | B231: KATIHAR | C231: S363 | D231: 1000001474 | E231: SUDAMA TRADERS | F231: 44739 | G231: =#REF!/$G$1*($G$1-$E$1) -> #REF! | H231: 0 | K231: 1000004545 | L231: 0
A232: NE 1 | B232: NAGAON | C232: NEB412 | D232: 1000004566 | E232: BHAI BHAI ENTERPRISE | F232: 46009 | G232: =#REF!/$G$1*($G$1-$E$1) -> #REF! | H232: 0 | K232: 1000004545 | L232: 0
... A236: NE 2 | B236: TURA HILLS | C236: NEM341 | D236: 1000002732 | E236: MARUTI STORE | F236: 44739 | G236: =#REF!/$G$1*($G$1-$E$1) -> #REF! | H236: 0 | K236: 1000004545 | L236: 0

Sheet DLRWISE (5)
E1: 2 | F1: =TODAY()-5 -> 46269 | I1: 46112 | J1: 30 | K1: =SUBTOTAL(9,K3:K1790) -> 375595.15 | N1: =SUBTOTAL(9,N3:N1661) -> 404486.5 | P1: =SUBTOTAL(9,P3:P1790) -> 406376.5 | T1: =SUBTOTAL(9,T3:T1661) -> 313779 | V1: =SUBTOTAL(9,V3:V1790) -> 314266.75
A2: REGION | B2: AREA | C2: CODE | D2: SAP | E2: DEALERS NAME | F2: DOA | G2: Targeted Dealer | H2: EXCLUSIVE DEALER | I2: Apr'26 Tgt | J2: Prorata Tgt | K2: 46142 | L2: Shortfall | M2: Prorata Achv % | N2: Mar'26 SALE | O2: Mar'26 DEALER | P2: Mar'26 SALE | Q2: VARIENCE | R2: GROWTH % | S2: Apr-26 Vs Mar-26 | T2: Apr-25 SALE | U2: Apr-25 Dealer | V2: Apr-25 SALE | W2: LYSM VARIENCE | X2: LYSM GROWTH % | Y2: Apr-25 SALE | Z2: ZERO | AA2: REGION | AB2: REGION | AC2: REGION | AD2: SD
A3: NE 1 | B3: NAGAON | C3: B014 | D3: 1000000638 | E3: BANIK HARDWARE | F3: 38384 | G3: =IF(I3>0,"Targeted Dealer","-") -> Targeted Dealer | I3: 100 | J3: =I3/$J$1*($J$1-$E$1) -> 93.333333 | K3: 60 | L3: =I3-K3 -> 40 | M3: =IFERROR((K3/J3%),"-") -> 64.285714 | N3: 222 | O3: =IF(F3<=$P$2,"Mar","") -> Mar | P3: =N3 -> 222 | Q3: =K3-P3 -> -162 | R3: =IFERROR(IF(O3="Mar",(K3/P3-1))," ") -> -0.72972973 | S3: =IF(N3>0,IF(O3="","-",IF(R3<0%,"DEGROWTH","GROWTH"))) -> DEGROWTH | T3: 60 | U3: =IF(F3<=$V$2,"Apr","") -> Apr | V3: 60 | W3: =K3-V3 -> 0 | X3: =IFERROR(IF(U3="Apr",(K3/V3-1)),0) -> 0 | Y3: =IF(T3>0,IF(U3="","-",IF(X3<0%,"DEGROWTH","GROWTH"))) -> GROWTH | Z3: 0 | AB3: NE 1 | AC3: NE 1 | AD3: =IF(K3=0,1,0) -> 0
A4: NE 1 | B4: HOJAI | C4: S019 | D4: 1000000671 | E4: SANDHYA HARDWARE STORES | F4: 38390 | G4: =IF(I4>0,"Targeted Dealer","-") -> Targeted Dealer | I4: 10 | J4: =I4/$J$1*($J$1-$E$1) -> 9.3333333 | K4: 0 | L4: =I4-K4 -> 10 | M4: =IFERROR((K4/J4%),"-") -> 0 | N4: 0 | O4: =IF(F4<=$P$2,"Mar","") -> Mar | P4: =N4 -> 0 | Q4: =K4-P4 -> 0 | R4: =IFERROR(IF(O4="Mar",(K4/P4-1))," ") | S4: =IF(N4>0,IF(O4="","-",IF(R4<0%,"DEGROWTH","GROWTH"))) -> FALSE | T4: 20 | U4: =IF(F4<=$V$2,"Apr","") -> Apr | V4: 20 | W4: =K4-V4 -> -20 | X4: =IFERROR(IF(U4="Apr",(K4/V4-1)),0) -> -1 | Y4: =IF(T4>0,IF(U4="","-",IF(X4<0%,"DEGROWTH","GROWTH"))) -> DEGROWTH | Z4: 0 | AB4: NE 1 | AC4: NE 1 | AD4: =IF(K4=0,1,0) -> 1
A5: NE 1 | B5: HOJAI | C5: S078 | D5: 1000000673 | E5: SREE BHANDER (SP FIRM) | F5: 38490 | G5: =IF(I5>0,"Targeted Dealer","-") -> Targeted Dealer | I5: 2060 | J5: =I5/$J$1*($J$1-$E$1) -> 1922.6667 | K5: 1680 | L5: =I5-K5 -> 380 | M5: =IFERROR((K5/J5%),"-") -> 87.378641 | N5: 1609 | O5: =IF(F5<=$P$2,"Mar","") -> Mar | P5: =N5 -> 1609 | Q5: =K5-P5 -> 71 | R5: =IFERROR(IF(O5="Mar",(K5/P5-1))," ") -> 0.044126787 | S5: =IF(N5>0,IF(O5="","-",IF(R5<0%,"DEGROWTH","GROWTH"))) -> GROWTH | T5: 1869.5 | U5: =IF(F5<=$V$2,"Apr","") -> Apr | V5: 1869.5 | W5: =K5-V5 -> -189.5 | X5: =IFERROR(IF(U5="Apr",(K5/V5-1)),0) -> -0.101364 | Y5: =IF(T5>0,IF(U5="","-",IF(X5<0%,"DEGROWTH","GROWTH"))) -> DEGROWTH | Z5: 0 | AB5: NE 1 | AC5: NE 1 | AD5: =IF(K5=0,1,0) -> 0
A6: NE 1 | B6: NAGAON | C6: S012 | D6: 1000000669 | E6: SAIKIA ENTERPRISE | F6: 39093 | G6: =IF(I6>0,"Targeted Dealer","-") -> Targeted Dealer | I6: 40 | J6: =I6/$J$1*($J$1-$E$1) -> 37.333333 | K6: 39 | L6: =I6-K6 -> 1 | M6: =IFERROR((K6/J6%),"-") -> 104.46429 | N6: 26 | O6: =IF(F6<=$P$2,"Mar","") -> Mar | P6: =N6 -> 26 | Q6: =K6-P6 -> 13 | R6: =IFERROR(IF(O6="Mar",(K6/P6-1))," ") -> 0.5 | S6: =IF(N6>0,IF(O6="","-",IF(R6<0%,"DEGROWTH","GROWTH"))) -> GROWTH | T6: 0 | U6: =IF(F6<=$V$2,"Apr","") -> Apr | V6: 0 | W6: =K6-V6 -> 39 | X6: =IFERROR(IF(U6="Apr",(K6/V6-1)),0) -> 0 | Y6: =IF(T6>0,IF(U6="","-",IF(X6<0%,"DEGROWTH","GROWTH"))) -> FALSE | Z6: 0 | AB6: NE 1 | AC6: NE 1 | AD6: =IF(K6=0,1,0) -> 0
A7: NE 1 | B7: NAGAON | C7: S113 | D7: 1000000668 | E7: S.N.HARDWARE (NAGAON) | F7: 39257 | G7: =IF(I7>0,"Targeted Dealer","-") -> Targeted Dealer | I7: 36 | J7: =I7/$J$1*($J$1-$E$1) -> 33.6 | K7: 13 | L7: =I7-K7 -> 23 | M7: =IFERROR((K7/J7%),"-") -> 38.690476 | N7: 13 | O7: =IF(F7<=$P$2,"Mar","") -> Mar | P7: =N7 -> 13 | Q7: =K7-P7 -> 0 | R7: =IFERROR(IF(O7="Mar",(K7/P7-1))," ") -> 0 | S7: =IF(N7>0,IF(O7="","-",IF(R7<0%,"DEGROWTH","GROWTH"))) -> GROWTH | T7: 13 | U7: =IF(F7<=$V$2,"Apr","") -> Apr | V7: 13 | W7: =K7-V7 -> 0 | X7: =IFERROR(IF(U7="Apr",(K7/V7-1)),0) -> 0 | Y7: =IF(T7>0,IF(U7="","-",IF(X7<0%,"DEGROWTH","GROWTH"))) -> GROWTH | Z7: 0 | AB7: NE 1 | AC7: NE 1 | AD7: =IF(K7=0,1,0) -> 0
A8: NE 1 | B8: HOJAI | C8: R096 | D8: 1000000665 | E8: RAFIK HARDWARE | F8: 40672 | G8: =IF(I8>0,"Targeted Dealer","-") -> Targeted Dealer | I8: 300 | J8: =I8/$J$1*($J$1-$E$1) -> 280 | K8: 380 | L8: =I8-K8 -> -80 | M8: =IFERROR((K8/J8%),"-") -> 135.71429 | N8: 280 | O8: =IF(F8<=$P$2,"Mar","") -> Mar | P8: =N8 -> 280 | Q8: =K8-P8 -> 100 | R8: =IFERROR(IF(O8="Mar",(K8/P8-1))," ") -> 0.35714286 | S8: =IF(N8>0,IF(O8="","-",IF(R8<0%,"DEGROWTH","GROWTH"))) -> GROWTH | T8: 300 | U8: =IF(F8<=$V$2,"Apr","") -> Apr | V8: 300 | W8: =K8-V8 -> 80 | X8: =IFERROR(IF(U8="Apr",(K8/V8-1)),0) -> 0.26666667 | Y8: =IF(T8>0,IF(U8="","-",IF(X8<0%,"DEGROWTH","GROWTH"))) -> GROWTH | Z8: 0 | AB8: NE 1 | AC8: NE 1 | AD8: =IF(K8=0,1,0) -> 0
A9: NE 1 | B9: NAGAON | C9: M238 | D9: 1000000653 | E9: MAA HARDWARE (NAGAON) | F9: 41186 | G9: =IF(I9>0,"Targeted Dealer","-") -> Targeted Dealer | I9: 100 | J9: =I9/$J$1*($J$1-$E$1) -> 93.333333 | K9: 40 | L9: =I9-K9 -> 60 | M9: =IFERROR((K9/J9%),"-") -> 42.857143 | N9: 40 | O9: =IF(F9<=$P$2,"Mar","") -> Mar | P9: =N9 -> 40 | Q9: =K9-P9 -> 0 | R9: =IFERROR(IF(O9="Mar",(K9/P9-1))," ") -> 0 | S9: =IF(N9>0,IF(O9="","-",IF(R9<0%,"DEGROWTH","GROWTH"))) -> GROWTH | T9: 90 | U9: =IF(F9<=$V$2,"Apr","") -> Apr | V9: 90 | W9: =K9-V9 -> -50 | X9: =IFERROR(IF(U9="Apr",(K9/V9-1)),0) -> -0.55555556 | Y9: =IF(T9>0,IF(U9="","-",IF(X9<0%,"DEGROWTH","GROWTH"))) -> DEGROWTH | Z9: 0 | AB9: NE 1 | AC9: NE 1 | AD9: =IF(K9=0,1,0) -> 0
A10: NE 1 | B10: HOJAI | C10: A162 | D10: 1000000634 | E10: ALAM AGRO INDUSTRY | F10: 41397 | G10: =IF(I10>0,"Targeted Dealer","-") -> Targeted Dealer | I10: 136 | J10: =I10/$J$1*($J$1-$E$1) -> 126.93333 | K10: 190 | L10: =I10-K10 -> -54 | M10: =IFERROR((K10/J10%),"-") -> 149.68487 | N10: 140 | O10: =IF(F10<=$P$2,"Mar","") -> Mar | P10: =N10 -> 140 | Q10: =K10-P10 -> 50 | R10: =IFERROR(IF(O10="Mar",(K10/P10-1))," ") -> 0.35714286 | S10: =IF(N10>0,IF(O10="","-",IF(R10<0%,"DEGROWTH","GROWTH"))) -> GROWTH | T10: 100 | U10: =IF(F10<=$V$2,"Apr","") -> Apr | V10: 100 | W10: =K10-V10 -> 90 | X10: =IFERROR(IF(U10="Apr",(K10/V10-1)),0) -> 0.9 | Y10: =IF(T10>0,IF(U10="","-",IF(X10<0%,"DEGROWTH","GROWTH"))) -> GROWTH | Z10: 0 | AB10: NE 1 | AC10: NE 1 | AD10: =IF(K10=0,1,0) -> 0
A11: NE 1 | B11: HOJAI | C11: NEM008 | D11: 1000000654 | E11: MAA MANASA HARDWARE (HOJAI) | F11: 41791 | G11: =IF(I11>0,"Targeted Dealer","-") -> Targeted Dealer | I11: 203 | J11: =I11/$J$1*($J$1-$E$1) -> 189.46667 | K11: 141 | L11: =I11-K11 -> 62 | M11: =IFERROR((K11/J11%),"-") -> 74.419423 | N11: 81 | O11: =IF(F11<=$P$2,"Mar","") -> Mar | P11: =N11 -> 81 | Q11: =K11-P11 -> 60 | R11: =IFERROR(IF(O11="Mar",(K11/P11-1))," ") -> 0.74074074 | S11: =IF(N11>0,IF(O11="","-",IF(R11<0%,"DEGROWTH","GROWTH"))) -> GROWTH | T11: 180 | U11: =IF(F11<=$V$2,"Apr","") -> Apr | V11: 180 | W11: =K11-V11 -> -39 | X11: =IFERROR(IF(U11="Apr",(K11/V11-1)),0) -> -0.21666667 | Y11: =IF(T11>0,IF(U11="","-",IF(X11<0%,"DEGROWTH","GROWTH"))) -> DEGROWTH | Z11: 0 | AB11: NE 1 | AC11: NE 1 | AD11: =IF(K11=0,1,0) -> 0
A12: NE 1 | B12: NAGAON | C12: NEM025 | D12: 1000000655 | E12: MAHABIR HARDWARE (DOOM DOOMIA) | F12: 41927 | G12: =IF(I12>0,"Targeted Dealer","-") -> Targeted Dealer | I12: 41 | J12: =I12/$J$1*($J$1-$E$1) -> 38.266667 | K12: 20 | L12: =I12-K12 -> 21 | M12: =IFERROR((K12/J12%),"-") -> 52.264808 | N12: 20 | O12: =IF(F12<=$P$2,"Mar","") -> Mar | P12: =N12 -> 20 | Q12: =K12-P12 -> 0 | R12: =IFERROR(IF(O12="Mar",(K12/P12-1))," ") -> 0 | S12: =IF(N12>0,IF(O12="","-",IF(R12<0%,"DEGROWTH","GROWTH"))) -> GROWTH | T12: 20 | U12: =IF(F12<=$V$2,"Apr","") -> Apr | V12: 20 | W12: =K12-V12 -> 0 | X12: =IFERROR(IF(U12="Apr",(K12/V12-1)),0) -> 0 | Y12: =IF(T12>0,IF(U12="","-",IF(X12<0%,"DEGROWTH","GROWTH"))) -> GROWTH | Z12: 0 | AB12: NE 1 | AC12: NE 1 | AD12: =IF(K12=0,1,0) -> 0
A13: NE 1 | B13: HOJAI | C13: NEA028 | D13: 1000000633 | E13: A. HAQUE HARDWARE | F13: 42048 | G13: =IF(I13>0,"Targeted Dealer","-") -> Targeted Dealer | I13: 181 | J13: =I13/$J$1*($J$1-$E$1) -> 168.93333 | K13: 153 | L13: =I13-K13 -> 28 | M13: =IFERROR((K13/J13%),"-") -> 90.568272 | N13: 120 | O13: =IF(F13<=$P$2,"Mar","") -> Mar | P13: =N13 -> 120 | Q13: =K13-P13 -> 33 | R13: =IFERROR(IF(O13="Mar",(K13/P13-1))," ") -> 0.275 | S13: =IF(N13>0,IF(O13="","-",IF(R13<0%,"DEGROWTH","GROWTH"))) -> GROWTH | T13: 180 | U13: =IF(F13<=$V$2,"Apr","") -> Apr | V13: 180 | W13: =K13-V13 -> -27 | X13: =IFERROR(IF(U13="Apr",(K13/V13-1)),0) -> -0.15 | Y13: =IF(T13>0,IF(U13="","-",IF(X13<0%,"DEGROWTH","GROWTH"))) -> DEGROWTH | Z13: 0 | AB13: NE 1 | AC13: NE 1 | AD13: =IF(K13=0,1,0) -> 0
A14: NE 1 | B14: HOJAI | C14: NES132 | D14: 1000000672 | E14: SHARMA HARDWARE (NAGAON) | F14: 42448 | G14: =IF(I14>0,"Targeted Dealer","-") -> Targeted Dealer | I14: 70 | J14: =I14/$J$1*($J$1-$E$1) -> 65.333333 | K14: 18 | L14: =I14-K14 -> 52 | M14: =IFERROR((K14/J14%),"-") -> 27.55102 | N14: 46 | O14: =IF(F14<=$P$2,"Mar","") -> Mar | P14: =N14 -> 46 | Q14: =K14-P14 -> -28 | R14: =IFERROR(IF(O14="Mar",(K14/P14-1))," ") -> -0.60869565 | S14: =IF(N14>0,IF(O14="","-",IF(R14<0%,"DEGROWTH","GROWTH"))) -> DEGROWTH | T14: 40 | U14: =IF(F14<=$V$2,"Apr","") -> Apr | V14: 40 | W14: =K14-V14 -> -22 | X14: =IFERROR(IF(U14="Apr",(K14/V14-1)),0) -> -0.55 | Y14: =IF(T14>0,IF(U14="","-",IF(X14<0%,"DEGROWTH","GROWTH"))) -> DEGROWTH | Z14: 0 | AB14: NE 1 | AC14: NE 1 | AD14: =IF(K14=0,1,0) -> 0
... A1319: NE 1 | B1319: MANIPUR | C1319: T053 | D1319: 1000000580 | E1319: THANGJING HARDWARE | F1319: 44738 | G1319: =IF(I1319>0,"Targeted Dealer","-") -> Targeted Dealer | I1319: 55 | J1319: =I1319/$J$1*($J$1-$E$1) -> 51.333333 | K1319: 233 | L1319: =I1319-K1319 -> -178 | M1319: =IFERROR((K1319/J1319%),"-") -> 453.8961 | N1319: 159 | O1319: =IF(F1319<=$P$2,"Mar","") -> Mar | P1319: =N1319 -> 159 | Q1319: =K1319-P1319 -> 74 | R1319: =IFERROR(IF(O1319="Mar",(K1319/P1319-1))," ") -> 0.46540881 | S1319: =IF(N1319>0,IF(O1319="","-",IF(R1319<0%,"DEGROWTH","GROWTH"))) -> GROWTH | T1319: 0 | U1319: =IF(F1319<=$V$2,"Apr","") -> Apr | V1319: 0 | W1319: =K1319-V1319 -> 233 | X1319: =IFERROR(IF(U1319="Apr",(K1319/V1319-1)),0) -> 0 | Y1319: =IF(T1319>0,IF(U1319="","-",IF(X1319<0%,"DEGROWTH","GROWTH"))) -> FALSE | Z1319: 0 | AB1319: NE 1 | AC1319: NE 1 | AD1319: =IF(K1319=0,1,0) -> 0
A1320: NE 1 | B1320: TEZPUR | C1320: NER348 | D1320: 1000004227 | E1320: R M HARDWARE | F1320: 28.01.2025 | G1320: =IF(I1320>0,"Targeted Dealer","-") -> Targeted Dealer | I1320: 70 | J1320: =I1320/$J$1*($J$1-$E$1) -> 65.333333 | K1320: 29.7 | L1320: =I1320-K1320 -> 40.3 | M1320: =IFERROR((K1320/J1320%),"-") -> 45.459184 | N1320: 117.5 | O1320: =IF(F1320<=$P$2,"Mar","") -> Mar | P1320: =N1320 -> 117.5 | Q1320: =K1320-P1320 -> -87.8 | R1320: =IFERROR(IF(O1320="Mar",(K1320/P1320-1))," ") -> -0.74723404 | S1320: =IF(N1320>0,IF(O1320="","-",IF(R1320<0%,"DEGROWTH","GROWTH"))) -> DEGROWTH | T1320: 61.5 | U1320: =IF(F1320<=$V$2,"Apr","") -> Apr | V1320: 61.5 | W1320: =K1320-V1320 -> -31.8 | X1320: =IFERROR(IF(U1320="Apr",(K1320/V1320-1)),0) -> -0.51707317 | Y1320: =IF(T1320>0,IF(U1320="","-",IF(X1320<0%,"DEGROWTH","GROWTH"))) -> DEGROWTH | Z1320: 0 | AB1320: NE 1 | AC1320: NE 1 | AD1320: =IF(K1320=0,1,0) -> 0
A1321: BH | B1321: KATIHAR | C1321: BHS261 | D1321: 1000004242 | E1321: SAGAR KHAD BEEJ BHANDAR | F1321: 45686 | G1321: =IF(I1321>0,"Targeted Dealer","-") -> Targeted Dealer | I1321: 30 | J1321: =I1321/$J$1*($J$1-$E$1) -> 28 | K1321: 25 | L1321: =I1321-K1321 -> 5 | M1321: =IFERROR((K1321/J1321%),"-") -> 89.285714 | N1321: 0 | O1321: =IF(F1321<=$P$2,"Mar","") -> Mar | P1321: =N1321 -> 0 | Q1321: =K1321-P1321 -> 25 | R1321: =IFERROR(IF(O1321="Mar",(K1321/P1321-1))," ") | S1321: =IF(N1321>0,IF(O1321="","-",IF(R1321<0%,"DEGROWTH","GROWTH"))) -> FALSE | T1321: 37 | U1321: =IF(F1321<=$V$2,"Apr","") -> Apr | V1321: 37 | W1321: =K1321-V1321 -> -12 | X1321: =IFERROR(IF(U1321="Apr",(K1321/V1321-1)),0) -> -0.32432432 | Y1321: =IF(T1321>0,IF(U1321="","-",IF(X1321<0%,"DEGROWTH","GROWTH"))) -> DEGROWTH | Z1321: 0 | AB1321: NE 1 | AC1321: BH | AD1321: =IF(K1321=0,1,0) -> 0
A1322: NE 2 | B1322: CACHAR | C1322: NES777 | D1322: 1000004230 | E1322: SUMITA TRADERS | F1322: 45685 | G1322: =IF(I1322>0,"Targeted Dealer","-") -> Targeted Dealer | I1322: 40 | J1322: =I1322/$J$1*($J$1-$E$1) -> 37.333333 | K1322: 15 | L1322: =I1322-K1322 -> 25 | M1322: =IFERROR((K1322/J1322%),"-") -> 40.178571 | N1322: 32 | O1322: =IF(F1322<=$P$2,"Mar","") -> Mar | P1322: =N1322 -> 32 | Q1322: =K1322-P1322 -> -17 | R1322: =IFERROR(IF(O1322="Mar",(K1322/P1322-1))," ") -> -0.53125 | S1322: =IF(N1322>0,IF(O1322="","-",IF(R1322<0%,"DEGROWTH","GROWTH"))) -> DEGROWTH | T1322: 57.5 | U1322: =IF(F1322<=$V$2,"Apr","") -> Apr | V1322: 57.5 | W1322: =K1322-V1322 -> -42.5 | X1322: =IFERROR(IF(U1322="Apr",(K1322/V1322-1)),0) -> -0.73913043 | Y1322: =IF(T1322>0,IF(U1322="","-",IF(X1322<0%,"DEGROWTH","GROWTH"))) -> DEGROWTH | Z1322: 0 | AB1322: NE 1 | AC1322: NE 2 | AD1322: =IF(K1322=0,1,0) -> 0
A1323: NE 2 | B1323: KARIMGANJ | C1323: NEA488 | D1323: 1000004262 | E1323: A & A ENTERPRISE | F1323: 45689 | G1323: =IF(I1323>0,"Targeted Dealer","-") -> Targeted Dealer | I1323: 10 | J1323: =I1323/$J$1*($J$1-$E$1) -> 9.3333333 | K1323: 0 | L1323: =I1323-K1323 -> 10 | M1323: =IFERROR((K1323/J1323%),"-") -> 0 | N1323: 0 | O1323: =IF(F1323<=$P$2,"Mar","") -> Mar | P1323: =N1323 -> 0 | Q1323: =K1323-P1323 -> 0 | R1323: =IFERROR(IF(O1323="Mar",(K1323/P1323-1))," ") | S1323: =IF(N1323>0,IF(O1323="","-",IF(R1323<0%,"DEGROWTH","GROWTH"))) -> FALSE | T1323: 26 | U1323: =IF(F1323<=$V$2,"Apr","") -> Apr | V1323: 26 | W1323: =K1323-V1323 -> -26 | X1323: =IFERROR(IF(U1323="Apr",(K1323/V1323-1)),0) -> -1 | Y1323: =IF(T1323>0,IF(U1323="","-",IF(X1323<0%,"DEGROWTH","GROWTH"))) -> DEGROWTH | Z1323: 0 | AB1323: NE 1 | AC1323: NE 2 | AD1323: =IF(K1323=0,1,0) -> 1
A1324: NE 1 | B1324: MANIPUR | C1324: NEP309 | D1324: 1000004224 | E1324: PK AGENCY | F1324: 45684 | G1324: =IF(I1324>0,"Targeted Dealer","-") -> Targeted Dealer | I1324: 55 | J1324: =I1324/$J$1*($J$1-$E$1) -> 51.333333 | K1324: 0 | L1324: =I1324-K1324 -> 55 | M1324: =IFERROR((K1324/J1324%),"-") -> 0 | N1324: 0 | O1324: =IF(F1324<=$P$2,"Mar","") -> Mar | P1324: =N1324 -> 0 | Q1324: =K1324-P1324 -> 0 | R1324: =IFERROR(IF(O1324="Mar",(K1324/P1324-1))," ") | S1324: =IF(N1324>0,IF(O1324="","-",IF(R1324<0%,"DEGROWTH","GROWTH"))) -> FALSE | T1324: 28 | U1324: =IF(F1324<=$V$2,"Apr","") -> Apr | V1324: 28 | W1324: =K1324-V1324 -> -28 | X1324: =IFERROR(IF(U1324="Apr",(K1324/V1324-1)),0) -> -1 | Y1324: =IF(T1324>0,IF(U1324="","-",IF(X1324<0%,"DEGROWTH","GROWTH"))) -> DEGROWTH | Z1324: 0 | AB1324: NE 1 | AC1324: NE 1 | AD1324: =IF(K1324=0,1,0) -> 1
A1325: NE 2 | B1325: GUWAHATI URBAN | C1325: NEA484 | D1325: 1000004213 | E1325: ANAND HARDWARE | F1325: 45667 | G1325: =IF(I1325>0,"Targeted Dealer","-") -> Targeted Dealer | I1325: 20 | J1325: =I1325/$J$1*($J$1-$E$1) -> 18.666667 | K1325: 0 | L1325: =I1325-K1325 -> 20 | M1325: =IFERROR((K1325/J1325%),"-") -> 0 | N1325: 0 | O1325: =IF(F1325<=$P$2,"Mar","") -> Mar | P1325: =N1325 -> 0 | Q1325: =K1325-P1325 -> 0 | R1325: =IFERROR(IF(O1325="Mar",(K1325/P1325-1))," ") | S1325: =IF(N1325>0,IF(O1325="","-",IF(R1325<0%,"DEGROWTH","GROWTH"))) -> FALSE | T1325: 6 | U1325: =IF(F1325<=$V$2,"Apr","") -> Apr | V1325: 6 | W1325: =K1325-V1325 -> -6 | X1325: =IFERROR(IF(U1325="Apr",(K1325/V1325-1)),0) -> -1 | Y1325: =IF(T1325>0,IF(U1325="","-",IF(X1325<0%,"DEGROWTH","GROWTH"))) -> DEGROWTH | Z1325: 0 | AB1325: NE 1 | AC1325: NE 2 | AD1325: =IF(K1325=0,1,0) -> 1
A1326: NE 1 | B1326: NAGAON | C1326: NES770 | D1326: 1000004186 | E1326: SHRI SIDDHIVINAYAK STEEL | F1326: 45636 | G1326: =IF(I1326>0,"Targeted Dealer","-") -> Targeted Dealer | I1326: 50 | J1326: =I1326/$J$1*($J$1-$E$1) -> 46.666667 | K1326: 13 | L1326: =I1326-K1326 -> 37 | M1326: =IFERROR((K1326/J1326%),"-") -> 27.857143 | N1326: 26 | O1326: =IF(F1326<=$P$2,"Mar","") -> Mar | P1326: =N1326 -> 26 | Q1326: =K1326-P1326 -> -13 | R1326: =IFERROR(IF(O1326="Mar",(K1326/P1326-1))," ") -> -0.5 | S1326: =IF(N1326>0,IF(O1326="","-",IF(R1326<0%,"DEGROWTH","GROWTH"))) -> DEGROWTH | T1326: 62 | U1326: =IF(F1326<=$V$2,"Apr","") -> Apr | V1326: 62 | W1326: =K1326-V1326 -> -49 | X1326: =IFERROR(IF(U1326="Apr",(K1326/V1326-1)),0) -> -0.79032258 | Y1326: =IF(T1326>0,IF(U1326="","-",IF(X1326<0%,"DEGROWTH","GROWTH"))) -> DEGROWTH | Z1326: 0 | AB1326: NE 1 | AC1326: NE 1 | AD1326: =IF(K1326=0,1,0) -> 0
A1327: NE 1 | B1327: AP- Tinsukia Side | C1327: NEH102 | D1327: 1000000116 | E1327: HANNON ENTERPRISE . APS | F1327: 44738 | G1327: =IF(I1327>0,"Targeted Dealer","-") -> Targeted Dealer | I1327: 30 | J1327: =I1327/$J$1*($J$1-$E$1) -> 28 | K1327: 0 | L1327: =I1327-K1327 -> 30 | M1327: =IFERROR((K1327/J1327%),"-") -> 0 | N1327: 30 | O1327: =IF(F1327<=$P$2,"Mar","") -> Mar | P1327: =N1327 -> 30 | Q1327: =K1327-P1327 -> -30 | R1327: =IFERROR(IF(O1327="Mar",(K1327/P1327-1))," ") -> -1 | S1327: =IF(N1327>0,IF(O1327="","-",IF(R1327<0%,"DEGROWTH","GROWTH"))) -> DEGROWTH | T1327: 0 | U1327: =IF(F1327<=$V$2,"Apr","") -> Apr | V1327: 0 | W1327: =K1327-V1327 -> 0 | X1327: =IFERROR(IF(U1327="Apr",(K1327/V1327-1)),0) -> 0 | Y1327: =IF(T1327>0,IF(U1327="","-",IF(X1327<0%,"DEGROWTH","GROWTH"))) -> FALSE | Z1327: 0 | AB1327: NE 1 | AC1327: NE 1 | AD1327: =IF(K1327=0,1,0) -> 1
A1328: NE 1 | B1328: GOLAGHAT | C1328: NES645 | D1328: 1000003453 | E1328: SARMAH SUPPLIERS | F1328: 45012 | G1328: =IF(I1328>0,"Targeted Dealer","-") -> Targeted Dealer | I1328: 30 | J1328: =I1328/$J$1*($J$1-$E$1) -> 28 | K1328: 20 | L1328: =I1328-K1328 -> 10 | M1328: =IFERROR((K1328/J1328%),"-") -> 71.428571 | N1328: 20 | O1328: =IF(F1328<=$P$2,"Mar","") -> Mar | P1328: =N1328 -> 20 | Q1328: =K1328-P1328 -> 0 | R1328: =IFERROR(IF(O1328="Mar",(K1328/P1328-1))," ") -> 0 | S1328: =IF(N1328>0,IF(O1328="","-",IF(R1328<0%,"DEGROWTH","GROWTH"))) -> GROWTH | T1328: 10 | U1328: =IF(F1328<=$V$2,"Apr","") -> Apr | V1328: 10 | W1328: =K1328-V1328 -> 10 | X1328: =IFERROR(IF(U1328="Apr",(K1328/V1328-1)),0) -> 1 | Y1328: =IF(T1328>0,IF(U1328="","-",IF(X1328<0%,"DEGROWTH","GROWTH"))) -> GROWTH | Z1328: 0 | AB1328: NE 1 | AC1328: NE 1 | AD1328: =IF(K1328=0,1,0) -> 0
A1329: NE 1 | B1329: SIBSAGAR | C1329: NED228 | D1329: 1000003588 | E1329: DEEPLING HARDWARE STORE | F1329: 45084 | G1329: =IF(I1329>0,"Targeted Dealer","-") -> Targeted Dealer | I1329: 70 | J1329: =I1329/$J$1*($J$1-$E$1) -> 65.333333 | K1329: 0 | L1329: =I1329-K1329 -> 70 | M1329: =IFERROR((K1329/J1329%),"-") -> 0 | N1329: 0 | O1329: =IF(F1329<=$P$2,"Mar","") -> Mar | P1329: =N1329 -> 0 | Q1329: =K1329-P1329 -> 0 | R1329: =IFERROR(IF(O1329="Mar",(K1329/P1329-1))," ") | S1329: =IF(N1329>0,IF(O1329="","-",IF(R1329<0%,"DEGROWTH","GROWTH"))) -> FALSE | T1329: 60 | U1329: =IF(F1329<=$V$2,"Apr","") -> Apr | V1329: 60 | W1329: =K1329-V1329 -> -60 | X1329: =IFERROR(IF(U1329="Apr",(K1329/V1329-1)),0) -> -1 | Y1329: =IF(T1329>0,IF(U1329="","-",IF(X1329<0%,"DEGROWTH","GROWTH"))) -> DEGROWTH | Z1329: 0 | AB1329: NE 1 | AC1329: NE 1 | AD1329: =IF(K1329=0,1,0) -> 1
A1330: NE 2 | B1330: KARIMGANJ | C1330: NEF032 | D1330: 1000004265 | E1330: F. A. TRADING AND CO | F1330: 45698 | G1330: =IF(I1330>0,"Targeted Dealer","-") -> Targeted Dealer | I1330: 50 | J1330: =I1330/$J$1*($J$1-$E$1) -> 46.666667 | K1330: 79.2 | L1330: =I1330-K1330 -> -29.2 | M1330: =IFERROR((K1330/J1330%),"-") -> 169.71429 | N1330: 47.4 | O1330: =IF(F1330<=$P$2,"Mar","") -> Mar | P1330: =N1330 -> 47.4 | Q1330: =K1330-P1330 -> 31.8 | R1330: =IFERROR(IF(O1330="Mar",(K1330/P1330-1))," ") -> 0.67088608 | S1330: =IF(N1330>0,IF(O1330="","-",IF(R1330<0%,"DEGROWTH","GROWTH"))) -> GROWTH | T1330: 25.7 | U1330: =IF(F1330<=$V$2,"Apr","") -> Apr | V1330: 25.7 | W1330: =K1330-V1330 -> 53.5 | X1330: =IFERROR(IF(U1330="Apr",(K1330/V1330-1)),0) -> 2.0817121 | Y1330: =IF(T1330>0,IF(U1330="","-",IF(X1330<0%,"DEGROWTH","GROWTH"))) -> GROWTH | Z1330: 0 | AB1330: NE 1 | AC1330: NE 2 | AD1330: =IF(K1330=0,1,0) -> 0
A1331: NE 1 | B1331: SIBSAGAR | C1331: NEO046 | D1331: 1000004252 | E1331: OM HARDWARE | F1331: 45686 | G1331: =IF(I1331>0,"Targeted Dealer","-") -> Targeted Dealer | I1331: 120 | J1331: =I1331/$J$1*($J$1-$E$1) -> 112 | K1331: 140 | L1331: =I1331-K1331 -> -20 | M1331: =IFERROR((K1331/J1331%),"-") -> 125 | N1331: 200 | O1331: =IF(F1331<=$P$2,"Mar","") -> Mar | P1331: =N1331 -> 200 | Q1331: =K1331-P1331 -> -60 | R1331: =IFERROR(IF(O1331="Mar",(K1331/P1331-1))," ") -> -0.3 | S1331: =IF(N1331>0,IF(O1331="","-",IF(R1331<0%,"DEGROWTH","GROWTH"))) -> DEGROWTH | T1331: 60 | U1331: =IF(F1331<=$V$2,"Apr","") -> Apr | V1331: 60 | W1331: =K1331-V1331 -> 80 | X1331: =IFERROR(IF(U1331="Apr",(K1331/V1331-1)),0) -> 1.3333333 | Y1331: =IF(T1331>0,IF(U1331="","-",IF(X1331<0%,"DEGROWTH","GROWTH"))) -> GROWTH | Z1331: 0 | AB1331: NE 1 | AC1331: NE 1 | AD1331: =IF(K1331=0,1,0) -> 0
A1332: NB 2 | B1332: MALDA | C1332: WBM320 | D1332: 1000004232 | E1332: MOHAMMAD HARDWEARS | F1332: 45679 | G1332: =IF(I1332>0,"Targeted Dealer","-") -> Targeted Dealer | I1332: 50 | J1332: =I1332/$J$1*($J$1-$E$1) -> 46.666667 | K1332: 72 | L1332: =I1332-K1332 -> -22 | M1332: =IFERROR((K1332/J1332%),"-") -> 154.28571 | N1332: 28.5 | O1332: =IF(F1332<=$P$2,"Mar","") -> Mar | P1332: =N1332 -> 28.5 | Q1332: =K1332-P1332 -> 43.5 | R1332: =IFERROR(IF(O1332="Mar",(K1332/P1332-1))," ") -> 1.5263158 | S1332: =IF(N1332>0,IF(O1332="","-",IF(R1332<0%,"DEGROWTH","GROWTH"))) -> GROWTH | T1332: 95 | U1332: =IF(F1332<=$V$2,"Apr","") -> Apr | V1332: 95 | W1332: =K1332-V1332 -> -23 | X1332: =IFERROR(IF(U1332="Apr",(K1332/V1332-1)),0) -> -0.24210526 | Y1332: =IF(T1332>0,IF(U1332="","-",IF(X1332<0%,"DEGROWTH","GROWTH"))) -> DEGROWTH | Z1332: 0 | AB1332: NE 1 | AC1332: NB 2 | AD1332: =IF(K1332=0,1,0) -> 0
... A1345: NE 1 | B1345: LAKHIMPUR | C1345: NED262 | D1345: 1000004277 | E1345: DIHINGIA PLY | F1345: 45731 | G1345: =IF(I1345>0,"Targeted Dealer","-") -> Targeted Dealer | I1345: 20 | J1345: =I1345/$J$1*($J$1-$E$1) -> 18.666667 | K1345: 0 | L1345: =I1345-K1345 -> 20 | M1345: =IFERROR((K1345/J1345%),"-") -> 0 | N1345: 20 | O1345: =IF(F1345<=$P$2,"Mar","") -> Mar | P1345: =N1345 -> 20 | Q1345: =K1345-P1345 -> -20 | R1345: =IFERROR(IF(O1345="Mar",(K1345/P1345-1))," ") -> -1 | S1345: =IF(N1345>0,IF(O1345="","-",IF(R1345<0%,"DEGROWTH","GROWTH"))) -> DEGROWTH | T1345: 40 | U1345: =IF(F1345<=$V$2,"Apr","") -> Apr | V1345: 40 | W1345: =K1345-V1345 -> -40 | X1345: =IFERROR(IF(U1345="Apr",(K1345/V1345-1)),0) -> -1 | Y1345: =IF(T1345>0,IF(U1345="","-",IF(X1345<0%,"DEGROWTH","GROWTH"))) -> DEGROWTH | Z1345: 0 | AB1345: NE 1 | AC1345: NE 1 | AD1345: =IF(K1345=0,1,0) -> 1
A1346: NB 2 | B1346: UTTAR DINAJPUR | C1346: WBS345 | D1346: 1000003824 | E1346: SAHA & SONS - DALKHOLA | F1346: 19.01.2024 | G1346: =IF(I1346>0,"Targeted Dealer","-") -> Targeted Dealer | I1346: 200 | J1346: =I1346/$J$1*($J$1-$E$1) -> 186.66667 | K1346: 0 | L1346: =I1346-K1346 -> 200 | M1346: =IFERROR((K1346/J1346%),"-") -> 0 | N1346: 0 | O1346: =IF(F1346<=$P$2,"Mar","") -> Mar | P1346: =N1346 -> 0 | Q1346: =K1346-P1346 -> 0 | R1346: =IFERROR(IF(O1346="Mar",(K1346/P1346-1))," ") | S1346: =IF(N1346>0,IF(O1346="","-",IF(R1346<0%,"DEGROWTH","GROWTH"))) -> FALSE | T1346: 128.25 | U1346: =IF(F1346<=$V$2,"Apr","") -> Apr | V1346: 128.25 | W1346: =K1346-V1346 -> -128.25 | X1346: =IFERROR(IF(U1346="Apr",(K1346/V1346-1)),0) -> -1 | Y1346: =IF(T1346>0,IF(U1346="","-",IF(X1346<0%,"DEGROWTH","GROWTH"))) -> DEGROWTH | Z1346: 0 | AB1346: NE 1 | AC1346: NB 2 | AD1346: =IF(K1346=0,1,0) -> 1
A1347: BH | B1347: KATIHAR | C1347: BHM121 | D1347: 1000001466 | E1347: MANDAL ENTERPRISES . GAURIGANJ | F1347: 44113 | G1347: =IF(I1347>0,"Targeted Dealer","-") -> Targeted Dealer | I1347: 50 | J1347: =I1347/$J$1*($J$1-$E$1) -> 46.666667 | K1347: 0 | L1347: =I1347-K1347 -> 50 | M1347: =IFERROR((K1347/J1347%),"-") -> 0 | N1347: 0 | O1347: =IF(F1347<=$P$2,"Mar","") -> Mar | P1347: =N1347 -> 0 | Q1347: =K1347-P1347 -> 0 | R1347: =IFERROR(IF(O1347="Mar",(K1347/P1347-1))," ") | S1347: =IF(N1347>0,IF(O1347="","-",IF(R1347<0%,"DEGROWTH","GROWTH"))) -> FALSE | T1347: 28 | U1347: =IF(F1347<=$V$2,"Apr","") -> Apr | V1347: 28 | W1347: =K1347-V1347 -> -28 | X1347: =IFERROR(IF(U1347="Apr",(K1347/V1347-1)),0) -> -1 | Y1347: =IF(T1347>0,IF(U1347="","-",IF(X1347<0%,"DEGROWTH","GROWTH"))) -> DEGROWTH | Z1347: 0 | AB1347: NE 1 | AC1347: BH | AD1347: =IF(K1347=0,1,0) -> 1
A1348: NB 1 | B1348: JALPAIGURI | C1348: WBM072 | D1348: 1000001436 | E1348: M/S BISWAKARMA CEMENT GHAR | F1348: 44739 | G1348: =IF(I1348>0,"Targeted Dealer","-") -> Targeted Dealer | I1348: 50 | J1348: =I1348/$J$1*($J$1-$E$1) -> 46.666667 | K1348: 72 | L1348: =I1348-K1348 -> -22 | M1348: =IFERROR((K1348/J1348%),"-") -> 154.28571 | N1348: 49 | O1348: =IF(F1348<=$P$2,"Mar","") -> Mar | P1348: =N1348 -> 49 | Q1348: =K1348-P1348 -> 23 | R1348: =IFERROR(IF(O1348="Mar",(K1348/P1348-1))," ") -> 0.46938776 | S1348: =IF(N1348>0,IF(O1348="","-",IF(R1348<0%,"DEGROWTH","GROWTH"))) -> GROWTH | T1348: 66 | U1348: =IF(F1348<=$V$2,"Apr","") -> Apr | V1348: 66 | W1348: =K1348-V1348 -> 6 | X1348: =IFERROR(IF(U1348="Apr",(K1348/V1348-1)),0) -> 0.090909091 | Y1348: =IF(T1348>0,IF(U1348="","-",IF(X1348<0%,"DEGROWTH","GROWTH"))) -> GROWTH | Z1348: 0 | AB1348: NE 1 | AC1348: NB 1 | AD1348: =IF(K1348=0,1,0) -> 0
A1349: NE 1 | B1349: LAKHIMPUR | C1349: NER351 | D1349: 1000004285 | E1349: R.D. ENTERPRISE | F1349: 45736 | G1349: =IF(I1349>0,"Targeted Dealer","-") -> Targeted Dealer | I1349: 40 | J1349: =I1349/$J$1*($J$1-$E$1) -> 37.333333 | K1349: 0 | L1349: =I1349-K1349 -> 40 | M1349: =IFERROR((K1349/J1349%),"-") -> 0 | N1349: 0 | O1349: =IF(F1349<=$P$2,"Mar","") -> Mar | P1349: =N1349 -> 0 | Q1349: =K1349-P1349 -> 0 | R1349: =IFERROR(IF(O1349="Mar",(K1349/P1349-1))," ") | S1349: =IF(N1349>0,IF(O1349="","-",IF(R1349<0%,"DEGROWTH","GROWTH"))) -> FALSE | T1349: 0 | U1349: =IF(F1349<=$V$2,"Apr","") -> Apr | V1349: 0 | W1349: =K1349-V1349 -> 0 | X1349: =IFERROR(IF(U1349="Apr",(K1349/V1349-1)),0) -> 0 | Y1349: =IF(T1349>0,IF(U1349="","-",IF(X1349<0%,"DEGROWTH","GROWTH"))) -> FALSE | Z1349: 0 | AB1349: NE 1 | AC1349: NE 1 | AD1349: =IF(K1349=0,1,0) -> 1
A1350: NE 1 | B1350: MANIPUR | C1350: NEG200 | D1350: 1000004282 | E1350: GUPTA TRADERS HARDWARE | F1350: 45733 | G1350: =IF(I1350>0,"Targeted Dealer","-") -> Targeted Dealer | I1350: 55 | J1350: =I1350/$J$1*($J$1-$E$1) -> 51.333333 | K1350: 36 | L1350: =I1350-K1350 -> 19 | M1350: =IFERROR((K1350/J1350%),"-") -> 70.12987 | N1350: 18 | O1350: =IF(F1350<=$P$2,"Mar","") -> Mar | P1350: =N1350 -> 18 | Q1350: =K1350-P1350 -> 18 | R1350: =IFERROR(IF(O1350="Mar",(K1350/P1350-1))," ") -> 1 | S1350: =IF(N1350>0,IF(O1350="","-",IF(R1350<0%,"DEGROWTH","GROWTH"))) -> GROWTH | T1350: 27 | U1350: =IF(F1350<=$V$2,"Apr","") -> Apr | V1350: 27 | W1350: =K1350-V1350 -> 9 | X1350: =IFERROR(IF(U1350="Apr",(K1350/V1350-1)),0) -> 0.33333333 | Y1350: =IF(T1350>0,IF(U1350="","-",IF(X1350<0%,"DEGROWTH","GROWTH"))) -> GROWTH | Z1350: 0 | AB1350: NE 1 | AC1350: NE 1 | AD1350: =IF(K1350=0,1,0) -> 0
A1351: NE 1 | B1351: TINSUKIA | C1351: NED263 | D1351: 1000004293 | E1351: DADAN PRASAD | F1351: 45737 | G1351: =IF(I1351>0,"Targeted Dealer","-") -> Targeted Dealer | I1351: 40 | J1351: =I1351/$J$1*($J$1-$E$1) -> 37.333333 | K1351: 0 | L1351: =I1351-K1351 -> 40 | M1351: =IFERROR((K1351/J1351%),"-") -> 0 | N1351: 40 | O1351: =IF(F1351<=$P$2,"Mar","") -> Mar | P1351: =N1351 -> 40 | Q1351: =K1351-P1351 -> -40 | R1351: =IFERROR(IF(O1351="Mar",(K1351/P1351-1))," ") -> -1 | S1351: =IF(N1351>0,IF(O1351="","-",IF(R1351<0%,"DEGROWTH","GROWTH"))) -> DEGROWTH | T1351: 40 | U1351: =IF(F1351<=$V$2,"Apr","") -> Apr | V1351: 40 | W1351: =K1351-V1351 -> -40 | X1351: =IFERROR(IF(U1351="Apr",(K1351/V1351-1)),0) -> -1 | Y1351: =IF(T1351>0,IF(U1351="","-",IF(X1351<0%,"DEGROWTH","GROWTH"))) -> DEGROWTH | Z1351: 0 | AB1351: NE 1 | AC1351: NE 1 | AD1351: =IF(K1351=0,1,0) -> 1
A1352: NE 1 | B1352: AP- Tinsukia Side | C1352: NES780 | D1352: 1000004272 | E1352: SIRAJ HARDWARE | F1352: 45717 | G1352: =IF(I1352>0,"Targeted Dealer","-") -> Targeted Dealer | I1352: 50 | J1352: =I1352/$J$1*($J$1-$E$1) -> 46.666667 | K1352: 0 | L1352: =I1352-K1352 -> 50 | M1352: =IFERROR((K1352/J1352%),"-") -> 0 | N1352: 20 | O1352: =IF(F1352<=$P$2,"Mar","") -> Mar | P1352: =N1352 -> 20 | Q1352: =K1352-P1352 -> -20 | R1352: =IFERROR(IF(O1352="Mar",(K1352/P1352-1))," ") -> -1 | S1352: =IF(N1352>0,IF(O1352="","-",IF(R1352<0%,"DEGROWTH","GROWTH"))) -> DEGROWTH | T1352: 21.5 | U1352: =IF(F1352<=$V$2,"Apr","") -> Apr | V1352: 21.5 | W1352: =K1352-V1352 -> -21.5 | X1352: =IFERROR(IF(U1352="Apr",(K1352/V1352-1)),0) -> -1 | Y1352: =IF(T1352>0,IF(U1352="","-",IF(X1352<0%,"DEGROWTH","GROWTH"))) -> DEGROWTH | Z1352: 0 | AB1352: NE 1 | AC1352: NE 1 | AD1352: =IF(K1352=0,1,0) -> 1
A1353: NE 1 | B1353: MANIPUR | C1353: NER200 | D1353: 1000000977 | E1353: RAI HARDWARE | F1353: 44738 | G1353: =IF(I1353>0,"Targeted Dealer","-") -> Targeted Dealer | I1353: 55 | J1353: =I1353/$J$1*($J$1-$E$1) -> 51.333333 | K1353: 36 | L1353: =I1353-K1353 -> 19 | M1353: =IFERROR((K1353/J1353%),"-") -> 70.12987 | N1353: 0 | O1353: =IF(F1353<=$P$2,"Mar","") -> Mar | P1353: =N1353 -> 0 | Q1353: =K1353-P1353 -> 36 | R1353: =IFERROR(IF(O1353="Mar",(K1353/P1353-1))," ") | S1353: =IF(N1353>0,IF(O1353="","-",IF(R1353<0%,"DEGROWTH","GROWTH"))) -> FALSE | T1353: 56 | U1353: =IF(F1353<=$V$2,"Apr","") -> Apr | V1353: 56 | W1353: =K1353-V1353 -> -20 | X1353: =IFERROR(IF(U1353="Apr",(K1353/V1353-1)),0) -> -0.35714286 | Y1353: =IF(T1353>0,IF(U1353="","-",IF(X1353<0%,"DEGROWTH","GROWTH"))) -> DEGROWTH | Z1353: 0 | AB1353: NE 1 | AC1353: NE 1 | AD1353: =IF(K1353=0,1,0) -> 0
A1354: NE 1 | B1354: AP- Tinsukia Side | C1354: NEM468 | D1354: 1000004314 | E1354: MICKLAME HARDWARE | F1354: 45757 | G1354: =IF(I1354>0,"Targeted Dealer","-") -> Targeted Dealer | I1354: 450 | J1354: =I1354/$J$1*($J$1-$E$1) -> 420 | K1354: 213.1 | L1354: =I1354-K1354 -> 236.9 | M1354: =IFERROR((K1354/J1354%),"-") -> 50.738095 | N1354: 180 | O1354: =IF(F1354<=$P$2,"Mar","") -> Mar | P1354: =N1354 -> 180 | Q1354: =K1354-P1354 -> 33.1 | R1354: =IFERROR(IF(O1354="Mar",(K1354/P1354-1))," ") -> 0.18388889 | S1354: =IF(N1354>0,IF(O1354="","-",IF(R1354<0%,"DEGROWTH","GROWTH"))) -> GROWTH | T1354: 322.5 | U1354: =IF(F1354<=$V$2,"Apr","") -> Apr | V1354: 322.5 | W1354: =K1354-V1354 -> -109.4 | X1354: =IFERROR(IF(U1354="Apr",(K1354/V1354-1)),0) -> -0.33922481 | Y1354: =IF(T1354>0,IF(U1354="","-",IF(X1354<0%,"DEGROWTH","GROWTH"))) -> DEGROWTH | Z1354: 0 | AB1354: NE 1 | AC1354: NE 1 | AD1354: =IF(K1354=0,1,0) -> 0
A1355: BH | B1355: BEGUSARAI | C1355: BHS262 | D1355: 1000004271 | E1355: SANJAY TRADERS - BELDOUR | F1355: 45716 | G1355: =IF(I1355>0,"Targeted Dealer","-") -> - | I1355: 0 | J1355: =I1355/$J$1*($J$1-$E$1) -> 0 | K1355: 0 | L1355: =I1355-K1355 -> 0 | M1355: =IFERROR((K1355/J1355%),"-") -> - | N1355: 0 | O1355: =IF(F1355<=$P$2,"Mar","") -> Mar | P1355: =N1355 -> 0 | Q1355: =K1355-P1355 -> 0 | R1355: =IFERROR(IF(O1355="Mar",(K1355/P1355-1))," ") | S1355: =IF(N1355>0,IF(O1355="","-",IF(R1355<0%,"DEGROWTH","GROWTH"))) -> FALSE | T1355: 50 | U1355: =IF(F1355<=$V$2,"Apr","") -> Apr | V1355: 50 | W1355: =K1355-V1355 -> -50 | X1355: =IFERROR(IF(U1355="Apr",(K1355/V1355-1)),0) -> -1 | Y1355: =IF(T1355>0,IF(U1355="","-",IF(X1355<0%,"DEGROWTH","GROWTH"))) -> DEGROWTH | Z1355: 0 | AB1355: NE 1 | AC1355: BH | AD1355: =IF(K1355=0,1,0) -> 1
A1356: NB 1 | B1356: DARJEELING HILLS | C1356: WBL040 | D1356: 1000004275 | E1356: LAXMI ENTERPRISES - SALUGARA | F1356: 45726 | G1356: =IF(I1356>0,"Targeted Dealer","-") -> Targeted Dealer | I1356: 1000 | J1356: =I1356/$J$1*($J$1-$E$1) -> 933.33333 | K1356: 1330.6 | L1356: =I1356-K1356 -> -330.6 | M1356: =IFERROR((K1356/J1356%),"-") -> 142.56429 | N1356: 1497.25 | O1356: =IF(F1356<=$P$2,"Mar","") -> Mar | P1356: =N1356 -> 1497.25 | Q1356: =K1356-P1356 -> -166.65 | R1356: =IFERROR(IF(O1356="Mar",(K1356/P1356-1))," ") -> -0.11130406 | S1356: =IF(N1356>0,IF(O1356="","-",IF(R1356<0%,"DEGROWTH","GROWTH"))) -> DEGROWTH | T1356: 560.5 | U1356: =IF(F1356<=$V$2,"Apr","") -> Apr | V1356: 560.5 | W1356: =K1356-V1356 -> 770.1 | X1356: =IFERROR(IF(U1356="Apr",(K1356/V1356-1)),0) -> 1.3739518 | Y1356: =IF(T1356>0,IF(U1356="","-",IF(X1356<0%,"DEGROWTH","GROWTH"))) -> GROWTH | Z1356: 0 | AB1356: NE 1 | AC1356: NB 1 | AD1356: =IF(K1356=0,1,0) -> 0
A1357: NE 2 | B1357: GUWAHATI RURAL | C1357: NEA490 | D1357: 1000004302 | E1357: AL AMAN ENTERPRISE | F1357: 45740 | G1357: =IF(I1357>0,"Targeted Dealer","-") -> Targeted Dealer | I1357: 52 | J1357: =I1357/$J$1*($J$1-$E$1) -> 48.533333 | K1357: 61 | L1357: =I1357-K1357 -> -9 | M1357: =IFERROR((K1357/J1357%),"-") -> 125.68681 | N1357: 39 | O1357: =IF(F1357<=$P$2,"Mar","") -> Mar | P1357: =N1357 -> 39 | Q1357: =K1357-P1357 -> 22 | R1357: =IFERROR(IF(O1357="Mar",(K1357/P1357-1))," ") -> 0.56410256 | S1357: =IF(N1357>0,IF(O1357="","-",IF(R1357<0%,"DEGROWTH","GROWTH"))) -> GROWTH | T1357: 324.5 | U1357: =IF(F1357<=$V$2,"Apr","") -> Apr | V1357: 324.5 | W1357: =K1357-V1357 -> -263.5 | X1357: =IFERROR(IF(U1357="Apr",(K1357/V1357-1)),0) -> -0.81201849 | Y1357: =IF(T1357>0,IF(U1357="","-",IF(X1357<0%,"DEGROWTH","GROWTH"))) -> DEGROWTH | Z1357: 0 | AB1357: NE 1 | AC1357: NE 2 | AD1357: =IF(K1357=0,1,0) -> 0
A1358: NE 1 | B1358: JAINTIA HILLS | C1358: NEP113 | D1358: 1000000386 | E1358: PAKYNTEIN & SONS | F1358: 44738 | G1358: =IF(I1358>0,"Targeted Dealer","-") -> Targeted Dealer | I1358: 68 | J1358: =I1358/$J$1*($J$1-$E$1) -> 63.466667 | K1358: 76 | L1358: =I1358-K1358 -> -8 | M1358: =IFERROR((K1358/J1358%),"-") -> 119.7479 | N1358: 128 | O1358: =IF(F1358<=$P$2,"Mar","") -> Mar | P1358: =N1358 -> 128 | Q1358: =K1358-P1358 -> -52 | R1358: =IFERROR(IF(O1358="Mar",(K1358/P1358-1))," ") -> -0.40625 | S1358: =IF(N1358>0,IF(O1358="","-",IF(R1358<0%,"DEGROWTH","GROWTH"))) -> DEGROWTH | T1358: 23 | U1358: =IF(F1358<=$V$2,"Apr","") -> Apr | V1358: 23 | W1358: =K1358-V1358 -> 53 | X1358: =IFERROR(IF(U1358="Apr",(K1358/V1358-1)),0) -> 2.3043478 | Y1358: =IF(T1358>0,IF(U1358="","-",IF(X1358<0%,"DEGROWTH","GROWTH"))) -> GROWTH | Z1358: 0 | AB1358: NE 1 | AC1358: NE 1 | AD1358: =IF(K1358=0,1,0) -> 0
... A1515: BH | B1515: Saharsa | C1515: BHL020 | D1515: 1000004488 | E1515: LAKSHMI ENTERPRISES | F1515: 45948 | G1515: =IF(I1515>0,"Targeted Dealer","-") -> Targeted Dealer | I1515: 25 | J1515: =I1515/$J$1*($J$1-$E$1) -> 23.333333 | K1515: 30 | L1515: =I1515-K1515 -> -5 | M1515: =IFERROR((K1515/J1515%),"-") -> 128.57143 | N1515: 25 | O1515: =IF(F1515<=$P$2,"Mar","") -> Mar | P1515: =N1515 -> 25 | Q1515: =K1515-P1515 -> 5 | R1515: =IFERROR(IF(O1515="Mar",(K1515/P1515-1))," ") -> 0.2 | S1515: =IF(N1515>0,IF(O1515="","-",IF(R1515<0%,"DEGROWTH","GROWTH"))) -> GROWTH | T1515: 0 | U1515: =IF(F1515<=$V$2,"Apr","") -> Apr | V1515: 0 | W1515: =K1515-V1515 -> 30 | X1515: =IFERROR(IF(U1515="Apr",(K1515/V1515-1)),0) -> 0 | Y1515: =IF(T1515>0,IF(U1515="","-",IF(X1515<0%,"DEGROWTH","GROWTH"))) -> FALSE | Z1515: 0 | AB1515: NE 1 | AC1515: BH | AD1515: =IF(K1515=0,1,0) -> 0
A1516: NB 2 | B1516: UTTAR DINAJPUR | C1516: =#N/A -> #N/A | D1516: 1000004514 | E1516: LATIFUL HARDWARE | F1516: 45967 | G1516: =IF(I1516>0,"Targeted Dealer","-") -> Targeted Dealer | I1516: 250 | J1516: =I1516/$J$1*($J$1-$E$1) -> 233.33333 | K1516: 731 | L1516: =I1516-K1516 -> -481 | M1516: =IFERROR((K1516/J1516%),"-") -> 313.28571 | N1516: 596 | O1516: =IF(F1516<=$P$2,"Mar","") -> Mar | P1516: =N1516 -> 596 | Q1516: =K1516-P1516 -> 135 | R1516: =IFERROR(IF(O1516="Mar",(K1516/P1516-1))," ") -> 0.22651007 | S1516: =IF(N1516>0,IF(O1516="","-",IF(R1516<0%,"DEGROWTH","GROWTH"))) -> GROWTH | T1516: 0 | U1516: =IF(F1516<=$V$2,"Apr","") -> Apr | V1516: 0 | W1516: =K1516-V1516 -> 731 | X1516: =IFERROR(IF(U1516="Apr",(K1516/V1516-1)),0) -> 0 | Y1516: =IF(T1516>0,IF(U1516="","-",IF(X1516<0%,"DEGROWTH","GROWTH"))) -> FALSE | Z1516: 0 | AB1516: NE 1 | AC1516: NB 2 | AD1516: =IF(K1516=0,1,0) -> 0
A1517: NE 1 | B1517: AP- Banderdewa | C1517: NEN256 | D1517: 1000004542 | E1517: NT HARDWARE | F1517: 45978 | G1517: =IF(I1517>0,"Targeted Dealer","-") -> Targeted Dealer | I1517: 20 | J1517: =I1517/$J$1*($J$1-$E$1) -> 18.666667 | K1517: 25 | L1517: =I1517-K1517 -> -5 | M1517: =IFERROR((K1517/J1517%),"-") -> 133.92857 | N1517: 0 | O1517: =IF(F1517<=$P$2,"Mar","") -> Mar | P1517: =N1517 -> 0 | Q1517: =K1517-P1517 -> 25 | R1517: =IFERROR(IF(O1517="Mar",(K1517/P1517-1))," ") | S1517: =IF(N1517>0,IF(O1517="","-",IF(R1517<0%,"DEGROWTH","GROWTH"))) -> FALSE | T1517: 0 | U1517: =IF(F1517<=$V$2,"Apr","") -> Apr | V1517: 0 | W1517: =K1517-V1517 -> 25 | X1517: =IFERROR(IF(U1517="Apr",(K1517/V1517-1)),0) -> 0 | Y1517: =IF(T1517>0,IF(U1517="","-",IF(X1517<0%,"DEGROWTH","GROWTH"))) -> FALSE | Z1517: 0 | AB1517: NE 1 | AC1517: NE 1 | AD1517: =IF(K1517=0,1,0) -> 0
A1518: NE 1 | B1518: AP- Lekhabali | C1518: NEP321 | D1518: 1000004543 | E1518: PAO FURNITURE | F1518: 45978 | G1518: =IF(I1518>0,"Targeted Dealer","-") -> Targeted Dealer | I1518: 80 | J1518: =I1518/$J$1*($J$1-$E$1) -> 74.666667 | K1518: 120 | L1518: =I1518-K1518 -> -40 | M1518: =IFERROR((K1518/J1518%),"-") -> 160.71429 | N1518: 95 | O1518: =IF(F1518<=$P$2,"Mar","") -> Mar | P1518: =N1518 -> 95 | Q1518: =K1518-P1518 -> 25 | R1518: =IFERROR(IF(O1518="Mar",(K1518/P1518-1))," ") -> 0.26315789 | S1518: =IF(N1518>0,IF(O1518="","-",IF(R1518<0%,"DEGROWTH","GROWTH"))) -> GROWTH | T1518: 0 | U1518: =IF(F1518<=$V$2,"Apr","") -> Apr | V1518: 0 | W1518: =K1518-V1518 -> 120 | X1518: =IFERROR(IF(U1518="Apr",(K1518/V1518-1)),0) -> 0 | Y1518: =IF(T1518>0,IF(U1518="","-",IF(X1518<0%,"DEGROWTH","GROWTH"))) -> FALSE | Z1518: 0 | AB1518: NE 1 | AC1518: NE 1 | AD1518: =IF(K1518=0,1,0) -> 0
A1519: NE 1 | B1519: DIBRUGARH | C1519: NEP320 | D1519: 1000004532 | E1519: P G ENTERPRISE | F1519: 45972 | G1519: =IF(I1519>0,"Targeted Dealer","-") -> Targeted Dealer | I1519: 200 | J1519: =I1519/$J$1*($J$1-$E$1) -> 186.66667 | K1519: 285 | L1519: =I1519-K1519 -> -85 | M1519: =IFERROR((K1519/J1519%),"-") -> 152.67857 | N1519: 294 | O1519: =IF(F1519<=$P$2,"Mar","") -> Mar | P1519: =N1519 -> 294 | Q1519: =K1519-P1519 -> -9 | R1519: =IFERROR(IF(O1519="Mar",(K1519/P1519-1))," ") -> -0.030612245 | S1519: =IF(N1519>0,IF(O1519="","-",IF(R1519<0%,"DEGROWTH","GROWTH"))) -> DEGROWTH | T1519: 0 | U1519: =IF(F1519<=$V$2,"Apr","") -> Apr | V1519: 0 | W1519: =K1519-V1519 -> 285 | X1519: =IFERROR(IF(U1519="Apr",(K1519/V1519-1)),0) -> 0 | Y1519: =IF(T1519>0,IF(U1519="","-",IF(X1519<0%,"DEGROWTH","GROWTH"))) -> FALSE | Z1519: 0 | AB1519: NE 1 | AC1519: NE 1 | AD1519: =IF(K1519=0,1,0) -> 0
A1520: NE 1 | B1520: JAINTIA HILLS | C1520: NEF042 | D1520: 1000004504 | E1520: FRIDAY HINGE | F1520: 45952 | G1520: =IF(I1520>0,"Targeted Dealer","-") -> Targeted Dealer | I1520: 23 | J1520: =I1520/$J$1*($J$1-$E$1) -> 21.466667 | K1520: 55.5 | L1520: =I1520-K1520 -> -32.5 | M1520: =IFERROR((K1520/J1520%),"-") -> 258.54037 | N1520: 82.5 | O1520: =IF(F1520<=$P$2,"Mar","") -> Mar | P1520: =N1520 -> 82.5 | Q1520: =K1520-P1520 -> -27 | R1520: =IFERROR(IF(O1520="Mar",(K1520/P1520-1))," ") -> -0.32727273 | S1520: =IF(N1520>0,IF(O1520="","-",IF(R1520<0%,"DEGROWTH","GROWTH"))) -> DEGROWTH | T1520: 0 | U1520: =IF(F1520<=$V$2,"Apr","") -> Apr | V1520: 0 | W1520: =K1520-V1520 -> 55.5 | X1520: =IFERROR(IF(U1520="Apr",(K1520/V1520-1)),0) -> 0 | Y1520: =IF(T1520>0,IF(U1520="","-",IF(X1520<0%,"DEGROWTH","GROWTH"))) -> FALSE | Z1520: 0 | AB1520: NE 1 | AC1520: NE 1 | AD1520: =IF(K1520=0,1,0) -> 0
A1521: NE 1 | B1521: MANIPUR | C1521: NEA497 | D1521: 1000004393 | E1521: AK TRADERS | F1521: 45825 | G1521: =IF(I1521>0,"Targeted Dealer","-") -> Targeted Dealer | I1521: 75 | J1521: =I1521/$J$1*($J$1-$E$1) -> 70 | K1521: 35 | L1521: =I1521-K1521 -> 40 | M1521: =IFERROR((K1521/J1521%),"-") -> 50 | N1521: 35 | O1521: =IF(F1521<=$P$2,"Mar","") -> Mar | P1521: =N1521 -> 35 | Q1521: =K1521-P1521 -> 0 | R1521: =IFERROR(IF(O1521="Mar",(K1521/P1521-1))," ") -> 0 | S1521: =IF(N1521>0,IF(O1521="","-",IF(R1521<0%,"DEGROWTH","GROWTH"))) -> GROWTH | T1521: 0 | U1521: =IF(F1521<=$V$2,"Apr","") -> Apr | V1521: 0 | W1521: =K1521-V1521 -> 35 | X1521: =IFERROR(IF(U1521="Apr",(K1521/V1521-1)),0) -> 0 | Y1521: =IF(T1521>0,IF(U1521="","-",IF(X1521<0%,"DEGROWTH","GROWTH"))) -> FALSE | Z1521: 0 | AB1521: NE 1 | AC1521: NE 1 | AD1521: =IF(K1521=0,1,0) -> 0
A1522: NE 1 | B1522: NAGALAND | C1522: NEF050 | D1522: 1000004509 | E1522: A.P ENTERPRISE | F1522: 45961 | G1522: =IF(I1522>0,"Targeted Dealer","-") -> Targeted Dealer | I1522: 70 | J1522: =I1522/$J$1*($J$1-$E$1) -> 65.333333 | K1522: 0 | L1522: =I1522-K1522 -> 70 | M1522: =IFERROR((K1522/J1522%),"-") -> 0 | N1522: 99.8 | O1522: =IF(F1522<=$P$2,"Mar","") -> Mar | P1522: =N1522 -> 99.8 | Q1522: =K1522-P1522 -> -99.8 | R1522: =IFERROR(IF(O1522="Mar",(K1522/P1522-1))," ") -> -1 | S1522: =IF(N1522>0,IF(O1522="","-",IF(R1522<0%,"DEGROWTH","GROWTH"))) -> DEGROWTH | T1522: 0 | U1522: =IF(F1522<=$V$2,"Apr","") -> Apr | V1522: 0 | W1522: =K1522-V1522 -> 0 | X1522: =IFERROR(IF(U1522="Apr",(K1522/V1522-1)),0) -> 0 | Y1522: =IF(T1522>0,IF(U1522="","-",IF(X1522<0%,"DEGROWTH","GROWTH"))) -> FALSE | Z1522: 0 | AB1522: NE 1 | AC1522: NE 1 | AD1522: =IF(K1522=0,1,0) -> 1
A1523: NE 1 | B1523: NAGAON | C1523: NEF043 | D1523: 1000004515 | E1523: M M HARDWARE | F1523: 45968 | G1523: =IF(I1523>0,"Targeted Dealer","-") -> - | I1523: 0 | J1523: =I1523/$J$1*($J$1-$E$1) -> 0 | K1523: 0 | L1523: =I1523-K1523 -> 0 | M1523: =IFERROR((K1523/J1523%),"-") -> - | N1523: 0 | O1523: =IF(F1523<=$P$2,"Mar","") -> Mar | P1523: =N1523 -> 0 | Q1523: =K1523-P1523 -> 0 | R1523: =IFERROR(IF(O1523="Mar",(K1523/P1523-1))," ") | S1523: =IF(N1523>0,IF(O1523="","-",IF(R1523<0%,"DEGROWTH","GROWTH"))) -> FALSE | T1523: 0 | U1523: =IF(F1523<=$V$2,"Apr","") -> Apr | V1523: 0 | W1523: =K1523-V1523 -> 0 | X1523: =IFERROR(IF(U1523="Apr",(K1523/V1523-1)),0) -> 0 | Y1523: =IF(T1523>0,IF(U1523="","-",IF(X1523<0%,"DEGROWTH","GROWTH"))) -> FALSE | Z1523: 0 | AB1523: NE 1 | AC1523: NE 1 | AD1523: =IF(K1523=0,1,0) -> 1
A1524: NE 1 | B1524: SHILLONG | C1524: NER287 | D1524: 1000003662 | E1524: R.SNAITANG HARDWARE STORE | F1524: 45135 | G1524: =IF(I1524>0,"Targeted Dealer","-") -> Targeted Dealer | I1524: 100 | J1524: =I1524/$J$1*($J$1-$E$1) -> 93.333333 | K1524: 0 | L1524: =I1524-K1524 -> 100 | M1524: =IFERROR((K1524/J1524%),"-") -> 0 | N1524: 0 | O1524: =IF(F1524<=$P$2,"Mar","") -> Mar | P1524: =N1524 -> 0 | Q1524: =K1524-P1524 -> 0 | R1524: =IFERROR(IF(O1524="Mar",(K1524/P1524-1))," ") | S1524: =IF(N1524>0,IF(O1524="","-",IF(R1524<0%,"DEGROWTH","GROWTH"))) -> FALSE | T1524: 30 | U1524: =IF(F1524<=$V$2,"Apr","") -> Apr | V1524: 30 | W1524: =K1524-V1524 -> -30 | X1524: =IFERROR(IF(U1524="Apr",(K1524/V1524-1)),0) -> -1 | Y1524: =IF(T1524>0,IF(U1524="","-",IF(X1524<0%,"DEGROWTH","GROWTH"))) -> DEGROWTH | Z1524: 0 | AB1524: NE 1 | AC1524: NE 1 | AD1524: =IF(K1524=0,1,0) -> 1
A1525: NE 1 | B1525: SHILLONG | C1525: NES796 | D1525: 1000004486 | E1525: SKELAND NONGSIEJ | F1525: 45940 | G1525: =IF(I1525>0,"Targeted Dealer","-") -> Targeted Dealer | I1525: 23 | J1525: =I1525/$J$1*($J$1-$E$1) -> 21.466667 | K1525: 50 | L1525: =I1525-K1525 -> -27 | M1525: =IFERROR((K1525/J1525%),"-") -> 232.91925 | N1525: 25 | O1525: =IF(F1525<=$P$2,"Mar","") -> Mar | P1525: =N1525 -> 25 | Q1525: =K1525-P1525 -> 25 | R1525: =IFERROR(IF(O1525="Mar",(K1525/P1525-1))," ") -> 1 | S1525: =IF(N1525>0,IF(O1525="","-",IF(R1525<0%,"DEGROWTH","GROWTH"))) -> GROWTH | T1525: 0 | U1525: =IF(F1525<=$V$2,"Apr","") -> Apr | V1525: 0 | W1525: =K1525-V1525 -> 50 | X1525: =IFERROR(IF(U1525="Apr",(K1525/V1525-1)),0) -> 0 | Y1525: =IF(T1525>0,IF(U1525="","-",IF(X1525<0%,"DEGROWTH","GROWTH"))) -> FALSE | Z1525: 0 | AB1525: NE 1 | AC1525: NE 1 | AD1525: =IF(K1525=0,1,0) -> 0
A1526: NE 1 | B1526: SHILLONG | C1526: NEP299 | D1526: 1000004135 | E1526: PYNTNGEN MYRTHONG | F1526: 45559 | G1526: =IF(I1526>0,"Targeted Dealer","-") -> Targeted Dealer | I1526: 50 | J1526: =I1526/$J$1*($J$1-$E$1) -> 46.666667 | K1526: 27 | L1526: =I1526-K1526 -> 23 | M1526: =IFERROR((K1526/J1526%),"-") -> 57.857143 | N1526: 67 | O1526: =IF(F1526<=$P$2,"Mar","") -> Mar | P1526: =N1526 -> 67 | Q1526: =K1526-P1526 -> -40 | R1526: =IFERROR(IF(O1526="Mar",(K1526/P1526-1))," ") -> -0.59701493 | S1526: =IF(N1526>0,IF(O1526="","-",IF(R1526<0%,"DEGROWTH","GROWTH"))) -> DEGROWTH | T1526: 0 | U1526: =IF(F1526<=$V$2,"Apr","") -> Apr | V1526: 0 | W1526: =K1526-V1526 -> 27 | X1526: =IFERROR(IF(U1526="Apr",(K1526/V1526-1)),0) -> 0 | Y1526: =IF(T1526>0,IF(U1526="","-",IF(X1526<0%,"DEGROWTH","GROWTH"))) -> FALSE | Z1526: 0 | AB1526: NE 1 | AC1526: NE 1 | AD1526: =IF(K1526=0,1,0) -> 0
A1527: NE 1 | B1527: SHILLONG | C1527: NEP275 | D1527: 1000003712 | E1527: PAUL AIBANAIBOK BAMON | F1527: 45173 | G1527: =IF(I1527>0,"Targeted Dealer","-") -> Targeted Dealer | I1527: 23 | J1527: =I1527/$J$1*($J$1-$E$1) -> 21.466667 | K1527: 23 | L1527: =I1527-K1527 -> 0 | M1527: =IFERROR((K1527/J1527%),"-") -> 107.14286 | N1527: 46 | O1527: =IF(F1527<=$P$2,"Mar","") -> Mar | P1527: =N1527 -> 46 | Q1527: =K1527-P1527 -> -23 | R1527: =IFERROR(IF(O1527="Mar",(K1527/P1527-1))," ") -> -0.5 | S1527: =IF(N1527>0,IF(O1527="","-",IF(R1527<0%,"DEGROWTH","GROWTH"))) -> DEGROWTH | T1527: 0 | U1527: =IF(F1527<=$V$2,"Apr","") -> Apr | V1527: 0 | W1527: =K1527-V1527 -> 23 | X1527: =IFERROR(IF(U1527="Apr",(K1527/V1527-1)),0) -> 0 | Y1527: =IF(T1527>0,IF(U1527="","-",IF(X1527<0%,"DEGROWTH","GROWTH"))) -> FALSE | Z1527: 0 | AB1527: NE 1 | AC1527: NE 1 | AD1527: =IF(K1527=0,1,0) -> 0
A1528: NE 1 | B1528: Sibsagar | C1528: NEA503 | D1528: 1000004511 | E1528: AMBIKA HARDWARE | F1528: 45966 | G1528: =IF(I1528>0,"Targeted Dealer","-") -> Targeted Dealer | I1528: 40 | J1528: =I1528/$J$1*($J$1-$E$1) -> 37.333333 | K1528: 20 | L1528: =I1528-K1528 -> 20 | M1528: =IFERROR((K1528/J1528%),"-") -> 53.571429 | N1528: 15 | O1528: =IF(F1528<=$P$2,"Mar","") -> Mar | P1528: =N1528 -> 15 | Q1528: =K1528-P1528 -> 5 | R1528: =IFERROR(IF(O1528="Mar",(K1528/P1528-1))," ") -> 0.33333333 | S1528: =IF(N1528>0,IF(O1528="","-",IF(R1528<0%,"DEGROWTH","GROWTH"))) -> GROWTH | T1528: 0 | U1528: =IF(F1528<=$V$2,"Apr","") -> Apr | V1528: 0 | W1528: =K1528-V1528 -> 20 | X1528: =IFERROR(IF(U1528="Apr",(K1528/V1528-1)),0) -> 0 | Y1528: =IF(T1528>0,IF(U1528="","-",IF(X1528<0%,"DEGROWTH","GROWTH"))) -> FALSE | Z1528: 0 | AB1528: NE 1 | AC1528: NE 1 | AD1528: =IF(K1528=0,1,0) -> 0
... A1661: NE 1 | B1661: TINSUKIA | C1661: NED274 | D1661: 1000004659 | E1661: DURGA HARDWARE | F1661: 46076 | G1661: =IF(I1661>0,"Targeted Dealer","-") -> Targeted Dealer | I1661: 30 | J1661: =I1661/$J$1*($J$1-$E$1) -> 28 | K1661: 0 | L1661: =I1661-K1661 -> 30 | M1661: =IFERROR((K1661/J1661%),"-") -> 0 | N1661: 0 | O1661: =IF(F1661<=$P$2,"Mar","") -> Mar | P1661: =N1661 -> 0 | Q1661: =K1661-P1661 -> 0 | R1661: =IFERROR(IF(O1661="Mar",(K1661/P1661-1))," ") | S1661: =IF(N1661>0,IF(O1661="","-",IF(R1661<0%,"DEGROWTH","GROWTH"))) -> FALSE | T1661: 0 | U1661: =IF(F1661<=$V$2,"Apr","") -> Apr | V1661: 0 | W1661: =K1661-V1661 -> 0 | X1661: =IFERROR(IF(U1661="Apr",(K1661/V1661-1)),0) -> 0 | Y1661: =IF(T1661>0,IF(U1661="","-",IF(X1661<0%,"DEGROWTH","GROWTH"))) -> FALSE | Z1661: 0 | AB1661: NE 1 | AC1661: NE 1 | AD1661: =IF(K1661=0,1,0) -> 1
A1662: NB 1 | B1662: ALIPURDUAR | C1662: WBS358 | D1662: 1000004682 | E1662: SAHA TRADING COMPANY | F1662: 46099 | G1662: =IF(I1662>0,"Targeted Dealer","-") -> Targeted Dealer | I1662: 50 | J1662: =I1662/$J$1*($J$1-$E$1) -> 46.666667 | K1662: 246 | L1662: =I1662-K1662 -> -196 | M1662: =IFERROR((K1662/J1662%),"-") -> 527.14286 | N1662: 12 | O1662: =IF(F1662<=$P$2,"Mar","") -> Mar | P1662: =N1662 -> 12 | Q1662: =K1662-P1662 -> 234 | R1662: =IFERROR(IF(O1662="Mar",(K1662/P1662-1))," ") -> 19.5 | S1662: =IF(N1662>0,IF(O1662="","-",IF(R1662<0%,"DEGROWTH","GROWTH"))) -> GROWTH | T1662: 0 | U1662: =IF(F1662<=$V$2,"Apr","") -> Apr | V1662: 0 | W1662: =K1662-V1662 -> 246 | X1662: =IFERROR(IF(U1662="Apr",(K1662/V1662-1)),0) -> 0 | Y1662: =IF(T1662>0,IF(U1662="","-",IF(X1662<0%,"DEGROWTH","GROWTH"))) -> FALSE | Z1662: 0 | AB1662: NE 1 | AD1662: =IF(K1662=0,1,0) -> 0
A1663: NE 1 | B1663: AP- Banderdewa | C1663: NEK239 | D1663: 1000004681 | E1663: K A ENTERPRISE | F1663: 46099 | G1663: =IF(I1663>0,"Targeted Dealer","-") -> Targeted Dealer | I1663: 20 | J1663: =I1663/$J$1*($J$1-$E$1) -> 18.666667 | K1663: 30 | L1663: =I1663-K1663 -> -10 | M1663: =IFERROR((K1663/J1663%),"-") -> 160.71429 | N1663: 20 | O1663: =IF(F1663<=$P$2,"Mar","") -> Mar | P1663: =N1663 -> 20 | Q1663: =K1663-P1663 -> 10 | R1663: =IFERROR(IF(O1663="Mar",(K1663/P1663-1))," ") -> 0.5 | S1663: =IF(N1663>0,IF(O1663="","-",IF(R1663<0%,"DEGROWTH","GROWTH"))) -> GROWTH | T1663: 0 | U1663: =IF(F1663<=$V$2,"Apr","") -> Apr | V1663: 0 | W1663: =K1663-V1663 -> 30 | X1663: =IFERROR(IF(U1663="Apr",(K1663/V1663-1)),0) -> 0 | Y1663: =IF(T1663>0,IF(U1663="","-",IF(X1663<0%,"DEGROWTH","GROWTH"))) -> FALSE | Z1663: 0 | AB1663: NE 1 | AD1663: =IF(K1663=0,1,0) -> 0
A1664: NE 1 | B1664: AP- Lekhabali | C1664: NEA196 | D1664: 1000000093 | E1664: ARUNACHAL HARDWARE | F1664: 44738 | G1664: =IF(I1664>0,"Targeted Dealer","-") -> Targeted Dealer | I1664: 20 | J1664: =I1664/$J$1*($J$1-$E$1) -> 18.666667 | K1664: 30 | L1664: =I1664-K1664 -> -10 | M1664: =IFERROR((K1664/J1664%),"-") -> 160.71429 | N1664: 5 | O1664: =IF(F1664<=$P$2,"Mar","") -> Mar | P1664: =N1664 -> 5 | Q1664: =K1664-P1664 -> 25 | R1664: =IFERROR(IF(O1664="Mar",(K1664/P1664-1))," ") -> 5 | S1664: =IF(N1664>0,IF(O1664="","-",IF(R1664<0%,"DEGROWTH","GROWTH"))) -> GROWTH | T1664: 20 | U1664: =IF(F1664<=$V$2,"Apr","") -> Apr | V1664: 20 | W1664: =K1664-V1664 -> 10 | X1664: =IFERROR(IF(U1664="Apr",(K1664/V1664-1)),0) -> 0.5 | Y1664: =IF(T1664>0,IF(U1664="","-",IF(X1664<0%,"DEGROWTH","GROWTH"))) -> GROWTH | Z1664: 0 | AB1664: NE 1 | AD1664: =IF(K1664=0,1,0) -> 0
A1665: NE 2 | B1665: CACHAR | C1665: NEU055 | D1665: 1000004676 | E1665: UNIQUE HARDWARE | F1665: 46078 | G1665: =IF(I1665>0,"Targeted Dealer","-") -> Targeted Dealer | I1665: 20 | J1665: =I1665/$J$1*($J$1-$E$1) -> 18.666667 | K1665: 10 | L1665: =I1665-K1665 -> 10 | M1665: =IFERROR((K1665/J1665%),"-") -> 53.571429 | N1665: 10 | O1665: =IF(F1665<=$P$2,"Mar","") -> Mar | P1665: =N1665 -> 10 | Q1665: =K1665-P1665 -> 0 | R1665: =IFERROR(IF(O1665="Mar",(K1665/P1665-1))," ") -> 0 | S1665: =IF(N1665>0,IF(O1665="","-",IF(R1665<0%,"DEGROWTH","GROWTH"))) -> GROWTH | T1665: 0 | U1665: =IF(F1665<=$V$2,"Apr","") -> Apr | V1665: 0 | W1665: =K1665-V1665 -> 10 | X1665: =IFERROR(IF(U1665="Apr",(K1665/V1665-1)),0) -> 0 | Y1665: =IF(T1665>0,IF(U1665="","-",IF(X1665<0%,"DEGROWTH","GROWTH"))) -> FALSE | Z1665: 0 | AB1665: NE 1 | AD1665: =IF(K1665=0,1,0) -> 0
A1666: NB 1 | B1666: Cooch Behar | C1666: WBS357 | D1666: 1000004677 | E1666: SREE KRISHNA HARDWARE - COOCHBEHAR | F1666: 46080 | G1666: =IF(I1666>0,"Targeted Dealer","-") -> Targeted Dealer | I1666: 50 | J1666: =I1666/$J$1*($J$1-$E$1) -> 46.666667 | K1666: 62 | L1666: =I1666-K1666 -> -12 | M1666: =IFERROR((K1666/J1666%),"-") -> 132.85714 | N1666: 75 | O1666: =IF(F1666<=$P$2,"Mar","") -> Mar | P1666: =N1666 -> 75 | Q1666: =K1666-P1666 -> -13 | R1666: =IFERROR(IF(O1666="Mar",(K1666/P1666-1))," ") -> -0.17333333 | S1666: =IF(N1666>0,IF(O1666="","-",IF(R1666<0%,"DEGROWTH","GROWTH"))) -> DEGROWTH | T1666: 0 | U1666: =IF(F1666<=$V$2,"Apr","") -> Apr | V1666: 0 | W1666: =K1666-V1666 -> 62 | X1666: =IFERROR(IF(U1666="Apr",(K1666/V1666-1)),0) -> 0 | Y1666: =IF(T1666>0,IF(U1666="","-",IF(X1666<0%,"DEGROWTH","GROWTH"))) -> FALSE | Z1666: 0 | AB1666: NE 1 | AD1666: =IF(K1666=0,1,0) -> 0
A1667: NE 2 | B1667: DARANG | C1667: NER350 | D1667: 1000004263 | E1667: R C HARDWARE | F1667: 45695 | G1667: =IF(I1667>0,"Targeted Dealer","-") -> - | I1667: 0 | J1667: =I1667/$J$1*($J$1-$E$1) -> 0 | K1667: 0 | L1667: =I1667-K1667 -> 0 | M1667: =IFERROR((K1667/J1667%),"-") -> - | N1667: 0 | O1667: =IF(F1667<=$P$2,"Mar","") -> Mar | P1667: =N1667 -> 0 | Q1667: =K1667-P1667 -> 0 | R1667: =IFERROR(IF(O1667="Mar",(K1667/P1667-1))," ") | S1667: =IF(N1667>0,IF(O1667="","-",IF(R1667<0%,"DEGROWTH","GROWTH"))) -> FALSE | T1667: 13 | U1667: =IF(F1667<=$V$2,"Apr","") -> Apr | V1667: 13 | W1667: =K1667-V1667 -> -13 | X1667: =IFERROR(IF(U1667="Apr",(K1667/V1667-1)),0) -> -1 | Y1667: =IF(T1667>0,IF(U1667="","-",IF(X1667<0%,"DEGROWTH","GROWTH"))) -> DEGROWTH | Z1667: 0 | AB1667: NE 1 | AD1667: =IF(K1667=0,1,0) -> 1
A1668: NB 1 | B1668: DARJEELING HILLS | C1668: WBS303 | D1668: 1000001383 | E1668: SHREE RAM TRADERS . CHAMPASARI | F1668: 44739 | G1668: =IF(I1668>0,"Targeted Dealer","-") -> - | I1668: 0 | J1668: =I1668/$J$1*($J$1-$E$1) -> 0 | K1668: 25 | L1668: =I1668-K1668 -> -25 | M1668: =IFERROR((K1668/J1668%),"-") -> - | N1668: 0 | O1668: =IF(F1668<=$P$2,"Mar","") -> Mar | P1668: =N1668 -> 0 | Q1668: =K1668-P1668 -> 25 | R1668: =IFERROR(IF(O1668="Mar",(K1668/P1668-1))," ") | S1668: =IF(N1668>0,IF(O1668="","-",IF(R1668<0%,"DEGROWTH","GROWTH"))) -> FALSE | T1668: 167.75 | U1668: =IF(F1668<=$V$2,"Apr","") -> Apr | V1668: 167.75 | W1668: =K1668-V1668 -> -142.75 | X1668: =IFERROR(IF(U1668="Apr",(K1668/V1668-1)),0) -> -0.8509687 | Y1668: =IF(T1668>0,IF(U1668="","-",IF(X1668<0%,"DEGROWTH","GROWTH"))) -> DEGROWTH | Z1668: 0 | AB1668: NE 1 | AD1668: =IF(K1668=0,1,0) -> 0
A1669: NB 1 | B1669: DARJEELING HILLS | C1669: WBH057 | D1669: 1000004673 | E1669: HIMALAYAN BUILDER | F1669: 46078 | G1669: =IF(I1669>0,"Targeted Dealer","-") -> Targeted Dealer | I1669: 300 | J1669: =I1669/$J$1*($J$1-$E$1) -> 280 | K1669: 305.25 | L1669: =I1669-K1669 -> -5.25 | M1669: =IFERROR((K1669/J1669%),"-") -> 109.01786 | N1669: 455 | O1669: =IF(F1669<=$P$2,"Mar","") -> Mar | P1669: =N1669 -> 455 | Q1669: =K1669-P1669 -> -149.75 | R1669: =IFERROR(IF(O1669="Mar",(K1669/P1669-1))," ") -> -0.32912088 | S1669: =IF(N1669>0,IF(O1669="","-",IF(R1669<0%,"DEGROWTH","GROWTH"))) -> DEGROWTH | T1669: 0 | U1669: =IF(F1669<=$V$2,"Apr","") -> Apr | V1669: 0 | W1669: =K1669-V1669 -> 305.25 | X1669: =IFERROR(IF(U1669="Apr",(K1669/V1669-1)),0) -> 0 | Y1669: =IF(T1669>0,IF(U1669="","-",IF(X1669<0%,"DEGROWTH","GROWTH"))) -> FALSE | Z1669: 0 | AB1669: NE 1 | AD1669: =IF(K1669=0,1,0) -> 0
A1670: NE 1 | B1670: DIBRUGARH | C1670: NEB302 | D1670: 1000003197 | E1670: BHARTI HARDWARE | F1670: 44925 | G1670: =IF(I1670>0,"Targeted Dealer","-") -> - | I1670: 0 | J1670: =I1670/$J$1*($J$1-$E$1) -> 0 | K1670: 0 | L1670: =I1670-K1670 -> 0 | M1670: =IFERROR((K1670/J1670%),"-") -> - | N1670: 15 | O1670: =IF(F1670<=$P$2,"Mar","") -> Mar | P1670: =N1670 -> 15 | Q1670: =K1670-P1670 -> -15 | R1670: =IFERROR(IF(O1670="Mar",(K1670/P1670-1))," ") -> -1 | S1670: =IF(N1670>0,IF(O1670="","-",IF(R1670<0%,"DEGROWTH","GROWTH"))) -> DEGROWTH | T1670: 0 | U1670: =IF(F1670<=$V$2,"Apr","") -> Apr | V1670: 0 | W1670: =K1670-V1670 -> 0 | X1670: =IFERROR(IF(U1670="Apr",(K1670/V1670-1)),0) -> 0 | Y1670: =IF(T1670>0,IF(U1670="","-",IF(X1670<0%,"DEGROWTH","GROWTH"))) -> FALSE | Z1670: 0 | AB1670: NE 1 | AD1670: =IF(K1670=0,1,0) -> 1
A1671: NE 1 | B1671: DIBRUGARH | C1671: NEP273 | D1671: 1000003683 | E1671: PRAVEER ENTERPRISE | F1671: 45148 | G1671: =IF(I1671>0,"Targeted Dealer","-") -> Targeted Dealer | I1671: 40 | J1671: =I1671/$J$1*($J$1-$E$1) -> 37.333333 | K1671: 35 | L1671: =I1671-K1671 -> 5 | M1671: =IFERROR((K1671/J1671%),"-") -> 93.75 | N1671: 15 | O1671: =IF(F1671<=$P$2,"Mar","") -> Mar | P1671: =N1671 -> 15 | Q1671: =K1671-P1671 -> 20 | R1671: =IFERROR(IF(O1671="Mar",(K1671/P1671-1))," ") -> 1.3333333 | S1671: =IF(N1671>0,IF(O1671="","-",IF(R1671<0%,"DEGROWTH","GROWTH"))) -> GROWTH | T1671: 12.5 | U1671: =IF(F1671<=$V$2,"Apr","") -> Apr | V1671: 12.5 | W1671: =K1671-V1671 -> 22.5 | X1671: =IFERROR(IF(U1671="Apr",(K1671/V1671-1)),0) -> 1.8 | Y1671: =IF(T1671>0,IF(U1671="","-",IF(X1671<0%,"DEGROWTH","GROWTH"))) -> GROWTH | Z1671: 0 | AB1671: NE 1 | AD1671: =IF(K1671=0,1,0) -> 0
A1672: NE 1 | B1672: GOLAGHAT | C1672: NEN263 | D1672: 1000004666 | E1672: NIKU ENTERPRISE | F1672: 46081 | G1672: =IF(I1672>0,"Targeted Dealer","-") -> Targeted Dealer | I1672: 20 | J1672: =I1672/$J$1*($J$1-$E$1) -> 18.666667 | K1672: 0 | L1672: =I1672-K1672 -> 20 | M1672: =IFERROR((K1672/J1672%),"-") -> 0 | N1672: 15 | O1672: =IF(F1672<=$P$2,"Mar","") -> Mar | P1672: =N1672 -> 15 | Q1672: =K1672-P1672 -> -15 | R1672: =IFERROR(IF(O1672="Mar",(K1672/P1672-1))," ") -> -1 | S1672: =IF(N1672>0,IF(O1672="","-",IF(R1672<0%,"DEGROWTH","GROWTH"))) -> DEGROWTH | T1672: 0 | U1672: =IF(F1672<=$V$2,"Apr","") -> Apr | V1672: 0 | W1672: =K1672-V1672 -> 0 | X1672: =IFERROR(IF(U1672="Apr",(K1672/V1672-1)),0) -> 0 | Y1672: =IF(T1672>0,IF(U1672="","-",IF(X1672<0%,"DEGROWTH","GROWTH"))) -> FALSE | Z1672: 0 | AB1672: NE 1 | AD1672: =IF(K1672=0,1,0) -> 1
A1673: NE 1 | B1673: GOLAGHAT | C1673: NEJ213 | D1673: 1000004670 | E1673: JOYSHREE HARDWARE | F1673: 46091 | G1673: =IF(I1673>0,"Targeted Dealer","-") -> Targeted Dealer | I1673: 20 | J1673: =I1673/$J$1*($J$1-$E$1) -> 18.666667 | K1673: 0 | L1673: =I1673-K1673 -> 20 | M1673: =IFERROR((K1673/J1673%),"-") -> 0 | N1673: 15 | O1673: =IF(F1673<=$P$2,"Mar","") -> Mar | P1673: =N1673 -> 15 | Q1673: =K1673-P1673 -> -15 | R1673: =IFERROR(IF(O1673="Mar",(K1673/P1673-1))," ") -> -1 | S1673: =IF(N1673>0,IF(O1673="","-",IF(R1673<0%,"DEGROWTH","GROWTH"))) -> DEGROWTH | T1673: 0 | U1673: =IF(F1673<=$V$2,"Apr","") -> Apr | V1673: 0 | W1673: =K1673-V1673 -> 0 | X1673: =IFERROR(IF(U1673="Apr",(K1673/V1673-1)),0) -> 0 | Y1673: =IF(T1673>0,IF(U1673="","-",IF(X1673<0%,"DEGROWTH","GROWTH"))) -> FALSE | Z1673: 0 | AB1673: NE 1 | AD1673: =IF(K1673=0,1,0) -> 1
... A1731: NB 2 | B1731: RAGHUNATHGANJ | C1731: WBR161 | D1731: 1000004695 | E1731: R.R. ENTERPRISE | F1731: 46112 | G1731: =IF(I1731>0,"Targeted Dealer","-") -> Targeted Dealer | I1731: 250 | J1731: =I1731/$J$1*($J$1-$E$1) -> 233.33333 | K1731: 332 | L1731: =I1731-K1731 -> -82 | M1731: =IFERROR((K1731/J1731%),"-") -> 142.28571 | N1731: 0 | O1731: =IF(F1731<=$P$2,"Mar","") -> Mar | P1731: =N1731 -> 0 | Q1731: =K1731-P1731 -> 332 | R1731: =IFERROR(IF(O1731="Mar",(K1731/P1731-1))," ") | S1731: =IF(N1731>0,IF(O1731="","-",IF(R1731<0%,"DEGROWTH","GROWTH"))) -> FALSE | T1731: 0 | U1731: =IF(F1731<=$V$2,"Apr","") -> Apr | V1731: 0 | W1731: =K1731-V1731 -> 332 | X1731: =IFERROR(IF(U1731="Apr",(K1731/V1731-1)),0) -> 0 | Y1731: =IF(T1731>0,IF(U1731="","-",IF(X1731<0%,"DEGROWTH","GROWTH"))) -> FALSE | Z1731: 0 | AB1731: NE 1 | AD1731: =IF(K1731=0,1,0) -> 0
A1732: BH | B1732: BHAGALPUR | D1732: 1000002689 | E1732: GOPAL SHREE ENTERPRISES | K1732: 25 | AD1732: =IF(K1732=0,1,0) -> 0
A1733: BH | B1733: KISHANGANJ | D1733: 1000002772 | E1733: AGARWAL TRADING CO | K1733: 3.5 | AD1733: =IF(K1733=0,1,0) -> 0
A1734: NB 2 | B1734: UTTAR DINAJPUR | D1734: 1000004706 | E1734: JOARDER BUILDERS | K1734: 21 | AD1734: =IF(K1734=0,1,0) -> 0

Sheet DLRWISE (3)
E1: 0 | F1: =TODAY()-3 -> 46271 | I1: 46112 | J1: 30 | K1: =SUBTOTAL(9,K3:K1728) -> 357916.95 | N1: =SUBTOTAL(9,N3:N1768) -> 303947.04 | P1: =SUBTOTAL(9,P3:P1768) -> 303947.04 | T1: =SUBTOTAL(9,T3:T1768) -> 291351.15 | V1: =SUBTOTAL(9,V3:V1768) -> 291351.15
A2: REGION | B2: AREA | C2: CODE | D2: SAP | E2: DEALERS NAME | F2: DOA | G2: Targeted Dealer | H2: EXCLUSIVE DEALER | I2: June'26 Tgt | J2: Prorata Tgt | K2: 46203 | L2: Shortfall | M2: Prorata Achv % | N2: June'26 SALE | O2: May'26 DEALER | P2: June'26 SALE | Q2: VARIENCE | R2: GROWTH % | S2: June-26 Vs May-26 | T2: June-25 SALE | U2: May-25 Dealer | V2: June-25 SALE | W2: LYSM VARIENCE | X2: LYSM GROWTH % | Y2: June-25 SALE | Z2: ZERO | AA2: REGION | AB2: REGION | AC2: REGION | AD2: SD | AF2: REGION | AG2: Last 6 months avg sales
A3: NE 1 | B3: NAGAON | C3: B014 | D3: 1000000638 | E3: BANIK HARDWARE | F3: 38384 | G3: =IF(I3>0,"Targeted Dealer","-") -> Targeted Dealer | I3: 90 | J3: =I3/$J$1*($J$1-$E$1) -> 90 | K3: 100 | L3: =I3-K3 -> -10 | M3: =IFERROR((K3/J3%),"-") -> 111.11111 | N3: 80 | O3: =IF(F3<=$P$2,"June","") -> June | P3: =N3 -> 80 | Q3: =K3-P3 -> 20 | R3: =IFERROR(IF(O3="May",(K3/P3-1))," ") -> 0 | S3: =IF(N3>0,IF(O3="","-",IF(R3<0%,"DEGROWTH","GROWTH"))) -> GROWTH | T3: 87 | U3: =IF(F3<=$V$2,"May","") -> May | V3: =T3 -> 87 | W3: =K3-V3 -> 13 | X3: =IFERROR(IF(U3="June",(K3/V3-1)),0) -> 0 | Y3: =IF(T3>0,IF(U3="","-",IF(X3<0%,"DEGROWTH","GROWTH"))) -> GROWTH | Z3: 0 | AB3: NE 1 | AC3: NE 1 | AF3: NE 1 | AG3: =IFERROR(INDEX(Last6M_AvgSales_Ref!$B$2:$B$12659,MATCH(D3,Last6M_AvgSales_Ref!$A$2:$A$12659,0)),"") -> 116.66667
A4: NE 1 | B4: HOJAI | C4: S019 | D4: 1000000671 | E4: SANDHYA HARDWARE STORES | F4: 38390 | G4: =IF(I4>0,"Targeted Dealer","-") -> - | I4: 0 | J4: =I4/$J$1*($J$1-$E$1) -> 0 | K4: 0 | L4: =I4-K4 -> 0 | M4: =IFERROR((K4/J4%),"-") -> - | N4: 0 | O4: =IF(F4<=$P$2,"June","") -> June | P4: =N4 -> 0 | Q4: =K4-P4 -> 0 | R4: =IFERROR(IF(O4="May",(K4/P4-1))," ") -> 0 | S4: =IF(N4>0,IF(O4="","-",IF(R4<0%,"DEGROWTH","GROWTH"))) -> FALSE | T4: 0 | U4: =IF(F4<=$V$2,"May","") -> May | V4: =T4 -> 0 | W4: =K4-V4 -> 0 | X4: =IFERROR(IF(U4="June",(K4/V4-1)),0) -> 0 | Y4: =IF(T4>0,IF(U4="","-",IF(X4<0%,"DEGROWTH","GROWTH"))) -> FALSE | Z4: 0 | AB4: NE 1 | AC4: NE 1 | AF4: NE 1 | AG4: =IFERROR(INDEX(Last6M_AvgSales_Ref!$B$2:$B$12659,MATCH(D4,Last6M_AvgSales_Ref!$A$2:$A$12659,0)),"") -> 3.3333333
A5: NE 1 | B5: HOJAI | C5: S078 | D5: 1000000673 | E5: SREE BHANDER (SP FIRM) | F5: 38490 | G5: =IF(I5>0,"Targeted Dealer","-") -> Targeted Dealer | I5: 1700 | J5: =I5/$J$1*($J$1-$E$1) -> 1700 | K5: 1890 | L5: =I5-K5 -> -190 | M5: =IFERROR((K5/J5%),"-") -> 111.17647 | N5: 1750 | O5: =IF(F5<=$P$2,"June","") -> June | P5: =N5 -> 1750 | Q5: =K5-P5 -> 140 | R5: =IFERROR(IF(O5="May",(K5/P5-1))," ") -> 0 | S5: =IF(N5>0,IF(O5="","-",IF(R5<0%,"DEGROWTH","GROWTH"))) -> GROWTH | T5: 1498.5 | U5: =IF(F5<=$V$2,"May","") -> May | V5: =T5 -> 1498.5 | W5: =K5-V5 -> 391.5 | X5: =IFERROR(IF(U5="June",(K5/V5-1)),0) -> 0 | Y5: =IF(T5>0,IF(U5="","-",IF(X5<0%,"DEGROWTH","GROWTH"))) -> GROWTH | Z5: 0 | AB5: NE 1 | AC5: NE 1 | AF5: NE 1 | AG5: =IFERROR(INDEX(Last6M_AvgSales_Ref!$B$2:$B$12659,MATCH(D5,Last6M_AvgSales_Ref!$A$2:$A$12659,0)),"") -> 1647.5833
A6: NE 1 | B6: NAGAON | C6: S012 | D6: 1000000669 | E6: SAIKIA ENTERPRISE | F6: 39093 | G6: =IF(I6>0,"Targeted Dealer","-") -> Targeted Dealer | I6: 39 | J6: =I6/$J$1*($J$1-$E$1) -> 39 | K6: 52 | L6: =I6-K6 -> -13 | M6: =IFERROR((K6/J6%),"-") -> 133.33333 | N6: 13 | O6: =IF(F6<=$P$2,"June","") -> June | P6: =N6 -> 13 | Q6: =K6-P6 -> 39 | R6: =IFERROR(IF(O6="May",(K6/P6-1))," ") -> 0 | S6: =IF(N6>0,IF(O6="","-",IF(R6<0%,"DEGROWTH","GROWTH"))) -> GROWTH | T6: 26 | U6: =IF(F6<=$V$2,"May","") -> May | V6: =T6 -> 26 | W6: =K6-V6 -> 26 | X6: =IFERROR(IF(U6="June",(K6/V6-1)),0) -> 0 | Y6: =IF(T6>0,IF(U6="","-",IF(X6<0%,"DEGROWTH","GROWTH"))) -> GROWTH | Z6: 0 | AB6: NE 1 | AC6: NE 1 | AF6: NE 1 | AG6: =IFERROR(INDEX(Last6M_AvgSales_Ref!$B$2:$B$12659,MATCH(D6,Last6M_AvgSales_Ref!$A$2:$A$12659,0)),"") -> 29.333333
A7: NE 1 | B7: NAGAON | C7: S113 | D7: 1000000668 | E7: S.N.HARDWARE (NAGAON) | F7: 39257 | G7: =IF(I7>0,"Targeted Dealer","-") -> Targeted Dealer | I7: 26 | J7: =I7/$J$1*($J$1-$E$1) -> 26 | K7: 26 | L7: =I7-K7 -> 0 | M7: =IFERROR((K7/J7%),"-") -> 100 | N7: 13 | O7: =IF(F7<=$P$2,"June","") -> June | P7: =N7 -> 13 | Q7: =K7-P7 -> 13 | R7: =IFERROR(IF(O7="May",(K7/P7-1))," ") -> 0 | S7: =IF(N7>0,IF(O7="","-",IF(R7<0%,"DEGROWTH","GROWTH"))) -> GROWTH | T7: 13 | U7: =IF(F7<=$V$2,"May","") -> May | V7: =T7 -> 13 | W7: =K7-V7 -> 13 | X7: =IFERROR(IF(U7="June",(K7/V7-1)),0) -> 0 | Y7: =IF(T7>0,IF(U7="","-",IF(X7<0%,"DEGROWTH","GROWTH"))) -> GROWTH | Z7: 0 | AB7: NE 1 | AC7: NE 1 | AF7: NE 1 | AG7: =IFERROR(INDEX(Last6M_AvgSales_Ref!$B$2:$B$12659,MATCH(D7,Last6M_AvgSales_Ref!$A$2:$A$12659,0)),"") -> 10.833333
A8: NE 1 | B8: HOJAI | C8: R096 | D8: 1000000665 | E8: RAFIK HARDWARE | F8: 40672 | G8: =IF(I8>0,"Targeted Dealer","-") -> Targeted Dealer | I8: 340 | J8: =I8/$J$1*($J$1-$E$1) -> 340 | K8: 380 | L8: =I8-K8 -> -40 | M8: =IFERROR((K8/J8%),"-") -> 111.76471 | N8: 340 | O8: =IF(F8<=$P$2,"June","") -> June | P8: =N8 -> 340 | Q8: =K8-P8 -> 40 | R8: =IFERROR(IF(O8="May",(K8/P8-1))," ") -> 0 | S8: =IF(N8>0,IF(O8="","-",IF(R8<0%,"DEGROWTH","GROWTH"))) -> GROWTH | T8: 280 | U8: =IF(F8<=$V$2,"May","") -> May | V8: =T8 -> 280 | W8: =K8-V8 -> 100 | X8: =IFERROR(IF(U8="June",(K8/V8-1)),0) -> 0 | Y8: =IF(T8>0,IF(U8="","-",IF(X8<0%,"DEGROWTH","GROWTH"))) -> GROWTH | Z8: 0 | AB8: NE 1 | AC8: NE 1 | AF8: NE 1 | AG8: =IFERROR(INDEX(Last6M_AvgSales_Ref!$B$2:$B$12659,MATCH(D8,Last6M_AvgSales_Ref!$A$2:$A$12659,0)),"") -> 378.33333
A9: NE 1 | B9: NAGAON | C9: M238 | D9: 1000000653 | E9: MAA HARDWARE (NAGAON) | F9: 41186 | G9: =IF(I9>0,"Targeted Dealer","-") -> Targeted Dealer | I9: 80 | J9: =I9/$J$1*($J$1-$E$1) -> 80 | K9: 60 | L9: =I9-K9 -> 20 | M9: =IFERROR((K9/J9%),"-") -> 75 | N9: 80 | O9: =IF(F9<=$P$2,"June","") -> June | P9: =N9 -> 80 | Q9: =K9-P9 -> -20 | R9: =IFERROR(IF(O9="May",(K9/P9-1))," ") -> 0 | S9: =IF(N9>0,IF(O9="","-",IF(R9<0%,"DEGROWTH","GROWTH"))) -> GROWTH | T9: 80 | U9: =IF(F9<=$V$2,"May","") -> May | V9: =T9 -> 80 | W9: =K9-V9 -> -20 | X9: =IFERROR(IF(U9="June",(K9/V9-1)),0) -> 0 | Y9: =IF(T9>0,IF(U9="","-",IF(X9<0%,"DEGROWTH","GROWTH"))) -> GROWTH | Z9: 0 | AB9: NE 1 | AC9: NE 1 | AF9: NE 1 | AG9: =IFERROR(INDEX(Last6M_AvgSales_Ref!$B$2:$B$12659,MATCH(D9,Last6M_AvgSales_Ref!$A$2:$A$12659,0)),"") -> 51.666667
A10: NE 1 | B10: HOJAI | C10: A162 | D10: 1000000634 | E10: ALAM AGRO INDUSTRY | F10: 41397 | G10: =IF(I10>0,"Targeted Dealer","-") -> Targeted Dealer | I10: 110 | J10: =I10/$J$1*($J$1-$E$1) -> 110 | K10: 120 | L10: =I10-K10 -> -10 | M10: =IFERROR((K10/J10%),"-") -> 109.09091 | N10: 120 | O10: =IF(F10<=$P$2,"June","") -> June | P10: =N10 -> 120 | Q10: =K10-P10 -> 0 | R10: =IFERROR(IF(O10="May",(K10/P10-1))," ") -> 0 | S10: =IF(N10>0,IF(O10="","-",IF(R10<0%,"DEGROWTH","GROWTH"))) -> GROWTH | T10: 100 | U10: =IF(F10<=$V$2,"May","") -> May | V10: =T10 -> 100 | W10: =K10-V10 -> 20 | X10: =IFERROR(IF(U10="June",(K10/V10-1)),0) -> 0 | Y10: =IF(T10>0,IF(U10="","-",IF(X10<0%,"DEGROWTH","GROWTH"))) -> GROWTH | Z10: 0 | AB10: NE 1 | AC10: NE 1 | AF10: NE 1 | AG10: =IFERROR(INDEX(Last6M_AvgSales_Ref!$B$2:$B$12659,MATCH(D10,Last6M_AvgSales_Ref!$A$2:$A$12659,0)),"") -> 158.33333
A11: NE 1 | B11: HOJAI | C11: NEM008 | D11: 1000000654 | E11: MAA MANASA HARDWARE (HOJAI) | F11: 41791 | G11: =IF(I11>0,"Targeted Dealer","-") -> Targeted Dealer | I11: 160 | J11: =I11/$J$1*($J$1-$E$1) -> 160 | K11: 180 | L11: =I11-K11 -> -20 | M11: =IFERROR((K11/J11%),"-") -> 112.5 | N11: 175 | O11: =IF(F11<=$P$2,"June","") -> June | P11: =N11 -> 175 | Q11: =K11-P11 -> 5 | R11: =IFERROR(IF(O11="May",(K11/P11-1))," ") -> 0 | S11: =IF(N11>0,IF(O11="","-",IF(R11<0%,"DEGROWTH","GROWTH"))) -> GROWTH | T11: 147.5 | U11: =IF(F11<=$V$2,"May","") -> May | V11: =T11 -> 147.5 | W11: =K11-V11 -> 32.5 | X11: =IFERROR(IF(U11="June",(K11/V11-1)),0) -> 0 | Y11: =IF(T11>0,IF(U11="","-",IF(X11<0%,"DEGROWTH","GROWTH"))) -> GROWTH | Z11: 0 | AB11: NE 1 | AC11: NE 1 | AF11: NE 1 | AG11: =IFERROR(INDEX(Last6M_AvgSales_Ref!$B$2:$B$12659,MATCH(D11,Last6M_AvgSales_Ref!$A$2:$A$12659,0)),"") -> 116.16667
A12: NE 1 | B12: NAGAON | C12: NEM025 | D12: 1000000655 | E12: MAHABIR HARDWARE (DOOM DOOMIA) | F12: 41927 | G12: =IF(I12>0,"Targeted Dealer","-") -> Targeted Dealer | I12: 26 | J12: =I12/$J$1*($J$1-$E$1) -> 26 | K12: 26 | L12: =I12-K12 -> 0 | M12: =IFERROR((K12/J12%),"-") -> 100 | N12: 33 | O12: =IF(F12<=$P$2,"June","") -> June | P12: =N12 -> 33 | Q12: =K12-P12 -> -7 | R12: =IFERROR(IF(O12="May",(K12/P12-1))," ") -> 0 | S12: =IF(N12>0,IF(O12="","-",IF(R12<0%,"DEGROWTH","GROWTH"))) -> GROWTH | T12: 19.5 | U12: =IF(F12<=$V$2,"May","") -> May | V12: =T12 -> 19.5 | W12: =K12-V12 -> 6.5 | X12: =IFERROR(IF(U12="June",(K12/V12-1)),0) -> 0 | Y12: =IF(T12>0,IF(U12="","-",IF(X12<0%,"DEGROWTH","GROWTH"))) -> GROWTH | Z12: 0 | AB12: NE 1 | AC12: NE 1 | AF12: NE 1 | AG12: =IFERROR(INDEX(Last6M_AvgSales_Ref!$B$2:$B$12659,MATCH(D12,Last6M_AvgSales_Ref!$A$2:$A$12659,0)),"") -> 23.333333
A13: NE 1 | B13: HOJAI | C13: NEA028 | D13: 1000000633 | E13: A. HAQUE HARDWARE | F13: 42048 | G13: =IF(I13>0,"Targeted Dealer","-") -> Targeted Dealer | I13: 150 | J13: =I13/$J$1*($J$1-$E$1) -> 150 | K13: 200 | L13: =I13-K13 -> -50 | M13: =IFERROR((K13/J13%),"-") -> 133.33333 | N13: 171 | O13: =IF(F13<=$P$2,"June","") -> June | P13: =N13 -> 171 | Q13: =K13-P13 -> 29 | R13: =IFERROR(IF(O13="May",(K13/P13-1))," ") -> 0 | S13: =IF(N13>0,IF(O13="","-",IF(R13<0%,"DEGROWTH","GROWTH"))) -> GROWTH | T13: 122.5 | U13: =IF(F13<=$V$2,"May","") -> May | V13: =T13 -> 122.5 | W13: =K13-V13 -> 77.5 | X13: =IFERROR(IF(U13="June",(K13/V13-1)),0) -> 0 | Y13: =IF(T13>0,IF(U13="","-",IF(X13<0%,"DEGROWTH","GROWTH"))) -> GROWTH | Z13: 0 | AB13: NE 1 | AC13: NE 1 | AF13: NE 1 | AG13: =IFERROR(INDEX(Last6M_AvgSales_Ref!$B$2:$B$12659,MATCH(D13,Last6M_AvgSales_Ref!$A$2:$A$12659,0)),"") -> 165.25
A14: NE 1 | B14: HOJAI | C14: NES132 | D14: 1000000672 | E14: SHARMA HARDWARE (NAGAON) | F14: 42448 | G14: =IF(I14>0,"Targeted Dealer","-") -> Targeted Dealer | I14: 40 | J14: =I14/$J$1*($J$1-$E$1) -> 40 | K14: 46 | L14: =I14-K14 -> -6 | M14: =IFERROR((K14/J14%),"-") -> 115 | N14: 13 | O14: =IF(F14<=$P$2,"June","") -> June | P14: =N14 -> 13 | Q14: =K14-P14 -> 33 | R14: =IFERROR(IF(O14="May",(K14/P14-1))," ") -> 0 | S14: =IF(N14>0,IF(O14="","-",IF(R14<0%,"DEGROWTH","GROWTH"))) -> GROWTH | T14: 30 | U14: =IF(F14<=$V$2,"May","") -> May | V14: =T14 -> 30 | W14: =K14-V14 -> 16 | X14: =IFERROR(IF(U14="June",(K14/V14-1)),0) -> 0 | Y14: =IF(T14>0,IF(U14="","-",IF(X14<0%,"DEGROWTH","GROWTH"))) -> GROWTH | Z14: 0 | AB14: NE 1 | AC14: NE 1 | AF14: NE 1 | AG14: =IFERROR(INDEX(Last6M_AvgSales_Ref!$B$2:$B$12659,MATCH(D14,Last6M_AvgSales_Ref!$A$2:$A$12659,0)),"") -> 41.75
... A1466: BH | B1466: Saharsa | C1466: BHL020 | D1466: 1000004488 | E1466: LAKSHMI ENTERPRISES | F1466: 45948 | G1466: =IF(I1466>0,"Targeted Dealer","-") -> Targeted Dealer | I1466: 25 | J1466: =I1466/$J$1*($J$1-$E$1) -> 25 | K1466: 60 | L1466: =I1466-K1466 -> -35 | M1466: =IFERROR((K1466/J1466%),"-") -> 240 | N1466: 30 | O1466: =IF(F1466<=$P$2,"June","") -> June | P1466: =N1466 -> 30 | Q1466: =K1466-P1466 -> 30 | R1466: =IFERROR(IF(O1466="May",(K1466/P1466-1))," ") -> 0 | S1466: =IF(N1466>0,IF(O1466="","-",IF(R1466<0%,"DEGROWTH","GROWTH"))) -> GROWTH | T1466: 0 | U1466: =IF(F1466<=$V$2,"May","") -> May | V1466: =T1466 -> 0 | W1466: =K1466-V1466 -> 60 | X1466: =IFERROR(IF(U1466="June",(K1466/V1466-1)),0) -> 0 | Y1466: =IF(T1466>0,IF(U1466="","-",IF(X1466<0%,"DEGROWTH","GROWTH"))) -> FALSE | Z1466: 0 | AB1466: NE 1 | AC1466: BH | AF1466: BH | AG1466: =IFERROR(INDEX(Last6M_AvgSales_Ref!$B$2:$B$12659,MATCH(D1466,Last6M_AvgSales_Ref!$A$2:$A$12659,0)),"") -> 30.833333
A1467: NB 2 | B1467: UTTAR DINAJPUR | C1467: =#N/A -> #N/A | D1467: 1000004514 | E1467: LATIFUL HARDWARE | F1467: 45967 | G1467: =IF(I1467>0,"Targeted Dealer","-") -> Targeted Dealer | I1467: 280 | J1467: =I1467/$J$1*($J$1-$E$1) -> 280 | K1467: 439 | L1467: =I1467-K1467 -> -159 | M1467: =IFERROR((K1467/J1467%),"-") -> 156.78571 | N1467: 360 | O1467: =IF(F1467<=$P$2,"June","") -> June | P1467: =N1467 -> 360 | Q1467: =K1467-P1467 -> 79 | R1467: =IFERROR(IF(O1467="May",(K1467/P1467-1))," ") -> 0 | S1467: =IF(N1467>0,IF(O1467="","-",IF(R1467<0%,"DEGROWTH","GROWTH"))) -> GROWTH | T1467: 0 | U1467: =IF(F1467<=$V$2,"May","") -> May | V1467: =T1467 -> 0 | W1467: =K1467-V1467 -> 439 | X1467: =IFERROR(IF(U1467="June",(K1467/V1467-1)),0) -> 0 | Y1467: =IF(T1467>0,IF(U1467="","-",IF(X1467<0%,"DEGROWTH","GROWTH"))) -> FALSE | Z1467: 0 | AB1467: NE 1 | AC1467: NB 2 | AF1467: NB 2 | AG1467: =IFERROR(INDEX(Last6M_AvgSales_Ref!$B$2:$B$12659,MATCH(D1467,Last6M_AvgSales_Ref!$A$2:$A$12659,0)),"") -> 435.33333
A1468: NE 1 | B1468: AP- Banderdewa | C1468: NEN256 | D1468: 1000004542 | E1468: NT HARDWARE | F1468: 45978 | G1468: =IF(I1468>0,"Targeted Dealer","-") -> Targeted Dealer | I1468: 30 | J1468: =I1468/$J$1*($J$1-$E$1) -> 30 | K1468: 5 | L1468: =I1468-K1468 -> 25 | M1468: =IFERROR((K1468/J1468%),"-") -> 16.666667 | N1468: 17 | O1468: =IF(F1468<=$P$2,"June","") -> June | P1468: =N1468 -> 17 | Q1468: =K1468-P1468 -> -12 | R1468: =IFERROR(IF(O1468="May",(K1468/P1468-1))," ") -> 0 | S1468: =IF(N1468>0,IF(O1468="","-",IF(R1468<0%,"DEGROWTH","GROWTH"))) -> GROWTH | T1468: 0 | U1468: =IF(F1468<=$V$2,"May","") -> May | V1468: =T1468 -> 0 | W1468: =K1468-V1468 -> 5 | X1468: =IFERROR(IF(U1468="June",(K1468/V1468-1)),0) -> 0 | Y1468: =IF(T1468>0,IF(U1468="","-",IF(X1468<0%,"DEGROWTH","GROWTH"))) -> FALSE | Z1468: 0 | AB1468: NE 1 | AC1468: NE 1 | AF1468: NE 1 | AG1468: =IFERROR(INDEX(Last6M_AvgSales_Ref!$B$2:$B$12659,MATCH(D1468,Last6M_AvgSales_Ref!$A$2:$A$12659,0)),"") -> 31.833333
A1469: NE 1 | B1469: AP- Lekhabali | C1469: NEP321 | D1469: 1000004543 | E1469: PAO FURNITURE | F1469: 45978 | G1469: =IF(I1469>0,"Targeted Dealer","-") -> Targeted Dealer | I1469: 80 | J1469: =I1469/$J$1*($J$1-$E$1) -> 80 | K1469: 90 | L1469: =I1469-K1469 -> -10 | M1469: =IFERROR((K1469/J1469%),"-") -> 112.5 | N1469: 70 | O1469: =IF(F1469<=$P$2,"June","") -> June | P1469: =N1469 -> 70 | Q1469: =K1469-P1469 -> 20 | R1469: =IFERROR(IF(O1469="May",(K1469/P1469-1))," ") -> 0 | S1469: =IF(N1469>0,IF(O1469="","-",IF(R1469<0%,"DEGROWTH","GROWTH"))) -> GROWTH | T1469: 0 | U1469: =IF(F1469<=$V$2,"May","") -> May | V1469: =T1469 -> 0 | W1469: =K1469-V1469 -> 90 | X1469: =IFERROR(IF(U1469="June",(K1469/V1469-1)),0) -> 0 | Y1469: =IF(T1469>0,IF(U1469="","-",IF(X1469<0%,"DEGROWTH","GROWTH"))) -> FALSE | Z1469: 0 | AB1469: NE 1 | AC1469: NE 1 | AF1469: NE 1 | AG1469: =IFERROR(INDEX(Last6M_AvgSales_Ref!$B$2:$B$12659,MATCH(D1469,Last6M_AvgSales_Ref!$A$2:$A$12659,0)),"") -> 117.08333
A1470: NE 1 | B1470: DIBRUGARH | C1470: NEP320 | D1470: 1000004532 | E1470: P G ENTERPRISE | F1470: 45972 | G1470: =IF(I1470>0,"Targeted Dealer","-") -> Targeted Dealer | I1470: 200 | J1470: =I1470/$J$1*($J$1-$E$1) -> 200 | K1470: 191.25 | L1470: =I1470-K1470 -> 8.75 | M1470: =IFERROR((K1470/J1470%),"-") -> 95.625 | N1470: 303.25 | O1470: =IF(F1470<=$P$2,"June","") -> June | P1470: =N1470 -> 303.25 | Q1470: =K1470-P1470 -> -112 | R1470: =IFERROR(IF(O1470="May",(K1470/P1470-1))," ") -> 0 | S1470: =IF(N1470>0,IF(O1470="","-",IF(R1470<0%,"DEGROWTH","GROWTH"))) -> GROWTH | T1470: 0 | U1470: =IF(F1470<=$V$2,"May","") -> May | V1470: =T1470 -> 0 | W1470: =K1470-V1470 -> 191.25 | X1470: =IFERROR(IF(U1470="June",(K1470/V1470-1)),0) -> 0 | Y1470: =IF(T1470>0,IF(U1470="","-",IF(X1470<0%,"DEGROWTH","GROWTH"))) -> FALSE | Z1470: 0 | AB1470: NE 1 | AC1470: NE 1 | AF1470: NE 1 | AG1470: =IFERROR(INDEX(Last6M_AvgSales_Ref!$B$2:$B$12659,MATCH(D1470,Last6M_AvgSales_Ref!$A$2:$A$12659,0)),"") -> 316.58333
A1471: NE 1 | B1471: JAINTIA HILLS | C1471: NEF042 | D1471: 1000004504 | E1471: FRIDAY HINGE | F1471: 45952 | G1471: =IF(I1471>0,"Targeted Dealer","-") -> Targeted Dealer | I1471: 30 | J1471: =I1471/$J$1*($J$1-$E$1) -> 30 | K1471: 84 | L1471: =I1471-K1471 -> -54 | M1471: =IFERROR((K1471/J1471%),"-") -> 280 | N1471: 80 | O1471: =IF(F1471<=$P$2,"June","") -> June | P1471: =N1471 -> 80 | Q1471: =K1471-P1471 -> 4 | R1471: =IFERROR(IF(O1471="May",(K1471/P1471-1))," ") -> 0 | S1471: =IF(N1471>0,IF(O1471="","-",IF(R1471<0%,"DEGROWTH","GROWTH"))) -> GROWTH | T1471: 0 | U1471: =IF(F1471<=$V$2,"May","") -> May | V1471: =T1471 -> 0 | W1471: =K1471-V1471 -> 84 | X1471: =IFERROR(IF(U1471="June",(K1471/V1471-1)),0) -> 0 | Y1471: =IF(T1471>0,IF(U1471="","-",IF(X1471<0%,"DEGROWTH","GROWTH"))) -> FALSE | Z1471: 0 | AB1471: NE 1 | AC1471: NE 1 | AF1471: NE 1 | AG1471: =IFERROR(INDEX(Last6M_AvgSales_Ref!$B$2:$B$12659,MATCH(D1471,Last6M_AvgSales_Ref!$A$2:$A$12659,0)),"") -> 58.083333
A1472: NE 1 | B1472: MANIPUR | C1472: NEA497 | D1472: 1000004393 | E1472: AK TRADERS | F1472: 45825 | G1472: =IF(I1472>0,"Targeted Dealer","-") -> Targeted Dealer | I1472: 35 | J1472: =I1472/$J$1*($J$1-$E$1) -> 35 | K1472: 70 | L1472: =I1472-K1472 -> -35 | M1472: =IFERROR((K1472/J1472%),"-") -> 200 | N1472: 0 | O1472: =IF(F1472<=$P$2,"June","") -> June | P1472: =N1472 -> 0 | Q1472: =K1472-P1472 -> 70 | R1472: =IFERROR(IF(O1472="May",(K1472/P1472-1))," ") -> 0 | S1472: =IF(N1472>0,IF(O1472="","-",IF(R1472<0%,"DEGROWTH","GROWTH"))) -> FALSE | T1472: 0 | U1472: =IF(F1472<=$V$2,"May","") -> May | V1472: =T1472 -> 0 | W1472: =K1472-V1472 -> 70 | X1472: =IFERROR(IF(U1472="June",(K1472/V1472-1)),0) -> 0 | Y1472: =IF(T1472>0,IF(U1472="","-",IF(X1472<0%,"DEGROWTH","GROWTH"))) -> FALSE | Z1472: 0 | AB1472: NE 1 | AC1472: NE 1 | AF1472: NE 1 | AG1472: =IFERROR(INDEX(Last6M_AvgSales_Ref!$B$2:$B$12659,MATCH(D1472,Last6M_AvgSales_Ref!$A$2:$A$12659,0)),"") -> 49.833333
A1473: NE 1 | B1473: NAGALAND | C1473: NEF050 | D1473: 1000004509 | E1473: A.P ENTERPRISE | F1473: 45961 | G1473: =IF(I1473>0,"Targeted Dealer","-") -> Targeted Dealer | I1473: 35 | J1473: =I1473/$J$1*($J$1-$E$1) -> 35 | K1473: 0 | L1473: =I1473-K1473 -> 35 | M1473: =IFERROR((K1473/J1473%),"-") -> 0 | N1473: 0 | O1473: =IF(F1473<=$P$2,"June","") -> June | P1473: =N1473 -> 0 | Q1473: =K1473-P1473 -> 0 | R1473: =IFERROR(IF(O1473="May",(K1473/P1473-1))," ") -> 0 | S1473: =IF(N1473>0,IF(O1473="","-",IF(R1473<0%,"DEGROWTH","GROWTH"))) -> FALSE | T1473: 0 | U1473: =IF(F1473<=$V$2,"May","") -> May | V1473: =T1473 -> 0 | W1473: =K1473-V1473 -> 0 | X1473: =IFERROR(IF(U1473="June",(K1473/V1473-1)),0) -> 0 | Y1473: =IF(T1473>0,IF(U1473="","-",IF(X1473<0%,"DEGROWTH","GROWTH"))) -> FALSE | Z1473: 0 | AB1473: NE 1 | AC1473: NE 1 | AF1473: NE 1 | AG1473: =IFERROR(INDEX(Last6M_AvgSales_Ref!$B$2:$B$12659,MATCH(D1473,Last6M_AvgSales_Ref!$A$2:$A$12659,0)),"") -> 89.966667
A1474: NE 1 | B1474: NAGAON | C1474: NEF043 | D1474: 1000004515 | E1474: M M HARDWARE | F1474: 45968 | G1474: =IF(I1474>0,"Targeted Dealer","-") -> - | I1474: 0 | J1474: =I1474/$J$1*($J$1-$E$1) -> 0 | K1474: 0 | L1474: =I1474-K1474 -> 0 | M1474: =IFERROR((K1474/J1474%),"-") -> - | N1474: 0 | O1474: =IF(F1474<=$P$2,"June","") -> June | P1474: =N1474 -> 0 | Q1474: =K1474-P1474 -> 0 | R1474: =IFERROR(IF(O1474="May",(K1474/P1474-1))," ") -> 0 | S1474: =IF(N1474>0,IF(O1474="","-",IF(R1474<0%,"DEGROWTH","GROWTH"))) -> FALSE | T1474: 0 | U1474: =IF(F1474<=$V$2,"May","") -> May | V1474: =T1474 -> 0 | W1474: =K1474-V1474 -> 0 | X1474: =IFERROR(IF(U1474="June",(K1474/V1474-1)),0) -> 0 | Y1474: =IF(T1474>0,IF(U1474="","-",IF(X1474<0%,"DEGROWTH","GROWTH"))) -> FALSE | Z1474: 0 | AB1474: NE 1 | AC1474: NE 1 | AF1474: NE 1 | AG1474: =IFERROR(INDEX(Last6M_AvgSales_Ref!$B$2:$B$12659,MATCH(D1474,Last6M_AvgSales_Ref!$A$2:$A$12659,0)),"") -> 4.3333333
A1475: NE 1 | B1475: SHILLONG | C1475: NES796 | D1475: 1000004486 | E1475: SKELAND NONGSIEJ | F1475: 45940 | G1475: =IF(I1475>0,"Targeted Dealer","-") -> Targeted Dealer | I1475: 23 | J1475: =I1475/$J$1*($J$1-$E$1) -> 23 | K1475: 70 | L1475: =I1475-K1475 -> -47 | M1475: =IFERROR((K1475/J1475%),"-") -> 304.34783 | N1475: 50 | O1475: =IF(F1475<=$P$2,"June","") -> June | P1475: =N1475 -> 50 | Q1475: =K1475-P1475 -> 20 | R1475: =IFERROR(IF(O1475="May",(K1475/P1475-1))," ") -> 0 | S1475: =IF(N1475>0,IF(O1475="","-",IF(R1475<0%,"DEGROWTH","GROWTH"))) -> GROWTH | T1475: 0 | U1475: =IF(F1475<=$V$2,"May","") -> May | V1475: =T1475 -> 0 | W1475: =K1475-V1475 -> 70 | X1475: =IFERROR(IF(U1475="June",(K1475/V1475-1)),0) -> 0 | Y1475: =IF(T1475>0,IF(U1475="","-",IF(X1475<0%,"DEGROWTH","GROWTH"))) -> FALSE | Z1475: 0 | AB1475: NE 1 | AC1475: NE 1 | AF1475: NE 1 | AG1475: =IFERROR(INDEX(Last6M_AvgSales_Ref!$B$2:$B$12659,MATCH(D1475,Last6M_AvgSales_Ref!$A$2:$A$12659,0)),"") -> 45.833333
A1476: NE 1 | B1476: SHILLONG | C1476: NEP299 | D1476: 1000004135 | E1476: PYNTNGEN MYRTHONG | F1476: 45559 | G1476: =IF(I1476>0,"Targeted Dealer","-") -> Targeted Dealer | I1476: 100 | J1476: =I1476/$J$1*($J$1-$E$1) -> 100 | K1476: 0 | L1476: =I1476-K1476 -> 100 | M1476: =IFERROR((K1476/J1476%),"-") -> 0 | N1476: 0 | O1476: =IF(F1476<=$P$2,"June","") -> June | P1476: =N1476 -> 0 | Q1476: =K1476-P1476 -> 0 | R1476: =IFERROR(IF(O1476="May",(K1476/P1476-1))," ") -> 0 | S1476: =IF(N1476>0,IF(O1476="","-",IF(R1476<0%,"DEGROWTH","GROWTH"))) -> FALSE | T1476: 0 | U1476: =IF(F1476<=$V$2,"May","") -> May | V1476: =T1476 -> 0 | W1476: =K1476-V1476 -> 0 | X1476: =IFERROR(IF(U1476="June",(K1476/V1476-1)),0) -> 0 | Y1476: =IF(T1476>0,IF(U1476="","-",IF(X1476<0%,"DEGROWTH","GROWTH"))) -> FALSE | Z1476: 0 | AB1476: NE 1 | AC1476: NE 1 | AF1476: NE 1 | AG1476: =IFERROR(INDEX(Last6M_AvgSales_Ref!$B$2:$B$12659,MATCH(D1476,Last6M_AvgSales_Ref!$A$2:$A$12659,0)),"") -> 84.166667
A1477: NE 1 | B1477: SHILLONG | C1477: NEP275 | D1477: 1000003712 | E1477: PAUL AIBANAIBOK BAMON | F1477: 45173 | G1477: =IF(I1477>0,"Targeted Dealer","-") -> Targeted Dealer | I1477: 23 | J1477: =I1477/$J$1*($J$1-$E$1) -> 23 | K1477: 41 | L1477: =I1477-K1477 -> -18 | M1477: =IFERROR((K1477/J1477%),"-") -> 178.26087 | N1477: 23 | O1477: =IF(F1477<=$P$2,"June","") -> June | P1477: =N1477 -> 23 | Q1477: =K1477-P1477 -> 18 | R1477: =IFERROR(IF(O1477="May",(K1477/P1477-1))," ") -> 0 | S1477: =IF(N1477>0,IF(O1477="","-",IF(R1477<0%,"DEGROWTH","GROWTH"))) -> GROWTH | T1477: 0 | U1477: =IF(F1477<=$V$2,"May","") -> May | V1477: =T1477 -> 0 | W1477: =K1477-V1477 -> 41 | X1477: =IFERROR(IF(U1477="June",(K1477/V1477-1)),0) -> 0 | Y1477: =IF(T1477>0,IF(U1477="","-",IF(X1477<0%,"DEGROWTH","GROWTH"))) -> FALSE | Z1477: 0 | AB1477: NE 1 | AC1477: NE 1 | AF1477: NE 1 | AG1477: =IFERROR(INDEX(Last6M_AvgSales_Ref!$B$2:$B$12659,MATCH(D1477,Last6M_AvgSales_Ref!$A$2:$A$12659,0)),"") -> 32
A1478: NE 1 | B1478: Sibsagar | C1478: NEA503 | D1478: 1000004511 | E1478: AMBIKA HARDWARE | F1478: 45966 | G1478: =IF(I1478>0,"Targeted Dealer","-") -> Targeted Dealer | I1478: 20 | J1478: =I1478/$J$1*($J$1-$E$1) -> 20 | K1478: 22.5 | L1478: =I1478-K1478 -> -2.5 | M1478: =IFERROR((K1478/J1478%),"-") -> 112.5 | N1478: 0 | O1478: =IF(F1478<=$P$2,"June","") -> June | P1478: =N1478 -> 0 | Q1478: =K1478-P1478 -> 22.5 | R1478: =IFERROR(IF(O1478="May",(K1478/P1478-1))," ") -> 0 | S1478: =IF(N1478>0,IF(O1478="","-",IF(R1478<0%,"DEGROWTH","GROWTH"))) -> FALSE | T1478: 0 | U1478: =IF(F1478<=$V$2,"May","") -> May | V1478: =T1478 -> 0 | W1478: =K1478-V1478 -> 22.5 | X1478: =IFERROR(IF(U1478="June",(K1478/V1478-1)),0) -> 0 | Y1478: =IF(T1478>0,IF(U1478="","-",IF(X1478<0%,"DEGROWTH","GROWTH"))) -> FALSE | Z1478: 0 | AB1478: NE 1 | AC1478: NE 1 | AF1478: NE 1 | AG1478: =IFERROR(INDEX(Last6M_AvgSales_Ref!$B$2:$B$12659,MATCH(D1478,Last6M_AvgSales_Ref!$A$2:$A$12659,0)),"") -> 20
A1479: NE 1 | B1479: TEZPUR | C1479: NEK232 | D1479: 1000004544 | E1479: KRISHNA ENTERPRISES | F1479: 45978 | G1479: =IF(I1479>0,"Targeted Dealer","-") -> Targeted Dealer | I1479: 20 | J1479: =I1479/$J$1*($J$1-$E$1) -> 20 | K1479: 20.5 | L1479: =I1479-K1479 -> -0.5 | M1479: =IFERROR((K1479/J1479%),"-") -> 102.5 | N1479: 18 | O1479: =IF(F1479<=$P$2,"June","") -> June | P1479: =N1479 -> 18 | Q1479: =K1479-P1479 -> 2.5 | R1479: =IFERROR(IF(O1479="May",(K1479/P1479-1))," ") -> 0 | S1479: =IF(N1479>0,IF(O1479="","-",IF(R1479<0%,"DEGROWTH","GROWTH"))) -> GROWTH | T1479: 0 | U1479: =IF(F1479<=$V$2,"May","") -> May | V1479: =T1479 -> 0 | W1479: =K1479-V1479 -> 20.5 | X1479: =IFERROR(IF(U1479="June",(K1479/V1479-1)),0) -> 0 | Y1479: =IF(T1479>0,IF(U1479="","-",IF(X1479<0%,"DEGROWTH","GROWTH"))) -> FALSE | Z1479: 0 | AB1479: NE 1 | AC1479: NE 1 | AF1479: NE 1 | AG1479: =IFERROR(INDEX(Last6M_AvgSales_Ref!$B$2:$B$12659,MATCH(D1479,Last6M_AvgSales_Ref!$A$2:$A$12659,0)),"") -> 11.833333
... A1603: NE 1 | B1603: TINSUKIA | C1603: NED274 | D1603: 1000004659 | E1603: DURGA HARDWARE | F1603: 46076 | G1603: =IF(I1603>0,"Targeted Dealer","-") -> - | I1603: 0 | J1603: =I1603/$J$1*($J$1-$E$1) -> 0 | K1603: 0 | L1603: =I1603-K1603 -> 0 | M1603: =IFERROR((K1603/J1603%),"-") -> - | N1603: 0 | O1603: =IF(F1603<=$P$2,"June","") -> June | P1603: =N1603 -> 0 | Q1603: =K1603-P1603 -> 0 | R1603: =IFERROR(IF(O1603="May",(K1603/P1603-1))," ") -> 0 | S1603: =IF(N1603>0,IF(O1603="","-",IF(R1603<0%,"DEGROWTH","GROWTH"))) -> FALSE | T1603: 0 | U1603: =IF(F1603<=$V$2,"May","") -> May | V1603: =T1603 -> 0 | W1603: =K1603-V1603 -> 0 | X1603: =IFERROR(IF(U1603="June",(K1603/V1603-1)),0) -> 0 | Y1603: =IF(T1603>0,IF(U1603="","-",IF(X1603<0%,"DEGROWTH","GROWTH"))) -> FALSE | Z1603: 0 | AB1603: NE 1 | AC1603: NE 1 | AF1603: NE 1 | AG1603: =IFERROR(INDEX(Last6M_AvgSales_Ref!$B$2:$B$12659,MATCH(D1603,Last6M_AvgSales_Ref!$A$2:$A$12659,0)),"") -> 10
A1604: NB 1 | B1604: ALIPURDUAR | C1604: WBS358 | D1604: 1000004682 | E1604: SAHA TRADING COMPANY | F1604: 46099 | G1604: =IF(I1604>0,"Targeted Dealer","-") -> Targeted Dealer | I1604: 110 | J1604: =I1604/$J$1*($J$1-$E$1) -> 110 | K1604: 210 | L1604: =I1604-K1604 -> -100 | M1604: =IFERROR((K1604/J1604%),"-") -> 190.90909 | N1604: 168 | O1604: =IF(F1604<=$P$2,"June","") -> June | P1604: =N1604 -> 168 | Q1604: =K1604-P1604 -> 42 | R1604: =IFERROR(IF(O1604="May",(K1604/P1604-1))," ") -> 0 | S1604: =IF(N1604>0,IF(O1604="","-",IF(R1604<0%,"DEGROWTH","GROWTH"))) -> GROWTH | T1604: 0 | U1604: =IF(F1604<=$V$2,"May","") -> May | V1604: =T1604 -> 0 | W1604: =K1604-V1604 -> 210 | X1604: =IFERROR(IF(U1604="June",(K1604/V1604-1)),0) -> 0 | Y1604: =IF(T1604>0,IF(U1604="","-",IF(X1604<0%,"DEGROWTH","GROWTH"))) -> FALSE | Z1604: 0 | AB1604: NE 1 | AF1604: NB 1 | AG1604: =IFERROR(INDEX(Last6M_AvgSales_Ref!$B$2:$B$12659,MATCH(D1604,Last6M_AvgSales_Ref!$A$2:$A$12659,0)),"") -> 43
A1605: NE 1 | B1605: AP- Banderdewa | C1605: NEK239 | D1605: 1000004681 | E1605: K A ENTERPRISE | F1605: 46099 | G1605: =IF(I1605>0,"Targeted Dealer","-") -> Targeted Dealer | I1605: 40 | J1605: =I1605/$J$1*($J$1-$E$1) -> 40 | K1605: 0 | L1605: =I1605-K1605 -> 40 | M1605: =IFERROR((K1605/J1605%),"-") -> 0 | N1605: 0 | O1605: =IF(F1605<=$P$2,"June","") -> June | P1605: =N1605 -> 0 | Q1605: =K1605-P1605 -> 0 | R1605: =IFERROR(IF(O1605="May",(K1605/P1605-1))," ") -> 0 | S1605: =IF(N1605>0,IF(O1605="","-",IF(R1605<0%,"DEGROWTH","GROWTH"))) -> FALSE | T1605: 0 | U1605: =IF(F1605<=$V$2,"May","") -> May | V1605: =T1605 -> 0 | W1605: =K1605-V1605 -> 0 | X1605: =IFERROR(IF(U1605="June",(K1605/V1605-1)),0) -> 0 | Y1605: =IF(T1605>0,IF(U1605="","-",IF(X1605<0%,"DEGROWTH","GROWTH"))) -> FALSE | Z1605: 0 | AB1605: NE 1 | AF1605: NE 1 | AG1605: =IFERROR(INDEX(Last6M_AvgSales_Ref!$B$2:$B$12659,MATCH(D1605,Last6M_AvgSales_Ref!$A$2:$A$12659,0)),"") -> 8.3333333
A1606: NE 1 | B1606: AP- Lekhabali | C1606: NEA196 | D1606: 1000000093 | E1606: ARUNACHAL HARDWARE | F1606: 44738 | G1606: =IF(I1606>0,"Targeted Dealer","-") -> Targeted Dealer | I1606: 20 | J1606: =I1606/$J$1*($J$1-$E$1) -> 20 | K1606: 50 | L1606: =I1606-K1606 -> -30 | M1606: =IFERROR((K1606/J1606%),"-") -> 250 | N1606: 0 | O1606: =IF(F1606<=$P$2,"June","") -> June | P1606: =N1606 -> 0 | Q1606: =K1606-P1606 -> 50 | R1606: =IFERROR(IF(O1606="May",(K1606/P1606-1))," ") -> 0 | S1606: =IF(N1606>0,IF(O1606="","-",IF(R1606<0%,"DEGROWTH","GROWTH"))) -> FALSE | T1606: 0 | U1606: =IF(F1606<=$V$2,"May","") -> May | V1606: =T1606 -> 0 | W1606: =K1606-V1606 -> 50 | X1606: =IFERROR(IF(U1606="June",(K1606/V1606-1)),0) -> 0 | Y1606: =IF(T1606>0,IF(U1606="","-",IF(X1606<0%,"DEGROWTH","GROWTH"))) -> FALSE | Z1606: 0 | AB1606: NE 1 | AF1606: NE 1 | AG1606: =IFERROR(INDEX(Last6M_AvgSales_Ref!$B$2:$B$12659,MATCH(D1606,Last6M_AvgSales_Ref!$A$2:$A$12659,0)),"") -> 5.8333333
A1607: NE 2 | B1607: CACHAR | C1607: NEU055 | D1607: 1000004676 | E1607: UNIQUE HARDWARE | F1607: 46078 | G1607: =IF(I1607>0,"Targeted Dealer","-") -> Targeted Dealer | I1607: 20 | J1607: =I1607/$J$1*($J$1-$E$1) -> 20 | K1607: 5 | L1607: =I1607-K1607 -> 15 | M1607: =IFERROR((K1607/J1607%),"-") -> 25 | N1607: 15 | O1607: =IF(F1607<=$P$2,"June","") -> June | P1607: =N1607 -> 15 | Q1607: =K1607-P1607 -> -10 | R1607: =IFERROR(IF(O1607="May",(K1607/P1607-1))," ") -> 0 | S1607: =IF(N1607>0,IF(O1607="","-",IF(R1607<0%,"DEGROWTH","GROWTH"))) -> GROWTH | T1607: 0 | U1607: =IF(F1607<=$V$2,"May","") -> May | V1607: =T1607 -> 0 | W1607: =K1607-V1607 -> 5 | X1607: =IFERROR(IF(U1607="June",(K1607/V1607-1)),0) -> 0 | Y1607: =IF(T1607>0,IF(U1607="","-",IF(X1607<0%,"DEGROWTH","GROWTH"))) -> FALSE | Z1607: 0 | AB1607: NE 1 | AF1607: NE 2 | AG1607: =IFERROR(INDEX(Last6M_AvgSales_Ref!$B$2:$B$12659,MATCH(D1607,Last6M_AvgSales_Ref!$A$2:$A$12659,0)),"") -> 5
A1608: NB 1 | B1608: Cooch Behar | C1608: WBS357 | D1608: 1000004677 | E1608: SREE KRISHNA HARDWARE - COOCHBEHAR | F1608: 46080 | G1608: =IF(I1608>0,"Targeted Dealer","-") -> Targeted Dealer | I1608: 30 | J1608: =I1608/$J$1*($J$1-$E$1) -> 30 | K1608: 32 | L1608: =I1608-K1608 -> -2 | M1608: =IFERROR((K1608/J1608%),"-") -> 106.66667 | N1608: 32 | O1608: =IF(F1608<=$P$2,"June","") -> June | P1608: =N1608 -> 32 | Q1608: =K1608-P1608 -> 0 | R1608: =IFERROR(IF(O1608="May",(K1608/P1608-1))," ") -> 0 | S1608: =IF(N1608>0,IF(O1608="","-",IF(R1608<0%,"DEGROWTH","GROWTH"))) -> GROWTH | T1608: 0 | U1608: =IF(F1608<=$V$2,"May","") -> May | V1608: =T1608 -> 0 | W1608: =K1608-V1608 -> 32 | X1608: =IFERROR(IF(U1608="June",(K1608/V1608-1)),0) -> 0 | Y1608: =IF(T1608>0,IF(U1608="","-",IF(X1608<0%,"DEGROWTH","GROWTH"))) -> FALSE | Z1608: 0 | AB1608: NE 1 | AF1608: NB 1 | AG1608: =IFERROR(INDEX(Last6M_AvgSales_Ref!$B$2:$B$12659,MATCH(D1608,Last6M_AvgSales_Ref!$A$2:$A$12659,0)),"") -> 22.833333
A1609: NE 2 | B1609: DARANG | C1609: NER350 | D1609: 1000004263 | E1609: R C HARDWARE | F1609: 45695 | G1609: =IF(I1609>0,"Targeted Dealer","-") -> - | I1609: 0 | J1609: =I1609/$J$1*($J$1-$E$1) -> 0 | K1609: 0 | L1609: =I1609-K1609 -> 0 | M1609: =IFERROR((K1609/J1609%),"-") -> - | N1609: 0 | O1609: =IF(F1609<=$P$2,"June","") -> June | P1609: =N1609 -> 0 | Q1609: =K1609-P1609 -> 0 | R1609: =IFERROR(IF(O1609="May",(K1609/P1609-1))," ") -> 0 | S1609: =IF(N1609>0,IF(O1609="","-",IF(R1609<0%,"DEGROWTH","GROWTH"))) -> FALSE | T1609: 0 | U1609: =IF(F1609<=$V$2,"May","") -> May | V1609: =T1609 -> 0 | W1609: =K1609-V1609 -> 0 | X1609: =IFERROR(IF(U1609="June",(K1609/V1609-1)),0) -> 0 | Y1609: =IF(T1609>0,IF(U1609="","-",IF(X1609<0%,"DEGROWTH","GROWTH"))) -> FALSE | Z1609: 0 | AB1609: NE 1 | AF1609: NE 2 | AG1609: =IFERROR(INDEX(Last6M_AvgSales_Ref!$B$2:$B$12659,MATCH(D1609,Last6M_AvgSales_Ref!$A$2:$A$12659,0)),"") -> 2.0833333
A1610: NB 1 | B1610: DARJEELING HILLS | C1610: WBS303 | D1610: 1000001383 | E1610: SHREE RAM TRADERS . CHAMPASARI | F1610: 44739 | G1610: =IF(I1610>0,"Targeted Dealer","-") -> Targeted Dealer | I1610: 50 | J1610: =I1610/$J$1*($J$1-$E$1) -> 50 | K1610: 6 | L1610: =I1610-K1610 -> 44 | M1610: =IFERROR((K1610/J1610%),"-") -> 12 | N1610: 0 | O1610: =IF(F1610<=$P$2,"June","") -> June | P1610: =N1610 -> 0 | Q1610: =K1610-P1610 -> 6 | R1610: =IFERROR(IF(O1610="May",(K1610/P1610-1))," ") -> 0 | S1610: =IF(N1610>0,IF(O1610="","-",IF(R1610<0%,"DEGROWTH","GROWTH"))) -> FALSE | T1610: 85.95 | U1610: =IF(F1610<=$V$2,"May","") -> May | V1610: =T1610 -> 85.95 | W1610: =K1610-V1610 -> -79.95 | X1610: =IFERROR(IF(U1610="June",(K1610/V1610-1)),0) -> 0 | Y1610: =IF(T1610>0,IF(U1610="","-",IF(X1610<0%,"DEGROWTH","GROWTH"))) -> GROWTH | Z1610: 0 | AB1610: NE 1 | AF1610: NB 1 | AG1610: =IFERROR(INDEX(Last6M_AvgSales_Ref!$B$2:$B$12659,MATCH(D1610,Last6M_AvgSales_Ref!$A$2:$A$12659,0)),"") -> 4.1666667
A1611: NB 1 | B1611: DARJEELING HILLS | C1611: WBH057 | D1611: 1000004673 | E1611: HIMALAYAN BUILDER | F1611: 46078 | G1611: =IF(I1611>0,"Targeted Dealer","-") -> Targeted Dealer | I1611: 160 | J1611: =I1611/$J$1*($J$1-$E$1) -> 160 | K1611: 275.25 | L1611: =I1611-K1611 -> -115.25 | M1611: =IFERROR((K1611/J1611%),"-") -> 172.03125 | N1611: 170.5 | O1611: =IF(F1611<=$P$2,"June","") -> June | P1611: =N1611 -> 170.5 | Q1611: =K1611-P1611 -> 104.75 | R1611: =IFERROR(IF(O1611="May",(K1611/P1611-1))," ") -> 0 | S1611: =IF(N1611>0,IF(O1611="","-",IF(R1611<0%,"DEGROWTH","GROWTH"))) -> GROWTH | T1611: 0 | U1611: =IF(F1611<=$V$2,"May","") -> May | V1611: =T1611 -> 0 | W1611: =K1611-V1611 -> 275.25 | X1611: =IFERROR(IF(U1611="June",(K1611/V1611-1)),0) -> 0 | Y1611: =IF(T1611>0,IF(U1611="","-",IF(X1611<0%,"DEGROWTH","GROWTH"))) -> FALSE | Z1611: 0 | AB1611: NE 1 | AF1611: NB 1 | AG1611: =IFERROR(INDEX(Last6M_AvgSales_Ref!$B$2:$B$12659,MATCH(D1611,Last6M_AvgSales_Ref!$A$2:$A$12659,0)),"") -> 126.70833
A1612: NE 1 | B1612: DIBRUGARH | C1612: NEB302 | D1612: 1000003197 | E1612: BHARTI HARDWARE | F1612: 44925 | G1612: =IF(I1612>0,"Targeted Dealer","-") -> - | I1612: 0 | J1612: =I1612/$J$1*($J$1-$E$1) -> 0 | K1612: 0 | L1612: =I1612-K1612 -> 0 | M1612: =IFERROR((K1612/J1612%),"-") -> - | N1612: 0 | O1612: =IF(F1612<=$P$2,"June","") -> June | P1612: =N1612 -> 0 | Q1612: =K1612-P1612 -> 0 | R1612: =IFERROR(IF(O1612="May",(K1612/P1612-1))," ") -> 0 | S1612: =IF(N1612>0,IF(O1612="","-",IF(R1612<0%,"DEGROWTH","GROWTH"))) -> FALSE | T1612: 0 | U1612: =IF(F1612<=$V$2,"May","") -> May | V1612: =T1612 -> 0 | W1612: =K1612-V1612 -> 0 | X1612: =IFERROR(IF(U1612="June",(K1612/V1612-1)),0) -> 0 | Y1612: =IF(T1612>0,IF(U1612="","-",IF(X1612<0%,"DEGROWTH","GROWTH"))) -> FALSE | Z1612: 0 | AB1612: NE 1 | AF1612: NE 1 | AG1612: =IFERROR(INDEX(Last6M_AvgSales_Ref!$B$2:$B$12659,MATCH(D1612,Last6M_AvgSales_Ref!$A$2:$A$12659,0)),"") -> 2.5
A1613: NE 1 | B1613: DIBRUGARH | C1613: NEP273 | D1613: 1000003683 | E1613: PRAVEER ENTERPRISE | F1613: 45148 | G1613: =IF(I1613>0,"Targeted Dealer","-") -> Targeted Dealer | I1613: 40 | J1613: =I1613/$J$1*($J$1-$E$1) -> 40 | K1613: 26.5 | L1613: =I1613-K1613 -> 13.5 | M1613: =IFERROR((K1613/J1613%),"-") -> 66.25 | N1613: 0 | O1613: =IF(F1613<=$P$2,"June","") -> June | P1613: =N1613 -> 0 | Q1613: =K1613-P1613 -> 26.5 | R1613: =IFERROR(IF(O1613="May",(K1613/P1613-1))," ") -> 0 | S1613: =IF(N1613>0,IF(O1613="","-",IF(R1613<0%,"DEGROWTH","GROWTH"))) -> FALSE | T1613: 0 | U1613: =IF(F1613<=$V$2,"May","") -> May | V1613: =T1613 -> 0 | W1613: =K1613-V1613 -> 26.5 | X1613: =IFERROR(IF(U1613="June",(K1613/V1613-1)),0) -> 0 | Y1613: =IF(T1613>0,IF(U1613="","-",IF(X1613<0%,"DEGROWTH","GROWTH"))) -> FALSE | Z1613: 0 | AB1613: NE 1 | AF1613: NE 1 | AG1613: =IFERROR(INDEX(Last6M_AvgSales_Ref!$B$2:$B$12659,MATCH(D1613,Last6M_AvgSales_Ref!$A$2:$A$12659,0)),"") -> 8.3333333
A1614: NE 1 | B1614: GOLAGHAT | C1614: NEN263 | D1614: 1000004666 | E1614: NIKU ENTERPRISE | F1614: 46081 | G1614: =IF(I1614>0,"Targeted Dealer","-") -> Targeted Dealer | I1614: 20 | J1614: =I1614/$J$1*($J$1-$E$1) -> 20 | K1614: 0 | L1614: =I1614-K1614 -> 20 | M1614: =IFERROR((K1614/J1614%),"-") -> 0 | N1614: 0 | O1614: =IF(F1614<=$P$2,"June","") -> June | P1614: =N1614 -> 0 | Q1614: =K1614-P1614 -> 0 | R1614: =IFERROR(IF(O1614="May",(K1614/P1614-1))," ") -> 0 | S1614: =IF(N1614>0,IF(O1614="","-",IF(R1614<0%,"DEGROWTH","GROWTH"))) -> FALSE | T1614: 0 | U1614: =IF(F1614<=$V$2,"May","") -> May | V1614: =T1614 -> 0 | W1614: =K1614-V1614 -> 0 | X1614: =IFERROR(IF(U1614="June",(K1614/V1614-1)),0) -> 0 | Y1614: =IF(T1614>0,IF(U1614="","-",IF(X1614<0%,"DEGROWTH","GROWTH"))) -> FALSE | Z1614: 0 | AB1614: NE 1 | AF1614: NE 1 | AG1614: =IFERROR(INDEX(Last6M_AvgSales_Ref!$B$2:$B$12659,MATCH(D1614,Last6M_AvgSales_Ref!$A$2:$A$12659,0)),"") -> 2.5
A1615: NE 1 | B1615: GOLAGHAT | C1615: NEJ213 | D1615: 1000004670 | E1615: JOYSHREE HARDWARE | F1615: 46091 | G1615: =IF(I1615>0,"Targeted Dealer","-") -> Targeted Dealer | I1615: 20 | J1615: =I1615/$J$1*($J$1-$E$1) -> 20 | K1615: 0 | L1615: =I1615-K1615 -> 20 | M1615: =IFERROR((K1615/J1615%),"-") -> 0 | N1615: 20 | O1615: =IF(F1615<=$P$2,"June","") -> June | P1615: =N1615 -> 20 | Q1615: =K1615-P1615 -> -20 | R1615: =IFERROR(IF(O1615="May",(K1615/P1615-1))," ") -> 0 | S1615: =IF(N1615>0,IF(O1615="","-",IF(R1615<0%,"DEGROWTH","GROWTH"))) -> GROWTH | T1615: 0 | U1615: =IF(F1615<=$V$2,"May","") -> May | V1615: =T1615 -> 0 | W1615: =K1615-V1615 -> 0 | X1615: =IFERROR(IF(U1615="June",(K1615/V1615-1)),0) -> 0 | Y1615: =IF(T1615>0,IF(U1615="","-",IF(X1615<0%,"DEGROWTH","GROWTH"))) -> FALSE | Z1615: 0 | AB1615: NE 1 | AF1615: NE 1 | AG1615: =IFERROR(INDEX(Last6M_AvgSales_Ref!$B$2:$B$12659,MATCH(D1615,Last6M_AvgSales_Ref!$A$2:$A$12659,0)),"") -> 2.5
... A1676: NB 2 | B1676: UTTAR DINAJPUR | C1676: WBJ077 | D1676: 1000004706 | E1676: JOARDER BUILDERS | F1676: 46139 | G1676: =IF(I1676>0,"Targeted Dealer","-") -> Targeted Dealer | I1676: 70 | J1676: =I1676/$J$1*($J$1-$E$1) -> 70 | K1676: 113.5 | L1676: =I1676-K1676 -> -43.5 | M1676: =IFERROR((K1676/J1676%),"-") -> 162.14286 | N1676: 91.15 | O1676: =IF(F1676<=$P$2,"June","") -> June | P1676: =N1676 -> 91.15 | Q1676: =K1676-P1676 -> 22.35 | R1676: =IFERROR(IF(O1676="May",(K1676/P1676-1))," ") -> 0 | S1676: =IF(N1676>0,IF(O1676="","-",IF(R1676<0%,"DEGROWTH","GROWTH"))) -> GROWTH | T1676: 0 | U1676: =IF(F1676<=$V$2,"May","") -> May | V1676: =T1676 -> 0 | W1676: =K1676-V1676 -> 113.5 | X1676: =IFERROR(IF(U1676="June",(K1676/V1676-1)),0) -> 0 | Y1676: =IF(T1676>0,IF(U1676="","-",IF(X1676<0%,"DEGROWTH","GROWTH"))) -> FALSE | Z1676: 0 | AB1676: NE 1 | AF1676: NB 2 | AG1676: =IFERROR(INDEX(Last6M_AvgSales_Ref!$B$2:$B$12659,MATCH(D1676,Last6M_AvgSales_Ref!$A$2:$A$12659,0)),"") -> 3.5
A1677: =VLOOKUP(B1677,$B$2:$AC$1673,28,0) -> NB 1 | B1677: ALIPURDUAR | C1677: WBD105 | D1677: 1000004709 | E1677: D V ENTERPRISE | F1677: 46141 | G1677: =IF(I1677>0,"Targeted Dealer","-") -> Targeted Dealer | I1677: 420 | J1677: =I1677/$J$1*($J$1-$E$1) -> 420 | K1677: 375 | L1677: =I1677-K1677 -> 45 | M1677: =IFERROR((K1677/J1677%),"-") -> 89.285714 | N1677: 247 | O1677: =IF(F1677<=$P$2,"June","") -> June | P1677: =N1677 -> 247 | Q1677: =K1677-P1677 -> 128 | R1677: =IFERROR(IF(O1677="May",(K1677/P1677-1))," ") -> 0 | S1677: =IF(N1677>0,IF(O1677="","-",IF(R1677<0%,"DEGROWTH","GROWTH"))) -> GROWTH | T1677: 0 | U1677: =IF(F1677<=$V$2,"May","") -> May | V1677: =T1677 -> 0 | W1677: =K1677-V1677 -> 375 | X1677: =IFERROR(IF(U1677="June",(K1677/V1677-1)),0) -> 0 | Y1677: =IF(T1677>0,IF(U1677="","-",IF(X1677<0%,"DEGROWTH","GROWTH"))) -> FALSE | AF1677: =VLOOKUP(AG1677,$B$2:$AC$1673,28,0) -> #N/A | AG1677: =IFERROR(INDEX(Last6M_AvgSales_Ref!$B$2:$B$12659,MATCH(D1677,Last6M_AvgSales_Ref!$A$2:$A$12659,0)),"") -> 0
A1678: =VLOOKUP(B1678,$B$2:$AC$1673,28,0) -> NB 1 | B1678: ALIPURDUAR | C1678: WBS359 | D1678: 1000004703 | E1678: SUDIP SUTRADHAR | F1678: 46132 | G1678: =IF(I1678>0,"Targeted Dealer","-") -> Targeted Dealer | I1678: 70 | J1678: =I1678/$J$1*($J$1-$E$1) -> 70 | K1678: 12 | L1678: =I1678-K1678 -> 58 | M1678: =IFERROR((K1678/J1678%),"-") -> 17.142857 | N1678: 12 | O1678: =IF(F1678<=$P$2,"June","") -> June | P1678: =N1678 -> 12 | Q1678: =K1678-P1678 -> 0 | R1678: =IFERROR(IF(O1678="May",(K1678/P1678-1))," ") -> 0 | S1678: =IF(N1678>0,IF(O1678="","-",IF(R1678<0%,"DEGROWTH","GROWTH"))) -> GROWTH | T1678: 0 | U1678: =IF(F1678<=$V$2,"May","") -> May | V1678: =T1678 -> 0 | W1678: =K1678-V1678 -> 12 | X1678: =IFERROR(IF(U1678="June",(K1678/V1678-1)),0) -> 0 | Y1678: =IF(T1678>0,IF(U1678="","-",IF(X1678<0%,"DEGROWTH","GROWTH"))) -> FALSE | AF1678: =VLOOKUP(AG1678,$B$2:$AC$1673,28,0) -> #N/A | AG1678: =IFERROR(INDEX(Last6M_AvgSales_Ref!$B$2:$B$12659,MATCH(D1678,Last6M_AvgSales_Ref!$A$2:$A$12659,0)),"") -> 0
A1679: =VLOOKUP(B1679,$B$2:$AC$1673,28,0) -> NE 1 | B1679: AP- Banderdewa | C1679: NEK063 | D1679: 1000000832 | E1679: KALUNG HARDWARE (OLD ZIRO) | F1679: 44738 | G1679: =IF(I1679>0,"Targeted Dealer","-") -> - | I1679: 0 | J1679: =I1679/$J$1*($J$1-$E$1) -> 0 | K1679: 1.4 | L1679: =I1679-K1679 -> -1.4 | M1679: =IFERROR((K1679/J1679%),"-") -> - | N1679: 0 | O1679: =IF(F1679<=$P$2,"June","") -> June | P1679: =N1679 -> 0 | Q1679: =K1679-P1679 -> 1.4 | R1679: =IFERROR(IF(O1679="May",(K1679/P1679-1))," ") -> 0 | S1679: =IF(N1679>0,IF(O1679="","-",IF(R1679<0%,"DEGROWTH","GROWTH"))) -> FALSE | T1679: 16 | U1679: =IF(F1679<=$V$2,"May","") -> May | V1679: =T1679 -> 16 | W1679: =K1679-V1679 -> -14.6 | X1679: =IFERROR(IF(U1679="June",(K1679/V1679-1)),0) -> 0 | Y1679: =IF(T1679>0,IF(U1679="","-",IF(X1679<0%,"DEGROWTH","GROWTH"))) -> GROWTH | AF1679: =VLOOKUP(AG1679,$B$2:$AC$1673,28,0) -> #N/A | AG1679: =IFERROR(INDEX(Last6M_AvgSales_Ref!$B$2:$B$12659,MATCH(D1679,Last6M_AvgSales_Ref!$A$2:$A$12659,0)),"") -> 0
A1680: =VLOOKUP(B1680,$B$2:$AC$1673,28,0) -> NE 1 | B1680: AP- Banderdewa | C1680: NEP244 | D1680: 1000003127 | E1680: PERA ENTERPRISE | F1680: 44908 | G1680: =IF(I1680>0,"Targeted Dealer","-") -> - | I1680: 0 | J1680: =I1680/$J$1*($J$1-$E$1) -> 0 | K1680: 40 | L1680: =I1680-K1680 -> -40 | M1680: =IFERROR((K1680/J1680%),"-") -> - | N1680: 0 | O1680: =IF(F1680<=$P$2,"June","") -> June | P1680: =N1680 -> 0 | Q1680: =K1680-P1680 -> 40 | R1680: =IFERROR(IF(O1680="May",(K1680/P1680-1))," ") -> 0 | S1680: =IF(N1680>0,IF(O1680="","-",IF(R1680<0%,"DEGROWTH","GROWTH"))) -> FALSE | T1680: 0 | U1680: =IF(F1680<=$V$2,"May","") -> May | V1680: =T1680 -> 0 | W1680: =K1680-V1680 -> 40 | X1680: =IFERROR(IF(U1680="June",(K1680/V1680-1)),0) -> 0 | Y1680: =IF(T1680>0,IF(U1680="","-",IF(X1680<0%,"DEGROWTH","GROWTH"))) -> FALSE | AF1680: =VLOOKUP(AG1680,$B$2:$AC$1673,28,0) -> #N/A | AG1680: =IFERROR(INDEX(Last6M_AvgSales_Ref!$B$2:$B$12659,MATCH(D1680,Last6M_AvgSales_Ref!$A$2:$A$12659,0)),"") -> 0
A1681: =VLOOKUP(B1681,$B$2:$AC$1673,28,0) -> NE 2 | B1681: CACHAR | C1681: NEB043 | D1681: 1000000128 | E1681: BARDHAN TRADERS | F1681: 44738 | G1681: =IF(I1681>0,"Targeted Dealer","-") -> - | I1681: 0 | J1681: =I1681/$J$1*($J$1-$E$1) -> 0 | K1681: 2.5 | L1681: =I1681-K1681 -> -2.5 | M1681: =IFERROR((K1681/J1681%),"-") -> - | N1681: 0 | O1681: =IF(F1681<=$P$2,"June","") -> June | P1681: =N1681 -> 0 | Q1681: =K1681-P1681 -> 2.5 | R1681: =IFERROR(IF(O1681="May",(K1681/P1681-1))," ") -> 0 | S1681: =IF(N1681>0,IF(O1681="","-",IF(R1681<0%,"DEGROWTH","GROWTH"))) -> FALSE | T1681: 0 | U1681: =IF(F1681<=$V$2,"May","") -> May | V1681: =T1681 -> 0 | W1681: =K1681-V1681 -> 2.5 | X1681: =IFERROR(IF(U1681="June",(K1681/V1681-1)),0) -> 0 | Y1681: =IF(T1681>0,IF(U1681="","-",IF(X1681<0%,"DEGROWTH","GROWTH"))) -> FALSE | AF1681: =VLOOKUP(AG1681,$B$2:$AC$1673,28,0) -> #N/A | AG1681: =IFERROR(INDEX(Last6M_AvgSales_Ref!$B$2:$B$12659,MATCH(D1681,Last6M_AvgSales_Ref!$A$2:$A$12659,0)),"") -> 0
A1682: =VLOOKUP(B1682,$B$2:$AC$1673,28,0) -> NE 2 | B1682: CACHAR | C1682: NEP255 | D1682: 1000004718 | E1682: PANDEY HARDWARE | F1682: 46165 | G1682: =IF(I1682>0,"Targeted Dealer","-") -> Targeted Dealer | I1682: 50 | J1682: =I1682/$J$1*($J$1-$E$1) -> 50 | K1682: 20 | L1682: =I1682-K1682 -> 30 | M1682: =IFERROR((K1682/J1682%),"-") -> 40 | N1682: 61 | O1682: =IF(F1682<=$P$2,"June","") -> June | P1682: =N1682 -> 61 | Q1682: =K1682-P1682 -> -41 | R1682: =IFERROR(IF(O1682="May",(K1682/P1682-1))," ") -> 0 | S1682: =IF(N1682>0,IF(O1682="","-",IF(R1682<0%,"DEGROWTH","GROWTH"))) -> GROWTH | T1682: 0 | U1682: =IF(F1682<=$V$2,"May","") -> May | V1682: =T1682 -> 0 | W1682: =K1682-V1682 -> 20 | X1682: =IFERROR(IF(U1682="June",(K1682/V1682-1)),0) -> 0 | Y1682: =IF(T1682>0,IF(U1682="","-",IF(X1682<0%,"DEGROWTH","GROWTH"))) -> FALSE | AF1682: =VLOOKUP(AG1682,$B$2:$AC$1673,28,0) -> #N/A | AG1682: =IFERROR(INDEX(Last6M_AvgSales_Ref!$B$2:$B$12659,MATCH(D1682,Last6M_AvgSales_Ref!$A$2:$A$12659,0)),"") -> 0
A1683: =VLOOKUP(B1683,$B$2:$AC$1673,28,0) -> NB 2 | B1683: DAKSHIN DINAJPUR | C1683: WBS349 | D1683: 1000004319 | E1683: SARKAR TRADERS | F1683: 45766 | G1683: =IF(I1683>0,"Targeted Dealer","-") -> Targeted Dealer | I1683: 30 | J1683: =I1683/$J$1*($J$1-$E$1) -> 30 | K1683: 5 | L1683: =I1683-K1683 -> 25 | M1683: =IFERROR((K1683/J1683%),"-") -> 16.666667 | N1683: 0 | O1683: =IF(F1683<=$P$2,"June","") -> June | P1683: =N1683 -> 0 | Q1683: =K1683-P1683 -> 5 | R1683: =IFERROR(IF(O1683="May",(K1683/P1683-1))," ") -> 0 | S1683: =IF(N1683>0,IF(O1683="","-",IF(R1683<0%,"DEGROWTH","GROWTH"))) -> FALSE | T1683: 0 | U1683: =IF(F1683<=$V$2,"May","") -> May | V1683: =T1683 -> 0 | W1683: =K1683-V1683 -> 5 | X1683: =IFERROR(IF(U1683="June",(K1683/V1683-1)),0) -> 0 | Y1683: =IF(T1683>0,IF(U1683="","-",IF(X1683<0%,"DEGROWTH","GROWTH"))) -> FALSE | AF1683: =VLOOKUP(AG1683,$B$2:$AC$1673,28,0) -> #N/A | AG1683: =IFERROR(INDEX(Last6M_AvgSales_Ref!$B$2:$B$12659,MATCH(D1683,Last6M_AvgSales_Ref!$A$2:$A$12659,0)),"") -> 0
A1684: =VLOOKUP(B1684,$B$2:$AC$1673,28,0) -> NB 2 | B1684: DAKSHIN DINAJPUR | C1684: WBS361 | D1684: 1000004729 | E1684: SHREE RADHA KRISHNA ENTERPRISE | F1684: 46158 | G1684: =IF(I1684>0,"Targeted Dealer","-") -> Targeted Dealer | I1684: 50 | J1684: =I1684/$J$1*($J$1-$E$1) -> 50 | K1684: 22 | L1684: =I1684-K1684 -> 28 | M1684: =IFERROR((K1684/J1684%),"-") -> 44 | N1684: 50 | O1684: =IF(F1684<=$P$2,"June","") -> June | P1684: =N1684 -> 50 | Q1684: =K1684-P1684 -> -28 | R1684: =IFERROR(IF(O1684="May",(K1684/P1684-1))," ") -> 0 | S1684: =IF(N1684>0,IF(O1684="","-",IF(R1684<0%,"DEGROWTH","GROWTH"))) -> GROWTH | T1684: 0 | U1684: =IF(F1684<=$V$2,"May","") -> May | V1684: =T1684 -> 0 | W1684: =K1684-V1684 -> 22 | X1684: =IFERROR(IF(U1684="June",(K1684/V1684-1)),0) -> 0 | Y1684: =IF(T1684>0,IF(U1684="","-",IF(X1684<0%,"DEGROWTH","GROWTH"))) -> FALSE | AF1684: =VLOOKUP(AG1684,$B$2:$AC$1673,28,0) -> #N/A | AG1684: =IFERROR(INDEX(Last6M_AvgSales_Ref!$B$2:$B$12659,MATCH(D1684,Last6M_AvgSales_Ref!$A$2:$A$12659,0)),"") -> 0
A1685: =VLOOKUP(B1685,$B$2:$AC$1673,28,0) -> NE 1 | B1685: DIBRUGARH | C1685: NEB381 | D1685: 1000004715 | E1685: BHARTIA STEELS | F1685: 46142 | G1685: =IF(I1685>0,"Targeted Dealer","-") -> Targeted Dealer | I1685: 100 | J1685: =I1685/$J$1*($J$1-$E$1) -> 100 | K1685: 170 | L1685: =I1685-K1685 -> -70 | M1685: =IFERROR((K1685/J1685%),"-") -> 170 | N1685: 160 | O1685: =IF(F1685<=$P$2,"June","") -> June | P1685: =N1685 -> 160 | Q1685: =K1685-P1685 -> 10 | R1685: =IFERROR(IF(O1685="May",(K1685/P1685-1))," ") -> 0 | S1685: =IF(N1685>0,IF(O1685="","-",IF(R1685<0%,"DEGROWTH","GROWTH"))) -> GROWTH | T1685: 0 | U1685: =IF(F1685<=$V$2,"May","") -> May | V1685: =T1685 -> 0 | W1685: =K1685-V1685 -> 170 | X1685: =IFERROR(IF(U1685="June",(K1685/V1685-1)),0) -> 0 | Y1685: =IF(T1685>0,IF(U1685="","-",IF(X1685<0%,"DEGROWTH","GROWTH"))) -> FALSE | AF1685: =VLOOKUP(AG1685,$B$2:$AC$1673,28,0) -> #N/A | AG1685: =IFERROR(INDEX(Last6M_AvgSales_Ref!$B$2:$B$12659,MATCH(D1685,Last6M_AvgSales_Ref!$A$2:$A$12659,0)),"") -> 0
A1686: =VLOOKUP(B1686,$B$2:$AC$1673,28,0) -> NE 1 | B1686: GOLAGHAT | C1686: K075 | D1686: 1000000271 | E1686: KANOI HARDWARE STORE | F1686: 44738 | G1686: =IF(I1686>0,"Targeted Dealer","-") -> - | I1686: 0 | J1686: =I1686/$J$1*($J$1-$E$1) -> 0 | K1686: 10 | L1686: =I1686-K1686 -> -10 | M1686: =IFERROR((K1686/J1686%),"-") -> - | N1686: 0 | O1686: =IF(F1686<=$P$2,"June","") -> June | P1686: =N1686 -> 0 | Q1686: =K1686-P1686 -> 10 | R1686: =IFERROR(IF(O1686="May",(K1686/P1686-1))," ") -> 0 | S1686: =IF(N1686>0,IF(O1686="","-",IF(R1686<0%,"DEGROWTH","GROWTH"))) -> FALSE | T1686: 26 | U1686: =IF(F1686<=$V$2,"May","") -> May | V1686: =T1686 -> 26 | W1686: =K1686-V1686 -> -16 | X1686: =IFERROR(IF(U1686="June",(K1686/V1686-1)),0) -> 0 | Y1686: =IF(T1686>0,IF(U1686="","-",IF(X1686<0%,"DEGROWTH","GROWTH"))) -> GROWTH | AF1686: =VLOOKUP(AG1686,$B$2:$AC$1673,28,0) -> #N/A | AG1686: =IFERROR(INDEX(Last6M_AvgSales_Ref!$B$2:$B$12659,MATCH(D1686,Last6M_AvgSales_Ref!$A$2:$A$12659,0)),"") -> 0
A1687: =VLOOKUP(B1687,$B$2:$AC$1673,28,0) -> NE 2 | B1687: GUWAHATI URBAN | C1687: NER227 | D1687: 1000000354 | E1687: RIDDHI CEMENT CENTRE . GHY | F1687: 44738 | G1687: =IF(I1687>0,"Targeted Dealer","-") -> - | I1687: 0 | J1687: =I1687/$J$1*($J$1-$E$1) -> 0 | K1687: 3.5 | L1687: =I1687-K1687 -> -3.5 | M1687: =IFERROR((K1687/J1687%),"-") -> - | N1687: 0 | O1687: =IF(F1687<=$P$2,"June","") -> June | P1687: =N1687 -> 0 | Q1687: =K1687-P1687 -> 3.5 | R1687: =IFERROR(IF(O1687="May",(K1687/P1687-1))," ") -> 0 | S1687: =IF(N1687>0,IF(O1687="","-",IF(R1687<0%,"DEGROWTH","GROWTH"))) -> FALSE | T1687: 0 | U1687: =IF(F1687<=$V$2,"May","") -> May | V1687: =T1687 -> 0 | W1687: =K1687-V1687 -> 3.5 | X1687: =IFERROR(IF(U1687="June",(K1687/V1687-1)),0) -> 0 | Y1687: =IF(T1687>0,IF(U1687="","-",IF(X1687<0%,"DEGROWTH","GROWTH"))) -> FALSE | AF1687: =VLOOKUP(AG1687,$B$2:$AC$1673,28,0) -> #N/A | AG1687: =IFERROR(INDEX(Last6M_AvgSales_Ref!$B$2:$B$12659,MATCH(D1687,Last6M_AvgSales_Ref!$A$2:$A$12659,0)),"") -> 0
A1688: =VLOOKUP(B1688,$B$2:$AC$1673,28,0) -> NE 1 | B1688: HOJAI | C1688: NES600 | D1688: 1000002848 | E1688: SITI HARDWARE | F1688: 44772 | G1688: =IF(I1688>0,"Targeted Dealer","-") -> Targeted Dealer | I1688: 20 | J1688: =I1688/$J$1*($J$1-$E$1) -> 20 | K1688: 26 | L1688: =I1688-K1688 -> -6 | M1688: =IFERROR((K1688/J1688%),"-") -> 130 | N1688: 0 | O1688: =IF(F1688<=$P$2,"June","") -> June | P1688: =N1688 -> 0 | Q1688: =K1688-P1688 -> 26 | R1688: =IFERROR(IF(O1688="May",(K1688/P1688-1))," ") -> 0 | S1688: =IF(N1688>0,IF(O1688="","-",IF(R1688<0%,"DEGROWTH","GROWTH"))) -> FALSE | T1688: 10 | U1688: =IF(F1688<=$V$2,"May","") -> May | V1688: =T1688 -> 10 | W1688: =K1688-V1688 -> 16 | X1688: =IFERROR(IF(U1688="June",(K1688/V1688-1)),0) -> 0 | Y1688: =IF(T1688>0,IF(U1688="","-",IF(X1688<0%,"DEGROWTH","GROWTH"))) -> GROWTH | AF1688: =VLOOKUP(AG1688,$B$2:$AC$1673,28,0) -> #N/A | AG1688: =IFERROR(INDEX(Last6M_AvgSales_Ref!$B$2:$B$12659,MATCH(D1688,Last6M_AvgSales_Ref!$A$2:$A$12659,0)),"") -> 0
... A1712: =VLOOKUP(B1712,$B$2:$AC$1673,28,0) -> NB 2 | B1712: UTTAR DINAJPUR | C1712: WBA167 | D1712: 1000004710 | E1712: ALAM TILES FACTORY | F1712: 46141 | G1712: =IF(I1712>0,"Targeted Dealer","-") -> Targeted Dealer | I1712: 25 | J1712: =I1712/$J$1*($J$1-$E$1) -> 25 | K1712: 25 | L1712: =I1712-K1712 -> 0 | M1712: =IFERROR((K1712/J1712%),"-") -> 100 | N1712: 25 | O1712: =IF(F1712<=$P$2,"June","") -> June | P1712: =N1712 -> 25 | Q1712: =K1712-P1712 -> 0 | R1712: =IFERROR(IF(O1712="May",(K1712/P1712-1))," ") -> 0 | S1712: =IF(N1712>0,IF(O1712="","-",IF(R1712<0%,"DEGROWTH","GROWTH"))) -> GROWTH | T1712: 0 | U1712: =IF(F1712<=$V$2,"May","") -> May | V1712: =T1712 -> 0 | W1712: =K1712-V1712 -> 25 | X1712: =IFERROR(IF(U1712="June",(K1712/V1712-1)),0) -> 0 | Y1712: =IF(T1712>0,IF(U1712="","-",IF(X1712<0%,"DEGROWTH","GROWTH"))) -> FALSE | AF1712: =VLOOKUP(AG1712,$B$2:$AC$1673,28,0) -> #N/A | AG1712: =IFERROR(INDEX(Last6M_AvgSales_Ref!$B$2:$B$12659,MATCH(D1712,Last6M_AvgSales_Ref!$A$2:$A$12659,0)),"") -> 0
A1713: NE 1 | B1713: AP- Banderdewa | C1713: NEM215 | D1713: 1000000072 | E1713: MAHESH TRADERS (AP) | F1713: 44738 | I1713: 0 | J1713: =I1713/$J$1*($J$1-$E$1) -> 0 | K1713: 25 | L1713: =I1713-K1713 -> -25 | M1713: =IFERROR((K1713/J1713%),"-") -> - | N1713: 40 | O1713: =IF(F1713<=$P$2,"June","") -> June | P1713: =N1713 -> 40 | Q1713: =K1713-P1713 -> -15 | R1713: =IFERROR(IF(O1713="May",(K1713/P1713-1))," ") -> 0 | S1713: =IF(N1713>0,IF(O1713="","-",IF(R1713<0%,"DEGROWTH","GROWTH"))) -> GROWTH | T1713: 300 | U1713: =IF(F1713<=$V$2,"May","") -> May | V1713: =T1713 -> 300 | W1713: =K1713-V1713 -> -275 | X1713: =IFERROR(IF(U1713="June",(K1713/V1713-1)),0) -> 0 | Y1713: =IF(T1713>0,IF(U1713="","-",IF(X1713<0%,"DEGROWTH","GROWTH"))) -> GROWTH | AG1713: =IFERROR(INDEX(Last6M_AvgSales_Ref!$B$2:$B$12659,MATCH(D1713,Last6M_AvgSales_Ref!$A$2:$A$12659,0)),"")
A1714: NE 1 | B1714: Golaghat | C1714: NES195 | D1714: 1000000276 | E1714: SATABDI STORE (GOLAGHAT) | F1714: 44738 | I1714: 20 | J1714: =I1714/$J$1*($J$1-$E$1) -> 20 | K1714: 25 | L1714: =I1714-K1714 -> -5 | M1714: =IFERROR((K1714/J1714%),"-") -> 125 | N1714: 10 | O1714: =IF(F1714<=$P$2,"June","") -> June | P1714: =N1714 -> 10 | Q1714: =K1714-P1714 -> 15 | R1714: =IFERROR(IF(O1714="May",(K1714/P1714-1))," ") -> 0 | S1714: =IF(N1714>0,IF(O1714="","-",IF(R1714<0%,"DEGROWTH","GROWTH"))) -> GROWTH | T1714: 0 | U1714: =IF(F1714<=$V$2,"May","") -> May | V1714: =T1714 -> 0 | W1714: =K1714-V1714 -> 25 | X1714: =IFERROR(IF(U1714="June",(K1714/V1714-1)),0) -> 0 | Y1714: =IF(T1714>0,IF(U1714="","-",IF(X1714<0%,"DEGROWTH","GROWTH"))) -> FALSE | AG1714: =IFERROR(INDEX(Last6M_AvgSales_Ref!$B$2:$B$12659,MATCH(D1714,Last6M_AvgSales_Ref!$A$2:$A$12659,0)),"")
A1715: BH | B1715: PURNIA | C1715: BHD017 | D1715: 1000001715 | E1715: DAUD TRADERS | F1715: 44739 | I1715: 0 | J1715: =I1715/$J$1*($J$1-$E$1) -> 0 | K1715: 25 | L1715: =I1715-K1715 -> -25 | M1715: =IFERROR((K1715/J1715%),"-") -> - | N1715: 7.5 | O1715: =IF(F1715<=$P$2,"June","") -> June | P1715: =N1715 -> 7.5 | Q1715: =K1715-P1715 -> 17.5 | R1715: =IFERROR(IF(O1715="May",(K1715/P1715-1))," ") -> 0 | S1715: =IF(N1715>0,IF(O1715="","-",IF(R1715<0%,"DEGROWTH","GROWTH"))) -> GROWTH | T1715: 0 | U1715: =IF(F1715<=$V$2,"May","") -> May | V1715: =T1715 -> 0 | W1715: =K1715-V1715 -> 25 | X1715: =IFERROR(IF(U1715="June",(K1715/V1715-1)),0) -> 0 | Y1715: =IF(T1715>0,IF(U1715="","-",IF(X1715<0%,"DEGROWTH","GROWTH"))) -> FALSE | AG1715: =IFERROR(INDEX(Last6M_AvgSales_Ref!$B$2:$B$12659,MATCH(D1715,Last6M_AvgSales_Ref!$A$2:$A$12659,0)),"")
A1716: BH | B1716: PURNIA | C1716: BHM004 | D1716: 1000001720 | E1716: MANJAR TRADERS | F1716: 44739 | I1716: 0 | J1716: =I1716/$J$1*($J$1-$E$1) -> 0 | K1716: 25 | L1716: =I1716-K1716 -> -25 | M1716: =IFERROR((K1716/J1716%),"-") -> - | N1716: 49.5 | O1716: =IF(F1716<=$P$2,"June","") -> June | P1716: =N1716 -> 49.5 | Q1716: =K1716-P1716 -> -24.5 | R1716: =IFERROR(IF(O1716="May",(K1716/P1716-1))," ") -> 0 | S1716: =IF(N1716>0,IF(O1716="","-",IF(R1716<0%,"DEGROWTH","GROWTH"))) -> GROWTH | T1716: 0 | U1716: =IF(F1716<=$V$2,"May","") -> May | V1716: =T1716 -> 0 | W1716: =K1716-V1716 -> 25 | X1716: =IFERROR(IF(U1716="June",(K1716/V1716-1)),0) -> 0 | Y1716: =IF(T1716>0,IF(U1716="","-",IF(X1716<0%,"DEGROWTH","GROWTH"))) -> FALSE | AG1716: =IFERROR(INDEX(Last6M_AvgSales_Ref!$B$2:$B$12659,MATCH(D1716,Last6M_AvgSales_Ref!$A$2:$A$12659,0)),"")
A1717: NE 2 | B1717: DHARMANAGAR | C1717: NES546 | D1717: 1000002400 | E1717: SUJIT SEN | F1717: 44738 | I1717: 0 | J1717: =I1717/$J$1*($J$1-$E$1) -> 0 | K1717: 25 | L1717: =I1717-K1717 -> -25 | M1717: =IFERROR((K1717/J1717%),"-") -> - | N1717: 5 | O1717: =IF(F1717<=$P$2,"June","") -> June | P1717: =N1717 -> 5 | Q1717: =K1717-P1717 -> 20 | R1717: =IFERROR(IF(O1717="May",(K1717/P1717-1))," ") -> 0 | S1717: =IF(N1717>0,IF(O1717="","-",IF(R1717<0%,"DEGROWTH","GROWTH"))) -> GROWTH | T1717: 20 | U1717: =IF(F1717<=$V$2,"May","") -> May | V1717: =T1717 -> 20 | W1717: =K1717-V1717 -> 5 | X1717: =IFERROR(IF(U1717="June",(K1717/V1717-1)),0) -> 0 | Y1717: =IF(T1717>0,IF(U1717="","-",IF(X1717<0%,"DEGROWTH","GROWTH"))) -> GROWTH | AG1717: =IFERROR(INDEX(Last6M_AvgSales_Ref!$B$2:$B$12659,MATCH(D1717,Last6M_AvgSales_Ref!$A$2:$A$12659,0)),"")
A1718: NE 2 | B1718: GUWAHATI URBAN | C1718: NEM351 | D1718: 1000003062 | E1718: MODAK ENTERPRISE | F1718: 44865 | I1718: 0 | J1718: =I1718/$J$1*($J$1-$E$1) -> 0 | K1718: 25 | L1718: =I1718-K1718 -> -25 | M1718: =IFERROR((K1718/J1718%),"-") -> - | N1718: 13 | O1718: =IF(F1718<=$P$2,"June","") -> June | P1718: =N1718 -> 13 | Q1718: =K1718-P1718 -> 12 | R1718: =IFERROR(IF(O1718="May",(K1718/P1718-1))," ") -> 0 | S1718: =IF(N1718>0,IF(O1718="","-",IF(R1718<0%,"DEGROWTH","GROWTH"))) -> GROWTH | T1718: 0 | U1718: =IF(F1718<=$V$2,"May","") -> May | V1718: =T1718 -> 0 | W1718: =K1718-V1718 -> 25 | X1718: =IFERROR(IF(U1718="June",(K1718/V1718-1)),0) -> 0 | Y1718: =IF(T1718>0,IF(U1718="","-",IF(X1718<0%,"DEGROWTH","GROWTH"))) -> FALSE | AG1718: =IFERROR(INDEX(Last6M_AvgSales_Ref!$B$2:$B$12659,MATCH(D1718,Last6M_AvgSales_Ref!$A$2:$A$12659,0)),"")
A1719: NE 2 | B1719: MORIGAON | C1719: NEA399 | D1719: 1000003514 | E1719: AMDAD HARDWARE STORE | F1719: 45054 | I1719: 0 | J1719: =I1719/$J$1*($J$1-$E$1) -> 0 | K1719: 25 | L1719: =I1719-K1719 -> -25 | M1719: =IFERROR((K1719/J1719%),"-") -> - | N1719: 20 | O1719: =IF(F1719<=$P$2,"June","") -> June | P1719: =N1719 -> 20 | Q1719: =K1719-P1719 -> 5 | R1719: =IFERROR(IF(O1719="May",(K1719/P1719-1))," ") -> 0 | S1719: =IF(N1719>0,IF(O1719="","-",IF(R1719<0%,"DEGROWTH","GROWTH"))) -> GROWTH | T1719: 0 | U1719: =IF(F1719<=$V$2,"May","") -> May | V1719: =T1719 -> 0 | W1719: =K1719-V1719 -> 25 | X1719: =IFERROR(IF(U1719="June",(K1719/V1719-1)),0) -> 0 | Y1719: =IF(T1719>0,IF(U1719="","-",IF(X1719<0%,"DEGROWTH","GROWTH"))) -> FALSE | AG1719: =IFERROR(INDEX(Last6M_AvgSales_Ref!$B$2:$B$12659,MATCH(D1719,Last6M_AvgSales_Ref!$A$2:$A$12659,0)),"")
A1720: NE 2 | B1720: GUWAHATI URBAN | C1720: NEA464 | D1720: 1000004101 | E1720: A B ENTERPRISE | F1720: 45533 | I1720: 0 | J1720: =I1720/$J$1*($J$1-$E$1) -> 0 | K1720: 25 | L1720: =I1720-K1720 -> -25 | M1720: =IFERROR((K1720/J1720%),"-") -> - | N1720: 3.5 | O1720: =IF(F1720<=$P$2,"June","") -> June | P1720: =N1720 -> 3.5 | Q1720: =K1720-P1720 -> 21.5 | R1720: =IFERROR(IF(O1720="May",(K1720/P1720-1))," ") -> 0 | S1720: =IF(N1720>0,IF(O1720="","-",IF(R1720<0%,"DEGROWTH","GROWTH"))) -> GROWTH | T1720: 0 | U1720: =IF(F1720<=$V$2,"May","") -> May | V1720: =T1720 -> 0 | W1720: =K1720-V1720 -> 25 | X1720: =IFERROR(IF(U1720="June",(K1720/V1720-1)),0) -> 0 | Y1720: =IF(T1720>0,IF(U1720="","-",IF(X1720<0%,"DEGROWTH","GROWTH"))) -> FALSE | AG1720: =IFERROR(INDEX(Last6M_AvgSales_Ref!$B$2:$B$12659,MATCH(D1720,Last6M_AvgSales_Ref!$A$2:$A$12659,0)),"")
A1721: BH | B1721: KISHANGANJ | C1721: BHH023 | D1721: 1000004717 | E1721: HAJI SAB STORE | F1721: 46163 | I1721: 150 | J1721: =I1721/$J$1*($J$1-$E$1) -> 150 | K1721: 25 | L1721: =I1721-K1721 -> 125 | M1721: =IFERROR((K1721/J1721%),"-") -> 16.666667 | N1721: 150 | O1721: =IF(F1721<=$P$2,"June","") -> June | P1721: =N1721 -> 150 | Q1721: =K1721-P1721 -> -125 | R1721: =IFERROR(IF(O1721="May",(K1721/P1721-1))," ") -> 0 | S1721: =IF(N1721>0,IF(O1721="","-",IF(R1721<0%,"DEGROWTH","GROWTH"))) -> GROWTH | T1721: 0 | U1721: =IF(F1721<=$V$2,"May","") -> May | V1721: =T1721 -> 0 | W1721: =K1721-V1721 -> 25 | X1721: =IFERROR(IF(U1721="June",(K1721/V1721-1)),0) -> 0 | Y1721: =IF(T1721>0,IF(U1721="","-",IF(X1721<0%,"DEGROWTH","GROWTH"))) -> FALSE | AG1721: =IFERROR(INDEX(Last6M_AvgSales_Ref!$B$2:$B$12659,MATCH(D1721,Last6M_AvgSales_Ref!$A$2:$A$12659,0)),"")
A1722: NE 2 | B1722: Lower Assam- 2 (Barpeta) | C1722: NEB382 | D1722: 1000004735 | E1722: BHUYAN ENTERPRISE | F1722: 46169 | I1722: 26 | J1722: =I1722/$J$1*($J$1-$E$1) -> 26 | K1722: 25 | L1722: =I1722-K1722 -> 1 | M1722: =IFERROR((K1722/J1722%),"-") -> 96.153846 | N1722: 25.5 | O1722: =IF(F1722<=$P$2,"June","") -> June | P1722: =N1722 -> 25.5 | Q1722: =K1722-P1722 -> -0.5 | R1722: =IFERROR(IF(O1722="May",(K1722/P1722-1))," ") -> 0 | S1722: =IF(N1722>0,IF(O1722="","-",IF(R1722<0%,"DEGROWTH","GROWTH"))) -> GROWTH | T1722: 0 | U1722: =IF(F1722<=$V$2,"May","") -> May | V1722: =T1722 -> 0 | W1722: =K1722-V1722 -> 25 | X1722: =IFERROR(IF(U1722="June",(K1722/V1722-1)),0) -> 0 | Y1722: =IF(T1722>0,IF(U1722="","-",IF(X1722<0%,"DEGROWTH","GROWTH"))) -> FALSE | AG1722: =IFERROR(INDEX(Last6M_AvgSales_Ref!$B$2:$B$12659,MATCH(D1722,Last6M_AvgSales_Ref!$A$2:$A$12659,0)),"")
A1723: NE 2 | B1723: Lower Assam- 3 | C1723: NEJ301 | D1723: 1000004747 | E1723: JIVIKA HARDWARE | F1723: 46175 | I1723: 0 | J1723: =I1723/$J$1*($J$1-$E$1) -> 0 | K1723: 25 | L1723: =I1723-K1723 -> -25 | M1723: =IFERROR((K1723/J1723%),"-") -> - | N1723: 396 | O1723: =IF(F1723<=$P$2,"June","") -> June | P1723: =N1723 -> 396 | Q1723: =K1723-P1723 -> -371 | R1723: =IFERROR(IF(O1723="May",(K1723/P1723-1))," ") -> 0 | S1723: =IF(N1723>0,IF(O1723="","-",IF(R1723<0%,"DEGROWTH","GROWTH"))) -> GROWTH | T1723: 0 | U1723: =IF(F1723<=$V$2,"May","") -> May | V1723: =T1723 -> 0 | W1723: =K1723-V1723 -> 25 | X1723: =IFERROR(IF(U1723="June",(K1723/V1723-1)),0) -> 0 | Y1723: =IF(T1723>0,IF(U1723="","-",IF(X1723<0%,"DEGROWTH","GROWTH"))) -> FALSE | AG1723: =IFERROR(INDEX(Last6M_AvgSales_Ref!$B$2:$B$12659,MATCH(D1723,Last6M_AvgSales_Ref!$A$2:$A$12659,0)),"")
A1724: NB 1 | B1724: DARJEELING PLAINS | C1724: WBM324 | D1724: 1000004744 | E1724: MAA LAXMI DISTRIBUTORS | F1724: 46168 | I1724: 100 | J1724: =I1724/$J$1*($J$1-$E$1) -> 100 | K1724: 25 | L1724: =I1724-K1724 -> 75 | M1724: =IFERROR((K1724/J1724%),"-") -> 25 | N1724: 133.25 | O1724: =IF(F1724<=$P$2,"June","") -> June | P1724: =N1724 -> 133.25 | Q1724: =K1724-P1724 -> -108.25 | R1724: =IFERROR(IF(O1724="May",(K1724/P1724-1))," ") -> 0 | S1724: =IF(N1724>0,IF(O1724="","-",IF(R1724<0%,"DEGROWTH","GROWTH"))) -> GROWTH | T1724: 0 | U1724: =IF(F1724<=$V$2,"May","") -> May | V1724: =T1724 -> 0 | W1724: =K1724-V1724 -> 25 | X1724: =IFERROR(IF(U1724="June",(K1724/V1724-1)),0) -> 0 | Y1724: =IF(T1724>0,IF(U1724="","-",IF(X1724<0%,"DEGROWTH","GROWTH"))) -> FALSE | AG1724: =IFERROR(INDEX(Last6M_AvgSales_Ref!$B$2:$B$12659,MATCH(D1724,Last6M_AvgSales_Ref!$A$2:$A$12659,0)),"")
... A1743: NB 1 | B1743: ALIPURDUAR | C1743: WBD106 | D1743: 1000004772 | E1743: DAS ENTERPRISE | F1743: 46188 | I1743: 0 | J1743: =I1743/$J$1*($J$1-$E$1) -> 0 | K1743: 25 | L1743: =I1743-K1743 -> -25 | M1743: =IFERROR((K1743/J1743%),"-") -> - | N1743: 18 | O1743: =IF(F1743<=$P$2,"June","") -> June | P1743: =N1743 -> 18 | Q1743: =K1743-P1743 -> 7 | R1743: =IFERROR(IF(O1743="May",(K1743/P1743-1))," ") -> 0 | S1743: =IF(N1743>0,IF(O1743="","-",IF(R1743<0%,"DEGROWTH","GROWTH"))) -> GROWTH | T1743: 0 | U1743: =IF(F1743<=$V$2,"May","") -> May | V1743: =T1743 -> 0 | W1743: =K1743-V1743 -> 25 | X1743: =IFERROR(IF(U1743="June",(K1743/V1743-1)),0) -> 0 | Y1743: =IF(T1743>0,IF(U1743="","-",IF(X1743<0%,"DEGROWTH","GROWTH"))) -> FALSE | AG1743: =IFERROR(INDEX(Last6M_AvgSales_Ref!$B$2:$B$12659,MATCH(D1743,Last6M_AvgSales_Ref!$A$2:$A$12659,0)),"")
A1744: =#N/A -> #N/A | B1744: PATNA | C1744: BHG052 | D1744: 1000004740 | E1744: GUPTA TRADING | F1744: 46173 | I1744: 0 | J1744: =I1744/$J$1*($J$1-$E$1) -> 0 | K1744: 25 | L1744: =I1744-K1744 -> -25 | M1744: =IFERROR((K1744/J1744%),"-") -> - | N1744: 50 | O1744: =IF(F1744<=$P$2,"June","") -> June | P1744: =N1744 -> 50 | Q1744: =K1744-P1744 -> -25 | R1744: =IFERROR(IF(O1744="May",(K1744/P1744-1))," ") -> 0 | S1744: =IF(N1744>0,IF(O1744="","-",IF(R1744<0%,"DEGROWTH","GROWTH"))) -> GROWTH | T1744: 0 | U1744: =IF(F1744<=$V$2,"May","") -> May | V1744: =T1744 -> 0 | W1744: =K1744-V1744 -> 25 | X1744: =IFERROR(IF(U1744="June",(K1744/V1744-1)),0) -> 0 | Y1744: =IF(T1744>0,IF(U1744="","-",IF(X1744<0%,"DEGROWTH","GROWTH"))) -> FALSE | AG1744: =IFERROR(INDEX(Last6M_AvgSales_Ref!$B$2:$B$12659,MATCH(D1744,Last6M_AvgSales_Ref!$A$2:$A$12659,0)),"")
A1745: NB 2 | B1745: MALDA | C1745: WBN115 | D1745: 1000004749 | E1745: NOOR HARDWARE | F1745: 46182 | I1745: 0 | J1745: =I1745/$J$1*($J$1-$E$1) -> 0 | K1745: 25 | L1745: =I1745-K1745 -> -25 | M1745: =IFERROR((K1745/J1745%),"-") -> - | N1745: 10 | O1745: =IF(F1745<=$P$2,"June","") -> June | P1745: =N1745 -> 10 | Q1745: =K1745-P1745 -> 15 | R1745: =IFERROR(IF(O1745="May",(K1745/P1745-1))," ") -> 0 | S1745: =IF(N1745>0,IF(O1745="","-",IF(R1745<0%,"DEGROWTH","GROWTH"))) -> GROWTH | T1745: 0 | U1745: =IF(F1745<=$V$2,"May","") -> May | V1745: =T1745 -> 0 | W1745: =K1745-V1745 -> 25 | X1745: =IFERROR(IF(U1745="June",(K1745/V1745-1)),0) -> 0 | Y1745: =IF(T1745>0,IF(U1745="","-",IF(X1745<0%,"DEGROWTH","GROWTH"))) -> FALSE | AG1745: =IFERROR(INDEX(Last6M_AvgSales_Ref!$B$2:$B$12659,MATCH(D1745,Last6M_AvgSales_Ref!$A$2:$A$12659,0)),"")
A1746: NE 2 | B1746: Lower Assam- 1 (Bongaigaon) | C1746: NEC118 | D1746: 1000004782 | E1746: CHOUDHURY ENTERPRISE | F1746: 46191 | I1746: 0 | J1746: =I1746/$J$1*($J$1-$E$1) -> 0 | K1746: 25 | L1746: =I1746-K1746 -> -25 | M1746: =IFERROR((K1746/J1746%),"-") -> - | N1746: 120 | O1746: =IF(F1746<=$P$2,"June","") -> June | P1746: =N1746 -> 120 | Q1746: =K1746-P1746 -> -95 | R1746: =IFERROR(IF(O1746="May",(K1746/P1746-1))," ") -> 0 | S1746: =IF(N1746>0,IF(O1746="","-",IF(R1746<0%,"DEGROWTH","GROWTH"))) -> GROWTH | T1746: 0 | U1746: =IF(F1746<=$V$2,"May","") -> May | V1746: =T1746 -> 0 | W1746: =K1746-V1746 -> 25 | X1746: =IFERROR(IF(U1746="June",(K1746/V1746-1)),0) -> 0 | Y1746: =IF(T1746>0,IF(U1746="","-",IF(X1746<0%,"DEGROWTH","GROWTH"))) -> FALSE | AG1746: =IFERROR(INDEX(Last6M_AvgSales_Ref!$B$2:$B$12659,MATCH(D1746,Last6M_AvgSales_Ref!$A$2:$A$12659,0)),"")
A1747: NE 2 | B1747: Lower Assam- 1 (Bongaigaon) | C1747: NEB484 | D1747: 1000004783 | E1747: BODOLAND HARDWARE | F1747: 46191 | I1747: 0 | J1747: =I1747/$J$1*($J$1-$E$1) -> 0 | K1747: 25 | L1747: =I1747-K1747 -> -25 | M1747: =IFERROR((K1747/J1747%),"-") -> - | N1747: 50 | O1747: =IF(F1747<=$P$2,"June","") -> June | P1747: =N1747 -> 50 | Q1747: =K1747-P1747 -> -25 | R1747: =IFERROR(IF(O1747="May",(K1747/P1747-1))," ") -> 0 | S1747: =IF(N1747>0,IF(O1747="","-",IF(R1747<0%,"DEGROWTH","GROWTH"))) -> GROWTH | T1747: 0 | U1747: =IF(F1747<=$V$2,"May","") -> May | V1747: =T1747 -> 0 | W1747: =K1747-V1747 -> 25 | X1747: =IFERROR(IF(U1747="June",(K1747/V1747-1)),0) -> 0 | Y1747: =IF(T1747>0,IF(U1747="","-",IF(X1747<0%,"DEGROWTH","GROWTH"))) -> FALSE | AG1747: =IFERROR(INDEX(Last6M_AvgSales_Ref!$B$2:$B$12659,MATCH(D1747,Last6M_AvgSales_Ref!$A$2:$A$12659,0)),"")
A1748: GAYA | B1748: GAYA | C1748: BHA108 | D1748: 1000004774 | E1748: ARTI ENTERPRISES | F1748: 46189 | I1748: 0 | J1748: =I1748/$J$1*($J$1-$E$1) -> 0 | K1748: 25 | L1748: =I1748-K1748 -> -25 | M1748: =IFERROR((K1748/J1748%),"-") -> - | N1748: 30 | O1748: =IF(F1748<=$P$2,"June","") -> June | P1748: =N1748 -> 30 | Q1748: =K1748-P1748 -> -5 | R1748: =IFERROR(IF(O1748="May",(K1748/P1748-1))," ") -> 0 | S1748: =IF(N1748>0,IF(O1748="","-",IF(R1748<0%,"DEGROWTH","GROWTH"))) -> GROWTH | T1748: 0 | U1748: =IF(F1748<=$V$2,"May","") -> May | V1748: =T1748 -> 0 | W1748: =K1748-V1748 -> 25 | X1748: =IFERROR(IF(U1748="June",(K1748/V1748-1)),0) -> 0 | Y1748: =IF(T1748>0,IF(U1748="","-",IF(X1748<0%,"DEGROWTH","GROWTH"))) -> FALSE | AG1748: =IFERROR(INDEX(Last6M_AvgSales_Ref!$B$2:$B$12659,MATCH(D1748,Last6M_AvgSales_Ref!$A$2:$A$12659,0)),"")
A1749: GAYA | B1749: GAYA | C1749: BHS279 | D1749: 1000004760 | E1749: SONI TRADERS - MAULA NAGAR | F1749: 46188 | I1749: 0 | J1749: =I1749/$J$1*($J$1-$E$1) -> 0 | K1749: 25 | L1749: =I1749-K1749 -> -25 | M1749: =IFERROR((K1749/J1749%),"-") -> - | N1749: 50 | O1749: =IF(F1749<=$P$2,"June","") -> June | P1749: =N1749 -> 50 | Q1749: =K1749-P1749 -> -25 | R1749: =IFERROR(IF(O1749="May",(K1749/P1749-1))," ") -> 0 | S1749: =IF(N1749>0,IF(O1749="","-",IF(R1749<0%,"DEGROWTH","GROWTH"))) -> GROWTH | T1749: 0 | U1749: =IF(F1749<=$V$2,"May","") -> May | V1749: =T1749 -> 0 | W1749: =K1749-V1749 -> 25 | X1749: =IFERROR(IF(U1749="June",(K1749/V1749-1)),0) -> 0 | Y1749: =IF(T1749>0,IF(U1749="","-",IF(X1749<0%,"DEGROWTH","GROWTH"))) -> FALSE | AG1749: =IFERROR(INDEX(Last6M_AvgSales_Ref!$B$2:$B$12659,MATCH(D1749,Last6M_AvgSales_Ref!$A$2:$A$12659,0)),"")
A1750: NB 2 | B1750: UTTAR DINAJPUR | C1750: WBD107 | D1750: 1000004786 | E1750: DADA BHAI ENTERPRISE - JOYHAT | F1750: 46193 | I1750: 0 | J1750: =I1750/$J$1*($J$1-$E$1) -> 0 | K1750: 25 | L1750: =I1750-K1750 -> -25 | M1750: =IFERROR((K1750/J1750%),"-") -> - | N1750: 25 | O1750: =IF(F1750<=$P$2,"June","") -> June | P1750: =N1750 -> 25 | Q1750: =K1750-P1750 -> 0 | R1750: =IFERROR(IF(O1750="May",(K1750/P1750-1))," ") -> 0 | S1750: =IF(N1750>0,IF(O1750="","-",IF(R1750<0%,"DEGROWTH","GROWTH"))) -> GROWTH | T1750: 0 | U1750: =IF(F1750<=$V$2,"May","") -> May | V1750: =T1750 -> 0 | W1750: =K1750-V1750 -> 25 | X1750: =IFERROR(IF(U1750="June",(K1750/V1750-1)),0) -> 0 | Y1750: =IF(T1750>0,IF(U1750="","-",IF(X1750<0%,"DEGROWTH","GROWTH"))) -> FALSE | AG1750: =IFERROR(INDEX(Last6M_AvgSales_Ref!$B$2:$B$12659,MATCH(D1750,Last6M_AvgSales_Ref!$A$2:$A$12659,0)),"")
A1751: NB 2 | B1751: RAGHUNATHGANJ | C1751: WBB166 | D1751: 1000004765 | E1751: BENGAL TRADERS - ANTARDWIPA | F1751: 46185 | I1751: 0 | J1751: =I1751/$J$1*($J$1-$E$1) -> 0 | K1751: 25 | L1751: =I1751-K1751 -> -25 | M1751: =IFERROR((K1751/J1751%),"-") -> - | N1751: 25 | O1751: =IF(F1751<=$P$2,"June","") -> June | P1751: =N1751 -> 25 | Q1751: =K1751-P1751 -> 0 | R1751: =IFERROR(IF(O1751="May",(K1751/P1751-1))," ") -> 0 | S1751: =IF(N1751>0,IF(O1751="","-",IF(R1751<0%,"DEGROWTH","GROWTH"))) -> GROWTH | T1751: 0 | U1751: =IF(F1751<=$V$2,"May","") -> May | V1751: =T1751 -> 0 | W1751: =K1751-V1751 -> 25 | X1751: =IFERROR(IF(U1751="June",(K1751/V1751-1)),0) -> 0 | Y1751: =IF(T1751>0,IF(U1751="","-",IF(X1751<0%,"DEGROWTH","GROWTH"))) -> FALSE | AG1751: =IFERROR(INDEX(Last6M_AvgSales_Ref!$B$2:$B$12659,MATCH(D1751,Last6M_AvgSales_Ref!$A$2:$A$12659,0)),"")
A1752: GAYA | B1752: GAYA | C1752: BHA106 | D1752: 1000004763 | E1752: AJAY CEMENT STORE - KHANJAHAPUR | F1752: 46184 | I1752: 0 | J1752: =I1752/$J$1*($J$1-$E$1) -> 0 | K1752: 25 | L1752: =I1752-K1752 -> -25 | M1752: =IFERROR((K1752/J1752%),"-") -> - | N1752: 40 | O1752: =IF(F1752<=$P$2,"June","") -> June | P1752: =N1752 -> 40 | Q1752: =K1752-P1752 -> -15 | R1752: =IFERROR(IF(O1752="May",(K1752/P1752-1))," ") -> 0 | S1752: =IF(N1752>0,IF(O1752="","-",IF(R1752<0%,"DEGROWTH","GROWTH"))) -> GROWTH | T1752: 0 | U1752: =IF(F1752<=$V$2,"May","") -> May | V1752: =T1752 -> 0 | W1752: =K1752-V1752 -> 25 | X1752: =IFERROR(IF(U1752="June",(K1752/V1752-1)),0) -> 0 | Y1752: =IF(T1752>0,IF(U1752="","-",IF(X1752<0%,"DEGROWTH","GROWTH"))) -> FALSE | AG1752: =IFERROR(INDEX(Last6M_AvgSales_Ref!$B$2:$B$12659,MATCH(D1752,Last6M_AvgSales_Ref!$A$2:$A$12659,0)),"")
A1753: GAYA | B1753: GAYA | C1753: BHS278 | D1753: 1000004759 | E1753: SHANKAR TRADERS | F1753: 46186 | I1753: 0 | J1753: =I1753/$J$1*($J$1-$E$1) -> 0 | K1753: 25 | L1753: =I1753-K1753 -> -25 | M1753: =IFERROR((K1753/J1753%),"-") -> - | N1753: 30 | O1753: =IF(F1753<=$P$2,"June","") -> June | P1753: =N1753 -> 30 | Q1753: =K1753-P1753 -> -5 | R1753: =IFERROR(IF(O1753="May",(K1753/P1753-1))," ") -> 0 | S1753: =IF(N1753>0,IF(O1753="","-",IF(R1753<0%,"DEGROWTH","GROWTH"))) -> GROWTH | T1753: 0 | U1753: =IF(F1753<=$V$2,"May","") -> May | V1753: =T1753 -> 0 | W1753: =K1753-V1753 -> 25 | X1753: =IFERROR(IF(U1753="June",(K1753/V1753-1)),0) -> 0 | Y1753: =IF(T1753>0,IF(U1753="","-",IF(X1753<0%,"DEGROWTH","GROWTH"))) -> FALSE | AG1753: =IFERROR(INDEX(Last6M_AvgSales_Ref!$B$2:$B$12659,MATCH(D1753,Last6M_AvgSales_Ref!$A$2:$A$12659,0)),"")
A1754: NB 2 | B1754: DAKSHIN DINAJPUR | C1754: WBN117 | D1754: 1000004787 | E1754: NEW R.K.BUILDERS | F1754: 46193 | I1754: 0 | J1754: =I1754/$J$1*($J$1-$E$1) -> 0 | K1754: 25 | L1754: =I1754-K1754 -> -25 | M1754: =IFERROR((K1754/J1754%),"-") -> - | N1754: 50 | O1754: =IF(F1754<=$P$2,"June","") -> June | P1754: =N1754 -> 50 | Q1754: =K1754-P1754 -> -25 | R1754: =IFERROR(IF(O1754="May",(K1754/P1754-1))," ") -> 0 | S1754: =IF(N1754>0,IF(O1754="","-",IF(R1754<0%,"DEGROWTH","GROWTH"))) -> GROWTH | T1754: 0 | U1754: =IF(F1754<=$V$2,"May","") -> May | V1754: =T1754 -> 0 | W1754: =K1754-V1754 -> 25 | X1754: =IFERROR(IF(U1754="June",(K1754/V1754-1)),0) -> 0 | Y1754: =IF(T1754>0,IF(U1754="","-",IF(X1754<0%,"DEGROWTH","GROWTH"))) -> FALSE | AG1754: =IFERROR(INDEX(Last6M_AvgSales_Ref!$B$2:$B$12659,MATCH(D1754,Last6M_AvgSales_Ref!$A$2:$A$12659,0)),"")
A1755: GAYA | B1755: GAYA | C1755: BHS048 | D1755: 1000001967 | E1755: SHIVAM TRADERS (WARS) | F1755: 44739 | I1755: 0 | J1755: =I1755/$J$1*($J$1-$E$1) -> 0 | K1755: 25 | L1755: =I1755-K1755 -> -25 | M1755: =IFERROR((K1755/J1755%),"-") -> - | N1755: 25 | O1755: =IF(F1755<=$P$2,"June","") -> June | P1755: =N1755 -> 25 | Q1755: =K1755-P1755 -> 0 | R1755: =IFERROR(IF(O1755="May",(K1755/P1755-1))," ") -> 0 | S1755: =IF(N1755>0,IF(O1755="","-",IF(R1755<0%,"DEGROWTH","GROWTH"))) -> GROWTH | T1755: 0 | U1755: =IF(F1755<=$V$2,"May","") -> May | V1755: =T1755 -> 0 | W1755: =K1755-V1755 -> 25 | X1755: =IFERROR(IF(U1755="June",(K1755/V1755-1)),0) -> 0 | Y1755: =IF(T1755>0,IF(U1755="","-",IF(X1755<0%,"DEGROWTH","GROWTH"))) -> FALSE | AG1755: =IFERROR(INDEX(Last6M_AvgSales_Ref!$B$2:$B$12659,MATCH(D1755,Last6M_AvgSales_Ref!$A$2:$A$12659,0)),"")
A1756: GAYA | B1756: GAYA | C1756: BHA107 | D1756: 1000004761 | E1756: ASHRAFI TRADERS | F1756: 46188 | I1756: 0 | J1756: =I1756/$J$1*($J$1-$E$1) -> 0 | K1756: 25 | L1756: =I1756-K1756 -> -25 | M1756: =IFERROR((K1756/J1756%),"-") -> - | N1756: 25 | O1756: =IF(F1756<=$P$2,"June","") -> June | P1756: =N1756 -> 25 | Q1756: =K1756-P1756 -> 0 | R1756: =IFERROR(IF(O1756="May",(K1756/P1756-1))," ") -> 0 | S1756: =IF(N1756>0,IF(O1756="","-",IF(R1756<0%,"DEGROWTH","GROWTH"))) -> GROWTH | T1756: 0 | U1756: =IF(F1756<=$V$2,"May","") -> May | V1756: =T1756 -> 0 | W1756: =K1756-V1756 -> 25 | X1756: =IFERROR(IF(U1756="June",(K1756/V1756-1)),0) -> 0 | Y1756: =IF(T1756>0,IF(U1756="","-",IF(X1756<0%,"DEGROWTH","GROWTH"))) -> FALSE | AG1756: =IFERROR(INDEX(Last6M_AvgSales_Ref!$B$2:$B$12659,MATCH(D1756,Last6M_AvgSales_Ref!$A$2:$A$12659,0)),"")
... A1766: NE 1 | B1766: JORHAT | C1766: NEA579 | D1766: 1000004802 | E1766: MS AMBIKA HARDWARE | F1766: 46201 | I1766: 0 | J1766: =I1766/$J$1*($J$1-$E$1) -> 0 | K1766: 25 | L1766: =I1766-K1766 -> -25 | M1766: =IFERROR((K1766/J1766%),"-") -> - | N1766: 15 | O1766: =IF(F1766<=$P$2,"June","") -> June | P1766: =N1766 -> 15 | Q1766: =K1766-P1766 -> 10 | R1766: =IFERROR(IF(O1766="May",(K1766/P1766-1))," ") -> 0 | S1766: =IF(N1766>0,IF(O1766="","-",IF(R1766<0%,"DEGROWTH","GROWTH"))) -> GROWTH | T1766: 0 | U1766: =IF(F1766<=$V$2,"May","") -> May | V1766: =T1766 -> 0 | W1766: =K1766-V1766 -> 25 | X1766: =IFERROR(IF(U1766="June",(K1766/V1766-1)),0) -> 0 | Y1766: =IF(T1766>0,IF(U1766="","-",IF(X1766<0%,"DEGROWTH","GROWTH"))) -> FALSE | AG1766: =IFERROR(INDEX(Last6M_AvgSales_Ref!$B$2:$B$12659,MATCH(D1766,Last6M_AvgSales_Ref!$A$2:$A$12659,0)),"")

Sheet DLRWISE
E1: 0 | F1: =TODAY()-2 -> 46272 | I1: 46022 | J1: 31 | K1: =SUBTOTAL(9,K3:K1762) -> 348655.45 | N1: =SUBTOTAL(9,N3:N1762) -> 356748.95 | P1: =SUBTOTAL(9,P3:P1762) -> 356748.95 | T1: =SUBTOTAL(9,T3:T1762) -> 332843.3 | V1: =SUBTOTAL(9,V3:V1762) -> 332843.3
A2: REGION | B2: AREA | C2: CODE | D2: SAP | E2: DEALERS NAME | F2: DOA | G2: Targeted Dealer | H2: EXCLUSIVE DEALER | I2: Jan'25 Tgt | J2: Prorata Tgt | K2: 46053 | L2: Shortfall | M2: Prorata Achv % | N2: Dec'25 SALE | O2: Dec 25 DEALER | P2: 46022 | Q2: VARIENCE | R2: GROWTH % | S2: Jan-26 Vs Dec-25 | T2: Jan-25 SALE | U2: Jan-25 Dealer | V2: 45688 | W2: LYSM VARIENCE | X2: LYSM GROWTH % | Y2: =EDATE(K2,-12) -> 45688 | Z2: ZERO | AA2: REGION | AB2: REGION
A3: NE 1 | B3: NAGAON | C3: B014 | D3: 1000000638 | E3: BANIK HARDWARE | F3: 38384 | G3: =IF(I3>0,"Targeted Dealer","-") -> Targeted Dealer | I3: 100 | J3: =I3/$J$1*($J$1-$E$1) -> 100 | K3: 70 | L3: =I3-K3 -> 30 | M3: =IFERROR((K3/J3%),"-") -> 70 | N3: 85 | O3: =IF(F3<=$P$2,"DEC","") -> DEC | P3: 85 | Q3: =K3-P3 -> -15 | R3: =IFERROR(IF(O3="Dec",(K3/P3-1))," ") -> -0.17647059 | S3: =IF(N3>0,IF(O3="","-",IF(R3<0%,"DEGROWTH","GROWTH"))) -> DEGROWTH | T3: 80 | U3: =IF(F3<=$V$2,"jAN","") -> jAN | V3: 80 | W3: =K3-V3 -> -10 | X3: =IFERROR(IF(U3="Jan",(K3/V3-1)),0) -> -0.125 | Y3: =IF(T3>0,IF(U3="","-",IF(X3<0%,"DEGROWTH","GROWTH"))) -> DEGROWTH | Z3: 0 | AB3: NE 1
A4: NE 1 | B4: HOJAI | C4: S019 | D4: 1000000671 | E4: SANDHYA HARDWARE STORES | F4: 38390 | G4: =IF(I4>0,"Targeted Dealer","-") -> Targeted Dealer | I4: 10 | J4: =I4/$J$1*($J$1-$E$1) -> 10 | K4: 10 | L4: =I4-K4 -> 0 | M4: =IFERROR((K4/J4%),"-") -> 100 | N4: 0 | O4: =IF(F4<=$P$2,"DEC","") -> DEC | P4: 0 | Q4: =K4-P4 -> 10 | R4: =IFERROR(IF(O4="Dec",(K4/P4-1))," ") | S4: =IF(N4>0,IF(O4="","-",IF(R4<0%,"DEGROWTH","GROWTH"))) -> FALSE | T4: 20 | U4: =IF(F4<=$V$2,"jAN","") -> jAN | V4: 20 | W4: =K4-V4 -> -10 | X4: =IFERROR(IF(U4="Jan",(K4/V4-1)),0) -> -0.5 | Y4: =IF(T4>0,IF(U4="","-",IF(X4<0%,"DEGROWTH","GROWTH"))) -> DEGROWTH | Z4: 0 | AB4: NE 1
A5: NE 1 | B5: HOJAI | C5: S078 | D5: 1000000673 | E5: SREE BHANDER (SP FIRM) | F5: 38490 | G5: =IF(I5>0,"Targeted Dealer","-") -> Targeted Dealer | I5: 2350 | J5: =I5/$J$1*($J$1-$E$1) -> 2350 | K5: 1763.5 | L5: =I5-K5 -> 586.5 | M5: =IFERROR((K5/J5%),"-") -> 75.042553 | N5: 1616 | O5: =IF(F5<=$P$2,"DEC","") -> DEC | P5: 1616 | Q5: =K5-P5 -> 147.5 | R5: =IFERROR(IF(O5="Dec",(K5/P5-1))," ") -> 0.091274752 | S5: =IF(N5>0,IF(O5="","-",IF(R5<0%,"DEGROWTH","GROWTH"))) -> GROWTH | T5: 2210 | U5: =IF(F5<=$V$2,"jAN","") -> jAN | V5: 2210 | W5: =K5-V5 -> -446.5 | X5: =IFERROR(IF(U5="Jan",(K5/V5-1)),0) -> -0.2020362 | Y5: =IF(T5>0,IF(U5="","-",IF(X5<0%,"DEGROWTH","GROWTH"))) -> DEGROWTH | Z5: 0 | AB5: NE 1
A6: NE 1 | B6: NAGAON | C6: S012 | D6: 1000000669 | E6: SAIKIA ENTERPRISE | F6: 39093 | G6: =IF(I6>0,"Targeted Dealer","-") -> Targeted Dealer | I6: 60 | J6: =I6/$J$1*($J$1-$E$1) -> 60 | K6: 13 | L6: =I6-K6 -> 47 | M6: =IFERROR((K6/J6%),"-") -> 21.666667 | N6: 47 | O6: =IF(F6<=$P$2,"DEC","") -> DEC | P6: 47 | Q6: =K6-P6 -> -34 | R6: =IFERROR(IF(O6="Dec",(K6/P6-1))," ") -> -0.72340426 | S6: =IF(N6>0,IF(O6="","-",IF(R6<0%,"DEGROWTH","GROWTH"))) -> DEGROWTH | T6: 13 | U6: =IF(F6<=$V$2,"jAN","") -> jAN | V6: 13 | W6: =K6-V6 -> 0 | X6: =IFERROR(IF(U6="Jan",(K6/V6-1)),0) -> 0 | Y6: =IF(T6>0,IF(U6="","-",IF(X6<0%,"DEGROWTH","GROWTH"))) -> GROWTH | Z6: 0 | AB6: NE 1
A7: NE 1 | B7: NAGAON | C7: S113 | D7: 1000000668 | E7: S.N.HARDWARE (NAGAON) | F7: 39257 | G7: =IF(I7>0,"Targeted Dealer","-") -> Targeted Dealer | I7: 30 | J7: =I7/$J$1*($J$1-$E$1) -> 30 | K7: 0 | L7: =I7-K7 -> 30 | M7: =IFERROR((K7/J7%),"-") -> 0 | N7: 13 | O7: =IF(F7<=$P$2,"DEC","") -> DEC | P7: 13 | Q7: =K7-P7 -> -13 | R7: =IFERROR(IF(O7="Dec",(K7/P7-1))," ") -> -1 | S7: =IF(N7>0,IF(O7="","-",IF(R7<0%,"DEGROWTH","GROWTH"))) -> DEGROWTH | T7: 26 | U7: =IF(F7<=$V$2,"jAN","") -> jAN | V7: 26 | W7: =K7-V7 -> -26 | X7: =IFERROR(IF(U7="Jan",(K7/V7-1)),0) -> -1 | Y7: =IF(T7>0,IF(U7="","-",IF(X7<0%,"DEGROWTH","GROWTH"))) -> DEGROWTH | Z7: 0 | AB7: NE 1
A8: NE 1 | B8: HOJAI | C8: R096 | D8: 1000000665 | E8: RAFIK HARDWARE | F8: 40672 | G8: =IF(I8>0,"Targeted Dealer","-") -> Targeted Dealer | I8: 350 | J8: =I8/$J$1*($J$1-$E$1) -> 350 | K8: 405 | L8: =I8-K8 -> -55 | M8: =IFERROR((K8/J8%),"-") -> 115.71429 | N8: 340 | O8: =IF(F8<=$P$2,"DEC","") -> DEC | P8: 340 | Q8: =K8-P8 -> 65 | R8: =IFERROR(IF(O8="Dec",(K8/P8-1))," ") -> 0.19117647 | S8: =IF(N8>0,IF(O8="","-",IF(R8<0%,"DEGROWTH","GROWTH"))) -> GROWTH | T8: 340 | U8: =IF(F8<=$V$2,"jAN","") -> jAN | V8: 340 | W8: =K8-V8 -> 65 | X8: =IFERROR(IF(U8="Jan",(K8/V8-1)),0) -> 0.19117647 | Y8: =IF(T8>0,IF(U8="","-",IF(X8<0%,"DEGROWTH","GROWTH"))) -> GROWTH | Z8: 0 | AB8: NE 1
A9: NE 1 | B9: NAGAON | C9: M238 | D9: 1000000653 | E9: MAA HARDWARE (NAGAON) | F9: 41186 | G9: =IF(I9>0,"Targeted Dealer","-") -> Targeted Dealer | I9: 125 | J9: =I9/$J$1*($J$1-$E$1) -> 125 | K9: 60 | L9: =I9-K9 -> 65 | M9: =IFERROR((K9/J9%),"-") -> 48 | N9: 20 | O9: =IF(F9<=$P$2,"DEC","") -> DEC | P9: 20 | Q9: =K9-P9 -> 40 | R9: =IFERROR(IF(O9="Dec",(K9/P9-1))," ") -> 2 | S9: =IF(N9>0,IF(O9="","-",IF(R9<0%,"DEGROWTH","GROWTH"))) -> GROWTH | T9: 130 | U9: =IF(F9<=$V$2,"jAN","") -> jAN | V9: 130 | W9: =K9-V9 -> -70 | X9: =IFERROR(IF(U9="Jan",(K9/V9-1)),0) -> -0.53846154 | Y9: =IF(T9>0,IF(U9="","-",IF(X9<0%,"DEGROWTH","GROWTH"))) -> DEGROWTH | Z9: 0 | AB9: NE 1
A10: NE 1 | B10: HOJAI | C10: A162 | D10: 1000000634 | E10: ALAM AGRO INDUSTRY | F10: 41397 | G10: =IF(I10>0,"Targeted Dealer","-") -> Targeted Dealer | I10: 140 | J10: =I10/$J$1*($J$1-$E$1) -> 140 | K10: 160 | L10: =I10-K10 -> -20 | M10: =IFERROR((K10/J10%),"-") -> 114.28571 | N10: 120 | O10: =IF(F10<=$P$2,"DEC","") -> DEC | P10: 120 | Q10: =K10-P10 -> 40 | R10: =IFERROR(IF(O10="Dec",(K10/P10-1))," ") -> 0.33333333 | S10: =IF(N10>0,IF(O10="","-",IF(R10<0%,"DEGROWTH","GROWTH"))) -> GROWTH | T10: 120 | U10: =IF(F10<=$V$2,"jAN","") -> jAN | V10: 120 | W10: =K10-V10 -> 40 | X10: =IFERROR(IF(U10="Jan",(K10/V10-1)),0) -> 0.33333333 | Y10: =IF(T10>0,IF(U10="","-",IF(X10<0%,"DEGROWTH","GROWTH"))) -> GROWTH | Z10: 0 | AB10: NE 1
A11: NE 1 | B11: HOJAI | C11: NEM008 | D11: 1000000654 | E11: MAA MANASA HARDWARE (HOJAI) | F11: 41791 | G11: =IF(I11>0,"Targeted Dealer","-") -> Targeted Dealer | I11: 140 | J11: =I11/$J$1*($J$1-$E$1) -> 140 | K11: 105 | L11: =I11-K11 -> 35 | M11: =IFERROR((K11/J11%),"-") -> 75 | N11: 130 | O11: =IF(F11<=$P$2,"DEC","") -> DEC | P11: 130 | Q11: =K11-P11 -> -25 | R11: =IFERROR(IF(O11="Dec",(K11/P11-1))," ") -> -0.19230769 | S11: =IF(N11>0,IF(O11="","-",IF(R11<0%,"DEGROWTH","GROWTH"))) -> DEGROWTH | T11: 227 | U11: =IF(F11<=$V$2,"jAN","") -> jAN | V11: 227 | W11: =K11-V11 -> -122 | X11: =IFERROR(IF(U11="Jan",(K11/V11-1)),0) -> -0.53744493 | Y11: =IF(T11>0,IF(U11="","-",IF(X11<0%,"DEGROWTH","GROWTH"))) -> DEGROWTH | Z11: 0 | AB11: NE 1
A12: NE 1 | B12: NAGAON | C12: NEM025 | D12: 1000000655 | E12: MAHABIR HARDWARE (DOOM DOOMIA) | F12: 41927 | G12: =IF(I12>0,"Targeted Dealer","-") -> Targeted Dealer | I12: 60 | J12: =I12/$J$1*($J$1-$E$1) -> 60 | K12: 20 | L12: =I12-K12 -> 40 | M12: =IFERROR((K12/J12%),"-") -> 33.333333 | N12: 20 | O12: =IF(F12<=$P$2,"DEC","") -> DEC | P12: 20 | Q12: =K12-P12 -> 0 | R12: =IFERROR(IF(O12="Dec",(K12/P12-1))," ") -> 0 | S12: =IF(N12>0,IF(O12="","-",IF(R12<0%,"DEGROWTH","GROWTH"))) -> GROWTH | T12: 0 | U12: =IF(F12<=$V$2,"jAN","") -> jAN | V12: 0 | W12: =K12-V12 -> 20 | X12: =IFERROR(IF(U12="Jan",(K12/V12-1)),0) -> 0 | Y12: =IF(T12>0,IF(U12="","-",IF(X12<0%,"DEGROWTH","GROWTH"))) -> FALSE | Z12: 0 | AB12: NE 1
A13: NE 1 | B13: NAGAON | C13: NED018 | D13: 1000000642 | E13: DEBRATHA ENTERPRISE | F13: 41990 | G13: =IF(I13>0,"Targeted Dealer","-") -> - | I13: 0 | J13: =I13/$J$1*($J$1-$E$1) -> 0 | K13: 0 | L13: =I13-K13 -> 0 | M13: =IFERROR((K13/J13%),"-") -> - | N13: 0 | O13: =IF(F13<=$P$2,"DEC","") -> DEC | P13: 0 | Q13: =K13-P13 -> 0 | R13: =IFERROR(IF(O13="Dec",(K13/P13-1))," ") | S13: =IF(N13>0,IF(O13="","-",IF(R13<0%,"DEGROWTH","GROWTH"))) -> FALSE | T13: 24 | U13: =IF(F13<=$V$2,"jAN","") -> jAN | V13: 24 | W13: =K13-V13 -> -24 | X13: =IFERROR(IF(U13="Jan",(K13/V13-1)),0) -> -1 | Y13: =IF(T13>0,IF(U13="","-",IF(X13<0%,"DEGROWTH","GROWTH"))) -> DEGROWTH | Z13: 1 | AB13: NE 1
A14: NE 1 | B14: HOJAI | C14: NEA028 | D14: 1000000633 | E14: A. HAQUE HARDWARE | F14: 42048 | G14: =IF(I14>0,"Targeted Dealer","-") -> Targeted Dealer | I14: 170 | J14: =I14/$J$1*($J$1-$E$1) -> 170 | K14: 198 | L14: =I14-K14 -> -28 | M14: =IFERROR((K14/J14%),"-") -> 116.47059 | N14: 155 | O14: =IF(F14<=$P$2,"DEC","") -> DEC | P14: 155 | Q14: =K14-P14 -> 43 | R14: =IFERROR(IF(O14="Dec",(K14/P14-1))," ") -> 0.27741935 | S14: =IF(N14>0,IF(O14="","-",IF(R14<0%,"DEGROWTH","GROWTH"))) -> GROWTH | T14: 163 | U14: =IF(F14<=$V$2,"jAN","") -> jAN | V14: 163 | W14: =K14-V14 -> 35 | X14: =IFERROR(IF(U14="Jan",(K14/V14-1)),0) -> 0.21472393 | Y14: =IF(T14>0,IF(U14="","-",IF(X14<0%,"DEGROWTH","GROWTH"))) -> GROWTH | Z14: 0 | AB14: NE 1
... A1385: NE 1 | B1385: MANIPUR | C1385: T053 | D1385: 1000000580 | E1385: THANGJING HARDWARE | F1385: 44738 | G1385: =IF(I1385>0,"Targeted Dealer","-") -> Targeted Dealer | I1385: 55 | J1385: =I1385/$J$1*($J$1-$E$1) -> 55 | K1385: 313 | L1385: =I1385-K1385 -> -258 | M1385: =IFERROR((K1385/J1385%),"-") -> 569.09091 | N1385: 80 | O1385: =IF(F1385<=$P$2,"DEC","") -> DEC | P1385: 80 | Q1385: =K1385-P1385 -> 233 | R1385: =IFERROR(IF(O1385="Dec",(K1385/P1385-1))," ") -> 2.9125 | S1385: =IF(N1385>0,IF(O1385="","-",IF(R1385<0%,"DEGROWTH","GROWTH"))) -> GROWTH | T1385: 55 | U1385: =IF(F1385<=$V$2,"jAN","") -> jAN | V1385: 55 | W1385: =K1385-V1385 -> 258 | X1385: =IFERROR(IF(U1385="Jan",(K1385/V1385-1)),0) -> 4.6909091 | Y1385: =IF(T1385>0,IF(U1385="","-",IF(X1385<0%,"DEGROWTH","GROWTH"))) -> GROWTH | Z1385: 1 | AB1385: NE 1
A1386: NE 1 | B1386: TEZPUR | C1386: NER348 | D1386: 1000004227 | E1386: R M HARDWARE | F1386: 28.01.2025 | G1386: =IF(I1386>0,"Targeted Dealer","-") -> Targeted Dealer | I1386: 80 | J1386: =I1386/$J$1*($J$1-$E$1) -> 80 | K1386: 116 | L1386: =I1386-K1386 -> -36 | M1386: =IFERROR((K1386/J1386%),"-") -> 145 | N1386: 102 | O1386: =IF(F1386<=$P$2,"DEC","") | P1386: 102 | Q1386: =K1386-P1386 -> 14 | R1386: =IFERROR(IF(O1386="Dec",(K1386/P1386-1))," ") -> 0 | S1386: =IF(N1386>0,IF(O1386="","-",IF(R1386<0%,"DEGROWTH","GROWTH"))) -> - | T1386: 8 | U1386: =IF(F1386<=$V$2,"jAN","") | V1386: 8 | W1386: =K1386-V1386 -> 108 | X1386: =IFERROR(IF(U1386="Jan",(K1386/V1386-1)),0) -> 0 | Y1386: =IF(T1386>0,IF(U1386="","-",IF(X1386<0%,"DEGROWTH","GROWTH"))) -> - | Z1386: 0 | AB1386: NE 1
A1387: BH | B1387: KATIHAR | C1387: BHS261 | D1387: 1000004242 | E1387: SAGAR KHAD BEEJ BHANDAR | F1387: 45686 | G1387: =IF(I1387>0,"Targeted Dealer","-") -> Targeted Dealer | I1387: 25 | J1387: =I1387/$J$1*($J$1-$E$1) -> 25 | K1387: 30 | L1387: =I1387-K1387 -> -5 | M1387: =IFERROR((K1387/J1387%),"-") -> 120 | N1387: 25 | O1387: =IF(F1387<=$P$2,"DEC","") -> DEC | P1387: 25 | Q1387: =K1387-P1387 -> 5 | R1387: =IFERROR(IF(O1387="Dec",(K1387/P1387-1))," ") -> 0.2 | S1387: =IF(N1387>0,IF(O1387="","-",IF(R1387<0%,"DEGROWTH","GROWTH"))) -> GROWTH | T1387: 30 | U1387: =IF(F1387<=$V$2,"jAN","") -> jAN | V1387: 30 | W1387: =K1387-V1387 -> 0 | X1387: =IFERROR(IF(U1387="Jan",(K1387/V1387-1)),0) -> 0 | Y1387: =IF(T1387>0,IF(U1387="","-",IF(X1387<0%,"DEGROWTH","GROWTH"))) -> GROWTH | Z1387: 0 | AB1387: BH
A1388: NE 2 | B1388: CACHAR | C1388: NES777 | D1388: 1000004230 | E1388: SUMITA TRADERS | F1388: 45685 | G1388: =IF(I1388>0,"Targeted Dealer","-") -> Targeted Dealer | I1388: 75 | J1388: =I1388/$J$1*($J$1-$E$1) -> 75 | K1388: 18.5 | L1388: =I1388-K1388 -> 56.5 | M1388: =IFERROR((K1388/J1388%),"-") -> 24.666667 | N1388: 0 | O1388: =IF(F1388<=$P$2,"DEC","") -> DEC | P1388: 0 | Q1388: =K1388-P1388 -> 18.5 | R1388: =IFERROR(IF(O1388="Dec",(K1388/P1388-1))," ") | S1388: =IF(N1388>0,IF(O1388="","-",IF(R1388<0%,"DEGROWTH","GROWTH"))) -> FALSE | T1388: 0 | U1388: =IF(F1388<=$V$2,"jAN","") -> jAN | V1388: 0 | W1388: =K1388-V1388 -> 18.5 | X1388: =IFERROR(IF(U1388="Jan",(K1388/V1388-1)),0) -> 0 | Y1388: =IF(T1388>0,IF(U1388="","-",IF(X1388<0%,"DEGROWTH","GROWTH"))) -> FALSE | Z1388: 1 | AB1388: NE 2
A1389: NE 2 | B1389: KARIMGANJ | C1389: NEA488 | D1389: 1000004262 | E1389: A & A ENTERPRISE | F1389: 45689 | G1389: =IF(I1389>0,"Targeted Dealer","-") -> Targeted Dealer | I1389: 30 | J1389: =I1389/$J$1*($J$1-$E$1) -> 30 | K1389: 15 | L1389: =I1389-K1389 -> 15 | M1389: =IFERROR((K1389/J1389%),"-") -> 50 | N1389: 9 | O1389: =IF(F1389<=$P$2,"DEC","") -> DEC | P1389: 9 | Q1389: =K1389-P1389 -> 6 | R1389: =IFERROR(IF(O1389="Dec",(K1389/P1389-1))," ") -> 0.66666667 | S1389: =IF(N1389>0,IF(O1389="","-",IF(R1389<0%,"DEGROWTH","GROWTH"))) -> GROWTH | T1389: 0 | U1389: =IF(F1389<=$V$2,"jAN","") | V1389: 0 | W1389: =K1389-V1389 -> 15 | X1389: =IFERROR(IF(U1389="Jan",(K1389/V1389-1)),0) -> 0 | Y1389: =IF(T1389>0,IF(U1389="","-",IF(X1389<0%,"DEGROWTH","GROWTH"))) -> FALSE | Z1389: 0 | AB1389: NE 2
A1390: NE 1 | B1390: MANIPUR | C1390: NEP309 | D1390: 1000004224 | E1390: PK AGENCY | F1390: 45684 | G1390: =IF(I1390>0,"Targeted Dealer","-") -> Targeted Dealer | I1390: 155 | J1390: =I1390/$J$1*($J$1-$E$1) -> 155 | K1390: 28 | L1390: =I1390-K1390 -> 127 | M1390: =IFERROR((K1390/J1390%),"-") -> 18.064516 | N1390: 217 | O1390: =IF(F1390<=$P$2,"DEC","") -> DEC | P1390: 217 | Q1390: =K1390-P1390 -> -189 | R1390: =IFERROR(IF(O1390="Dec",(K1390/P1390-1))," ") -> -0.87096774 | S1390: =IF(N1390>0,IF(O1390="","-",IF(R1390<0%,"DEGROWTH","GROWTH"))) -> DEGROWTH | T1390: 0 | U1390: =IF(F1390<=$V$2,"jAN","") -> jAN | V1390: 0 | W1390: =K1390-V1390 -> 28 | X1390: =IFERROR(IF(U1390="Jan",(K1390/V1390-1)),0) -> 0 | Y1390: =IF(T1390>0,IF(U1390="","-",IF(X1390<0%,"DEGROWTH","GROWTH"))) -> FALSE | Z1390: 0 | AB1390: NE 1
